"","family","_date","sales"
"1","SEAFOOD",2015-07-29,5.712
"2","SEAFOOD",2015-01-03,69.622
"3","SEAFOOD",2015-09-05,33.56
"4","SEAFOOD",2015-08-04,30.763
"5","SEAFOOD",2015-04-09,102.01
"6","SEAFOOD",2015-07-15,33.109
"7","SEAFOOD",2015-06-13,17
"8","SEAFOOD",2015-02-18,3
"9","SEAFOOD",2015-01-07,47.781002
"10","SEAFOOD",2015-05-28,133.888
"11","SEAFOOD",2015-05-25,22.619
"12","SEAFOOD",2015-02-11,1
"13","SEAFOOD",2015-08-14,38.575
"14","SEAFOOD",2015-06-08,86.554
"15","SEAFOOD",2015-04-28,1
"16","SEAFOOD",2015-05-15,152.096
"17","SEAFOOD",2015-09-12,30.447
"18","SEAFOOD",2015-05-14,86.997
"19","SEAFOOD",2015-01-20,37.975
"20","SEAFOOD",2015-04-17,47.841
"21","SEAFOOD",2015-04-15,18.868
"22","SEAFOOD",2015-04-03,46.227
"23","SEAFOOD",2015-03-13,47.123
"24","SEAFOOD",2015-07-15,25.636
"25","SEAFOOD",2015-08-27,8.531
"26","SEAFOOD",2015-03-08,99.65
"27","SEAFOOD",2015-05-31,79.023
"28","SEAFOOD",2015-04-26,18.639
"29","SEAFOOD",2015-08-03,79.514
"30","SEAFOOD",2015-07-22,51.709
"31","SEAFOOD",2015-05-21,38.591
"32","SEAFOOD",2015-04-26,80.513
"33","SEAFOOD",2015-08-18,1
"34","SEAFOOD",2015-01-18,34.545
"35","SEAFOOD",2015-03-29,11.702
"36","SEAFOOD",2015-02-14,21.686
"37","SEAFOOD",2015-04-05,17.144001
"38","SEAFOOD",2015-08-22,30.835999
"39","SEAFOOD",2015-02-10,1
"40","SEAFOOD",2015-08-15,25.507
"41","SEAFOOD",2015-01-04,27.619
"42","SEAFOOD",2015-02-26,41.732998
"43","SEAFOOD",2015-02-10,92.647
"44","SEAFOOD",2015-07-06,36.941
"45","SEAFOOD",2015-06-03,7
"46","SEAFOOD",2015-07-27,102.763
"47","SEAFOOD",2015-03-25,3
"48","SEAFOOD",2015-02-06,64.749
"49","SEAFOOD",2015-08-13,82.46
"50","SEAFOOD",2015-04-11,9
"51","SEAFOOD",2015-08-10,42.905
"52","SEAFOOD",2015-09-08,48.662
"53","SEAFOOD",2015-05-07,59.907
"54","SEAFOOD",2015-01-25,17.698
"55","SEAFOOD",2015-01-18,122.888
"56","SEAFOOD",2015-03-31,30.167
"57","SEAFOOD",2015-04-21,29.246
"58","SEAFOOD",2015-04-04,29
"59","SEAFOOD",2015-01-22,5
"60","SEAFOOD",2015-01-31,69.867
"61","SEAFOOD",2015-08-05,37.556
"62","SEAFOOD",2015-08-23,54.252003
"63","SEAFOOD",2015-03-11,40.841
"64","SEAFOOD",2015-02-06,0
"65","SEAFOOD",2015-04-24,2
"66","SEAFOOD",2015-04-22,21.244
"67","SEAFOOD",2015-03-04,4
"68","SEAFOOD",2015-06-03,16.264
"69","SEAFOOD",2015-01-16,147.469
"70","SEAFOOD",2015-06-13,37.442
"71","SEAFOOD",2015-03-20,68.887
"72","SEAFOOD",2015-07-13,30.138
"73","SEAFOOD",2015-06-01,37.324
"74","SEAFOOD",2015-05-21,49.373
"75","SEAFOOD",2015-03-01,29.199001
"76","SEAFOOD",2015-01-08,52.364998
"77","SEAFOOD",2015-05-03,23.142
"78","SEAFOOD",2015-09-07,22.534
"79","SEAFOOD",2015-08-12,19.158
"80","SEAFOOD",2015-02-12,57.204
"81","SEAFOOD",2015-03-18,49.232
"82","SEAFOOD",2015-01-31,194.39099
"83","SEAFOOD",2015-04-07,4.026
"84","SEAFOOD",2015-09-15,137.201
"85","SEAFOOD",2015-08-13,1
"86","SEAFOOD",2015-04-25,7.979
"87","SEAFOOD",2015-01-21,13
"88","SEAFOOD",2015-07-22,22.121
"89","SEAFOOD",2015-09-15,11
"90","SEAFOOD",2015-01-04,32.614
"91","SEAFOOD",2015-05-04,1
"92","SEAFOOD",2015-09-07,43.708
"93","SEAFOOD",2015-08-18,16.446
"94","SEAFOOD",2015-02-25,19.749
"95","SEAFOOD",2015-03-15,57.925
"96","SEAFOOD",2015-07-28,63.844
"97","SEAFOOD",2015-02-15,49.697
"98","SEAFOOD",2015-06-04,43.648003
"99","SEAFOOD",2015-04-06,36.672
"100","SEAFOOD",2015-01-12,12.65
"101","SEAFOOD",2015-01-14,30.586
"102","SEAFOOD",2015-08-23,8.988
"103","SEAFOOD",2015-06-14,19.728
"104","SEAFOOD",2015-01-04,66.987
"105","SEAFOOD",2015-04-16,51.656002
"106","SEAFOOD",2015-08-09,55.937
"107","SEAFOOD",2015-06-09,43.827
"108","SEAFOOD",2015-02-22,75.521996
"109","SEAFOOD",2015-03-09,45.416
"110","SEAFOOD",2015-05-08,13.371
"111","SEAFOOD",2015-02-10,29.257
"112","SEAFOOD",2015-02-07,149.668
"113","SEAFOOD",2015-02-14,26.203999
"114","SEAFOOD",2015-03-18,7.59
"115","SEAFOOD",2015-08-10,16.935001
"116","SEAFOOD",2015-06-22,8
"117","SEAFOOD",2015-07-23,22.204
"118","SEAFOOD",2015-03-23,55.245
"119","SEAFOOD",2015-04-30,74.631
"120","SEAFOOD",2015-02-17,35.282
"121","SEAFOOD",2015-08-06,3
"122","SEAFOOD",2015-06-08,21.286999
"123","SEAFOOD",2015-02-05,76.079
"124","SEAFOOD",2015-08-07,15.843
"125","SEAFOOD",2015-01-21,88.808
"126","SEAFOOD",2015-02-03,33.148
"127","SEAFOOD",2015-05-11,52.485
"128","SEAFOOD",2015-09-04,33.402
"129","SEAFOOD",2015-07-14,110.089005
"130","SEAFOOD",2015-06-05,49.065998
"131","SEAFOOD",2015-05-04,16.517
"132","SEAFOOD",2015-06-15,37.051003
"133","SEAFOOD",2015-02-26,9.158
"134","SEAFOOD",2015-06-12,72.89
"135","SEAFOOD",2015-06-07,3
"136","SEAFOOD",2015-04-01,32.529
"137","SEAFOOD",2015-05-11,29.446
"138","SEAFOOD",2015-01-08,35.249
"139","SEAFOOD",2015-08-31,49.043
"140","SEAFOOD",2015-03-08,75.786
"141","SEAFOOD",2015-06-06,40.852
"142","SEAFOOD",2015-07-23,10
"143","SEAFOOD",2015-03-01,69.147
"144","SEAFOOD",2015-01-14,2
"145","SEAFOOD",2015-02-02,35.35
"146","SEAFOOD",2015-09-11,55.852
"147","SEAFOOD",2015-08-06,16.39
"148","SEAFOOD",2015-04-16,16
"149","SEAFOOD",2015-08-12,27.374
"150","SEAFOOD",2015-07-29,13
"151","SEAFOOD",2015-03-07,97.807
"152","SEAFOOD",2015-08-19,94.562004
"153","SEAFOOD",2015-03-03,117.743004
"154","SEAFOOD",2015-06-06,18
"155","SEAFOOD",2015-07-12,32.746002
"156","SEAFOOD",2015-05-13,20
"157","SEAFOOD",2015-02-17,32.487
"158","SEAFOOD",2015-03-05,45.447998
"159","SEAFOOD",2015-02-05,134.714
"160","SEAFOOD",2015-01-02,33.503
"161","SEAFOOD",2015-05-15,38.402
"162","SEAFOOD",2015-06-24,11
"163","SEAFOOD",2015-04-26,44.272
"164","SEAFOOD",2015-01-24,39.991
"165","SEAFOOD",2015-03-02,35.756
"166","SEAFOOD",2015-04-04,19.572
"167","SEAFOOD",2015-09-08,9.3
"168","SEAFOOD",2015-05-20,26.078
"169","SEAFOOD",2015-07-28,30.173
"170","SEAFOOD",2015-04-23,51.816
"171","SEAFOOD",2015-07-31,35.538
"172","SEAFOOD",2015-02-14,25.557
"173","SEAFOOD",2015-08-09,31.050999
"174","SEAFOOD",2015-05-22,150.992
"175","SEAFOOD",2015-01-03,61.798
"176","SEAFOOD",2015-05-06,26.374
"177","SEAFOOD",2015-07-05,6
"178","SEAFOOD",2015-07-23,43.06
"179","SEAFOOD",2015-08-14,2
"180","SEAFOOD",2015-01-21,42.197
"181","SEAFOOD",2015-03-21,24.676
"182","SEAFOOD",2015-02-15,12.271
"183","SEAFOOD",2015-08-23,17.471
"184","SEAFOOD",2015-05-09,49.004
"185","SEAFOOD",2015-05-01,81.874
"186","SEAFOOD",2015-03-05,29.285
"187","SEAFOOD",2015-07-28,11.307
"188","SEAFOOD",2015-03-30,110.148
"189","SEAFOOD",2015-09-11,29.201
"190","SEAFOOD",2015-05-19,22.319
"191","SEAFOOD",2015-03-17,66.042
"192","SEAFOOD",2015-08-18,37.964
"193","SEAFOOD",2015-09-07,10.433001
"194","SEAFOOD",2015-04-05,54.37
"195","SEAFOOD",2015-04-15,42.472
"196","SEAFOOD",2015-07-18,14.823
"197","SEAFOOD",2015-05-24,33.260002
"198","SEAFOOD",2015-08-28,51.267998
"199","SEAFOOD",2015-08-26,10.781
"200","SEAFOOD",2015-01-02,106.586
"201","SEAFOOD",2015-07-07,33.931
"202","SEAFOOD",2015-08-30,53.225998
"203","SEAFOOD",2015-04-01,6
"204","SEAFOOD",2015-08-25,2
"205","SEAFOOD",2015-03-30,43.399002
"206","SEAFOOD",2015-06-18,4
"207","SEAFOOD",2015-09-06,77.548996
"208","SEAFOOD",2015-05-02,34
"209","SEAFOOD",2015-06-20,47.119
"210","SEAFOOD",2015-04-28,42.116
"211","SEAFOOD",2015-01-06,30.581
"212","SEAFOOD",2015-06-04,126.382
"213","SEAFOOD",2015-08-24,90.494
"214","SEAFOOD",2015-06-29,57.59
"215","SEAFOOD",2015-09-09,22.265
"216","SEAFOOD",2015-02-10,22.818
"217","SEAFOOD",2015-01-09,49.696
"218","SEAFOOD",2015-01-24,9
"219","SEAFOOD",2015-02-12,19.588
"220","SEAFOOD",2015-02-06,35.02
"221","SEAFOOD",2015-02-05,46.996
"222","SEAFOOD",2015-04-30,68.773
"223","SEAFOOD",2015-05-07,164.356
"224","SEAFOOD",2015-09-03,11.965
"225","SEAFOOD",2015-06-12,0
"226","SEAFOOD",2015-04-16,78.388
"227","SEAFOOD",2015-06-19,54.123
"228","SEAFOOD",2015-07-15,17.296999
"229","SEAFOOD",2015-01-17,163.695
"230","SEAFOOD",2015-04-09,32.023
"231","SEAFOOD",2015-05-30,88.112
"232","SEAFOOD",2015-03-13,80.825
"233","SEAFOOD",2015-04-03,52.875
"234","SEAFOOD",2015-08-10,31.429
"235","SEAFOOD",2015-05-20,19
"236","SEAFOOD",2015-03-27,107.661
"237","SEAFOOD",2015-06-05,36.316
"238","SEAFOOD",2015-09-06,4
"239","SEAFOOD",2015-01-07,90.895004
"240","SEAFOOD",2015-07-12,29.164
"241","SEAFOOD",2015-05-23,9
"242","SEAFOOD",2015-01-13,65.764
"243","SEAFOOD",2015-01-22,45.213
"244","SEAFOOD",2015-03-07,35.719
"245","SEAFOOD",2015-06-05,60.91
"246","SEAFOOD",2015-02-19,75.626
"247","SEAFOOD",2015-06-14,62.197998
"248","SEAFOOD",2015-01-09,23.538
"249","SEAFOOD",2015-06-11,0
"250","SEAFOOD",2015-06-26,143.183
"251","SEAFOOD",2015-06-16,7
"252","SEAFOOD",2015-01-08,71.88
"253","SEAFOOD",2015-02-22,27.164
"254","SEAFOOD",2015-07-16,73.096
"255","SEAFOOD",2015-08-24,45.488
"256","SEAFOOD",2015-01-01,19.319
"257","SEAFOOD",2015-08-01,59.554
"258","SEAFOOD",2015-03-20,81.891
"259","SEAFOOD",2015-01-30,76.612
"260","SEAFOOD",2015-06-21,3
"261","SEAFOOD",2015-01-14,12
"262","SEAFOOD",2015-02-26,0
"263","SEAFOOD",2015-06-02,36.482002
"264","SEAFOOD",2015-01-09,113.095
"265","SEAFOOD",2015-03-27,29.108
"266","SEAFOOD",2015-03-23,15.8
"267","SEAFOOD",2015-09-09,26.386
"268","SEAFOOD",2015-07-30,41.075
"269","SEAFOOD",2015-07-28,55.943
"270","SEAFOOD",2015-03-06,71.798996
"271","SEAFOOD",2015-07-26,84.507996
"272","SEAFOOD",2015-09-11,1
"273","SEAFOOD",2015-06-21,24
"274","SEAFOOD",2015-02-22,26.456
"275","SEAFOOD",2015-06-20,54.636
"276","SEAFOOD",2015-05-01,3
"277","SEAFOOD",2015-03-03,39.012
"278","SEAFOOD",2015-04-28,102.326996
"279","SEAFOOD",2015-04-11,66.756
"280","SEAFOOD",2015-03-06,137.406
"281","SEAFOOD",2015-03-03,32.924
"282","SEAFOOD",2015-09-14,26.212
"283","SEAFOOD",2015-04-04,8.944
"284","SEAFOOD",2015-06-28,110.11
"285","SEAFOOD",2015-04-27,64.463
"286","SEAFOOD",2015-01-15,13.43
"287","SEAFOOD",2015-02-12,40.864002
"288","SEAFOOD",2015-03-23,42.073997
"289","SEAFOOD",2015-05-18,34.477
"290","SEAFOOD",2015-01-13,13.01
"291","SEAFOOD",2015-03-20,67.062996
"292","SEAFOOD",2015-08-16,18.104
"293","SEAFOOD",2015-02-24,26.799
"294","SEAFOOD",2015-08-20,84.82
"295","SEAFOOD",2015-01-22,3
"296","SEAFOOD",2015-02-01,35.8
"297","SEAFOOD",2015-06-21,22.77
"298","SEAFOOD",2015-05-12,119.357
"299","SEAFOOD",2015-07-27,24.243
"300","SEAFOOD",2015-02-20,31.221
"301","SEAFOOD",2015-01-02,18
"302","SEAFOOD",2015-08-20,10.159
"303","SEAFOOD",2015-01-20,5
"304","SEAFOOD",2015-05-17,32.213
"305","SEAFOOD",2015-03-31,45.099
"306","SEAFOOD",2015-08-12,16.228
"307","SEAFOOD",2015-03-11,11
"308","SEAFOOD",2015-01-20,59.046
"309","SEAFOOD",2015-03-13,12
"310","SEAFOOD",2015-02-22,9.712
"311","SEAFOOD",2015-05-06,22.41
"312","SEAFOOD",2015-03-25,21.939
"313","SEAFOOD",2015-04-09,40.18
"314","SEAFOOD",2015-06-17,51.223
"315","SEAFOOD",2015-03-02,30
"316","SEAFOOD",2015-03-21,64.718
"317","SEAFOOD",2015-06-29,19
"318","SEAFOOD",2015-05-19,37.634
"319","SEAFOOD",2015-04-29,46.055
"320","SEAFOOD",2015-04-10,5
"321","SEAFOOD",2015-08-26,36.809998
"322","SEAFOOD",2015-03-01,31.147
"323","SEAFOOD",2015-01-04,136.54399
"324","SEAFOOD",2015-04-18,10
"325","SEAFOOD",2015-01-01,23
"326","SEAFOOD",2015-01-07,14.262
"327","SEAFOOD",2015-01-29,90.852
"328","SEAFOOD",2015-08-19,48.454998
"329","SEAFOOD",2015-08-20,29.655
"330","SEAFOOD",2015-09-15,34.812
"331","SEAFOOD",2015-07-04,16
"332","SEAFOOD",2015-07-19,33.009003
"333","SEAFOOD",2015-08-20,18.199
"334","SEAFOOD",2015-01-20,43.525
"335","SEAFOOD",2015-03-12,65.201996
"336","SEAFOOD",2015-02-13,44.238
"337","SEAFOOD",2015-03-12,79.13
"338","SEAFOOD",2015-05-24,14.205999
"339","SEAFOOD",2015-05-07,58.986
"340","SEAFOOD",2015-09-09,8
"341","SEAFOOD",2015-09-14,25.168001
"342","SEAFOOD",2015-01-28,15.113
"343","SEAFOOD",2015-04-16,38.88
"344","SEAFOOD",2015-01-24,14.305
"345","SEAFOOD",2015-06-01,41.501
"346","SEAFOOD",2015-04-27,96.612
"347","SEAFOOD",2015-08-19,24.047
"348","SEAFOOD",2015-05-16,15.209
"349","SEAFOOD",2015-05-15,91.135
"350","SEAFOOD",2015-04-05,84.33
"351","SEAFOOD",2015-03-07,21
"352","SEAFOOD",2015-06-22,39.603
"353","SEAFOOD",2015-05-24,8
"354","SEAFOOD",2015-02-10,4
"355","SEAFOOD",2015-06-23,77.687996
"356","SEAFOOD",2015-05-26,29.449001
"357","SEAFOOD",2015-09-10,100.107
"358","SEAFOOD",2015-05-13,21.843
"359","SEAFOOD",2015-01-24,50.161
"360","SEAFOOD",2015-07-26,22.183
"361","SEAFOOD",2015-08-26,28.795
"362","SEAFOOD",2015-03-11,27.594
"363","SEAFOOD",2015-01-09,26
"364","SEAFOOD",2015-02-10,55.639
"365","SEAFOOD",2015-05-07,86.273
"366","SEAFOOD",2015-01-20,2
"367","SEAFOOD",2015-04-30,3
"368","SEAFOOD",2015-04-24,129.191
"369","SEAFOOD",2015-07-09,0
"370","SEAFOOD",2015-03-03,13.181
"371","SEAFOOD",2015-05-07,84.534996
"372","SEAFOOD",2015-02-02,15
"373","SEAFOOD",2015-02-11,44.834
"374","SEAFOOD",2015-03-27,58.07
"375","SEAFOOD",2015-08-22,11.391
"376","SEAFOOD",2015-03-20,37.745
"377","SEAFOOD",2015-03-14,165.6
"378","SEAFOOD",2015-08-29,9.337
"379","SEAFOOD",2015-07-16,143.573
"380","SEAFOOD",2015-04-08,15.864
"381","SEAFOOD",2015-06-20,4
"382","SEAFOOD",2015-01-17,56.069
"383","SEAFOOD",2015-08-26,16.561
"384","SEAFOOD",2015-04-25,89.645
"385","SEAFOOD",2015-07-10,38.752
"386","SEAFOOD",2015-03-21,51.497
"387","SEAFOOD",2015-04-07,59.485
"388","SEAFOOD",2015-09-14,10
"389","SEAFOOD",2015-02-20,46.66
"390","SEAFOOD",2015-07-21,47.494
"391","SEAFOOD",2015-08-11,33.825
"392","SEAFOOD",2015-02-04,34.641
"393","SEAFOOD",2015-04-16,36.829998
"394","SEAFOOD",2015-07-07,37.032
"395","SEAFOOD",2015-09-15,43.815
"396","SEAFOOD",2015-08-21,54.954
"397","SEAFOOD",2015-04-25,19.987
"398","SEAFOOD",2015-02-28,19.733
"399","SEAFOOD",2015-08-12,47.077
"400","SEAFOOD",2015-05-06,101.549
"401","SEAFOOD",2015-03-29,13
"402","SEAFOOD",2015-01-28,20.654
"403","SEAFOOD",2015-04-16,71.779
"404","SEAFOOD",2015-08-21,15.967
"405","SEAFOOD",2015-01-29,59.731
"406","SEAFOOD",2015-05-09,49.654
"407","SEAFOOD",2015-03-17,5
"408","SEAFOOD",2015-03-28,49.621002
"409","SEAFOOD",2015-01-10,83.111
"410","SEAFOOD",2015-06-09,19.117
"411","SEAFOOD",2015-09-15,30.311
"412","SEAFOOD",2015-05-25,102.517
"413","SEAFOOD",2015-04-28,30.666
"414","SEAFOOD",2015-01-11,26.019
"415","SEAFOOD",2015-05-27,75.118004
"416","SEAFOOD",2015-05-31,6
"417","SEAFOOD",2015-03-08,54.455
"418","SEAFOOD",2015-04-08,29.076
"419","SEAFOOD",2015-06-27,67.378
"420","SEAFOOD",2015-08-20,36.811
"421","SEAFOOD",2015-09-03,70.848
"422","SEAFOOD",2015-05-13,18.619
"423","SEAFOOD",2015-04-11,47.696
"424","SEAFOOD",2015-04-11,52.9
"425","SEAFOOD",2015-02-07,20.968
"426","SEAFOOD",2015-05-25,66.721
"427","SEAFOOD",2015-06-01,11.425
"428","SEAFOOD",2015-04-07,41.818
"429","SEAFOOD",2015-03-27,33.65
"430","SEAFOOD",2015-08-22,54.61
"431","SEAFOOD",2015-03-15,6
"432","SEAFOOD",2015-07-16,23.186
"433","SEAFOOD",2015-07-30,160.4
"434","SEAFOOD",2015-07-01,32.716
"435","SEAFOOD",2015-06-19,50.201
"436","SEAFOOD",2015-04-09,50.679
"437","SEAFOOD",2015-06-15,22.913
"438","SEAFOOD",2015-06-02,90.147
"439","SEAFOOD",2015-08-01,27.74
"440","SEAFOOD",2015-05-03,51.833
"441","SEAFOOD",2015-06-29,38.532
"442","SEAFOOD",2015-03-24,73.635
"443","SEAFOOD",2015-05-02,16.838
"444","SEAFOOD",2015-07-10,37.27
"445","SEAFOOD",2015-01-08,13
"446","SEAFOOD",2015-05-28,26.039
"447","SEAFOOD",2015-08-06,22.768
"448","SEAFOOD",2015-09-07,65.523
"449","SEAFOOD",2015-07-21,7
"450","SEAFOOD",2015-05-23,37.572
"451","SEAFOOD",2015-03-23,6
"452","SEAFOOD",2015-01-31,80.373
"453","SEAFOOD",2015-04-27,43.737
"454","SEAFOOD",2015-08-08,54.170002
"455","SEAFOOD",2015-02-13,36.026
"456","SEAFOOD",2015-09-12,17.81
"457","SEAFOOD",2015-03-03,8
"458","SEAFOOD",2015-06-09,9
"459","SEAFOOD",2015-05-19,8
"460","SEAFOOD",2015-09-11,85.036
"461","SEAFOOD",2015-06-28,43.256
"462","SEAFOOD",2015-05-03,2
"463","SEAFOOD",2015-07-21,32.743
"464","SEAFOOD",2015-06-26,30.715
"465","SEAFOOD",2015-01-29,86.554
"466","SEAFOOD",2015-03-21,13
"467","SEAFOOD",2015-03-14,99.589005
"468","SEAFOOD",2015-07-13,43.41
"469","SEAFOOD",2015-03-09,37.228
"470","SEAFOOD",2015-08-11,33.026
"471","SEAFOOD",2015-07-08,80.015
"472","SEAFOOD",2015-02-07,43.85
"473","SEAFOOD",2015-02-04,2
"474","SEAFOOD",2015-06-19,73.597
"475","SEAFOOD",2015-08-06,53.725
"476","SEAFOOD",2015-05-25,12
"477","SEAFOOD",2015-08-13,40.966
"478","SEAFOOD",2015-07-29,49.743
"479","SEAFOOD",2015-07-22,13.298
"480","SEAFOOD",2015-03-17,36.921
"481","SEAFOOD",2015-04-05,9.54
"482","SEAFOOD",2015-04-24,42.253002
"483","SEAFOOD",2015-06-02,23.949
"484","SEAFOOD",2015-08-12,16.798
"485","SEAFOOD",2015-07-15,3
"486","SEAFOOD",2015-02-03,62.084
"487","SEAFOOD",2015-03-01,43.164
"488","SEAFOOD",2015-07-01,12
"489","SEAFOOD",2015-07-31,58.15
"490","SEAFOOD",2015-05-28,89.728004
"491","SEAFOOD",2015-06-23,25.694
"492","SEAFOOD",2015-01-23,9
"493","SEAFOOD",2015-08-16,21.712
"494","SEAFOOD",2015-08-20,149.575
"495","SEAFOOD",2015-04-17,69.865
"496","SEAFOOD",2015-05-02,50.655
"497","SEAFOOD",2015-01-11,33.66
"498","SEAFOOD",2015-06-12,56.82
"499","SEAFOOD",2015-06-18,14
"500","SEAFOOD",2015-03-21,72.47
"501","SEAFOOD",2015-03-30,25.263
"502","SEAFOOD",2015-03-31,125.27
"503","SEAFOOD",2015-02-01,60.127
"504","SEAFOOD",2015-06-26,33.191
"505","SEAFOOD",2015-08-17,22.602001
"506","SEAFOOD",2015-07-05,26.603
"507","SEAFOOD",2015-06-15,58.027
"508","SEAFOOD",2015-02-05,50.468
"509","SEAFOOD",2015-01-30,77.491
"510","SEAFOOD",2015-08-08,26.11
"511","SEAFOOD",2015-02-12,62.05
"512","SEAFOOD",2015-06-15,43.823
"513","SEAFOOD",2015-01-26,9
"514","SEAFOOD",2015-01-12,61.556
"515","SEAFOOD",2015-02-27,46.851997
"516","SEAFOOD",2015-05-01,15.416
"517","SEAFOOD",2015-07-24,33.09
"518","SEAFOOD",2015-06-25,0
"519","SEAFOOD",2015-06-01,24
"520","SEAFOOD",2015-03-26,173.29901
"521","SEAFOOD",2015-05-26,22.99
"522","SEAFOOD",2015-08-13,15.1
"523","SEAFOOD",2015-03-20,155.822
"524","SEAFOOD",2015-08-31,12.55
"525","SEAFOOD",2015-07-19,3
"526","SEAFOOD",2015-04-26,25.774
"527","SEAFOOD",2015-01-23,79.178
"528","SEAFOOD",2015-08-05,13.896
"529","SEAFOOD",2015-07-02,4
"530","SEAFOOD",2015-06-08,17.389
"531","SEAFOOD",2015-04-05,14
"532","SEAFOOD",2015-06-03,67.357
"533","SEAFOOD",2015-06-05,128.504
"534","SEAFOOD",2015-09-14,37.017002
"535","SEAFOOD",2015-08-02,42.793
"536","SEAFOOD",2015-08-09,20.443
"537","SEAFOOD",2015-02-15,4
"538","SEAFOOD",2015-09-01,141.26599
"539","SEAFOOD",2015-08-07,29.492
"540","SEAFOOD",2015-03-03,41.157
"541","SEAFOOD",2015-06-15,101.246
"542","SEAFOOD",2015-01-01,2
"543","SEAFOOD",2015-01-04,16
"544","SEAFOOD",2015-06-15,73.346
"545","SEAFOOD",2015-03-25,6
"546","SEAFOOD",2015-01-03,67.066
"547","SEAFOOD",2015-03-05,88.63
"548","SEAFOOD",2015-02-17,127.123
"549","SEAFOOD",2015-06-20,21.921
"550","SEAFOOD",2015-02-20,9.823
"551","SEAFOOD",2015-01-10,46.689
"552","SEAFOOD",2015-01-08,47.154
"553","SEAFOOD",2015-03-12,54.214
"554","SEAFOOD",2015-07-09,54.543
"555","SEAFOOD",2015-03-12,37.673
"556","SEAFOOD",2015-06-11,22.25
"557","SEAFOOD",2015-06-06,6.96
"558","SEAFOOD",2015-08-28,124.798004
"559","SEAFOOD",2015-07-31,44.391
"560","SEAFOOD",2015-01-11,70.951
"561","SEAFOOD",2015-07-08,58.165
"562","SEAFOOD",2015-06-16,42.026
"563","SEAFOOD",2015-07-03,154.897
"564","SEAFOOD",2015-04-11,55.315002
"565","SEAFOOD",2015-05-19,36.312
"566","SEAFOOD",2015-03-14,63.995003
"567","SEAFOOD",2015-04-08,29
"568","SEAFOOD",2015-02-12,29.383999
"569","SEAFOOD",2015-04-10,18
"570","SEAFOOD",2015-07-07,65.274
"571","SEAFOOD",2015-05-16,97.364
"572","SEAFOOD",2015-08-18,56.35
"573","SEAFOOD",2015-05-02,62.859
"574","SEAFOOD",2015-01-08,148.90201
"575","SEAFOOD",2015-07-25,71.337
"576","SEAFOOD",2015-05-08,31.951
"577","SEAFOOD",2015-01-12,13
"578","SEAFOOD",2015-01-14,25.893
"579","SEAFOOD",2015-05-25,7
"580","SEAFOOD",2015-06-04,69.226
"581","SEAFOOD",2015-08-25,31.882
"582","SEAFOOD",2015-03-11,15.936
"583","SEAFOOD",2015-02-15,6
"584","SEAFOOD",2015-02-03,14.411
"585","SEAFOOD",2015-09-09,64.533
"586","SEAFOOD",2015-06-02,2
"587","SEAFOOD",2015-01-05,24.442
"588","SEAFOOD",2015-09-09,40.742
"589","SEAFOOD",2015-03-28,82.345
"590","SEAFOOD",2015-01-17,70.229996
"591","SEAFOOD",2015-01-13,39.943
"592","SEAFOOD",2015-08-31,67.291
"593","SEAFOOD",2015-02-10,53.028
"594","SEAFOOD",2015-08-17,38.945
"595","SEAFOOD",2015-07-01,99.764
"596","SEAFOOD",2015-07-17,85.445
"597","SEAFOOD",2015-08-18,17.124
"598","SEAFOOD",2015-07-29,86.176
"599","SEAFOOD",2015-02-05,84.661
"600","SEAFOOD",2015-02-10,14.775
"601","SEAFOOD",2015-08-20,2
"602","SEAFOOD",2015-09-14,32.997
"603","SEAFOOD",2015-02-18,16.44
"604","SEAFOOD",2015-03-29,26.51
"605","SEAFOOD",2015-05-08,44.983
"606","SEAFOOD",2015-06-13,5
"607","SEAFOOD",2015-07-13,27.407
"608","SEAFOOD",2015-07-10,73.922
"609","SEAFOOD",2015-09-04,49.991
"610","SEAFOOD",2015-08-17,41.137
"611","SEAFOOD",2015-06-13,65.621
"612","SEAFOOD",2015-02-21,61.232002
"613","SEAFOOD",2015-02-06,7
"614","SEAFOOD",2015-08-29,8.73
"615","SEAFOOD",2015-06-16,4
"616","SEAFOOD",2015-05-20,20.41
"617","SEAFOOD",2015-09-01,24.719
"618","SEAFOOD",2015-03-06,16.306
"619","SEAFOOD",2015-06-22,29.313
"620","SEAFOOD",2015-06-02,56.399
"621","SEAFOOD",2015-09-12,64.121
"622","SEAFOOD",2015-01-12,47.846
"623","SEAFOOD",2015-08-11,6
"624","SEAFOOD",2015-04-12,27.16
"625","SEAFOOD",2015-05-13,60.022
"626","SEAFOOD",2015-09-13,48.498
"627","SEAFOOD",2015-05-29,28.736
"628","SEAFOOD",2015-07-02,48.176
"629","SEAFOOD",2015-09-07,76.438
"630","SEAFOOD",2015-01-02,37.672
"631","SEAFOOD",2015-04-06,3
"632","SEAFOOD",2015-09-05,168.382
"633","SEAFOOD",2015-05-09,12.101
"634","SEAFOOD",2015-03-05,7
"635","SEAFOOD",2015-05-06,35.347
"636","SEAFOOD",2015-06-27,47.653
"637","SEAFOOD",2015-01-24,73.23
"638","SEAFOOD",2015-02-18,18.258
"639","SEAFOOD",2015-04-18,22.359001
"640","SEAFOOD",2015-06-07,27.638
"641","SEAFOOD",2015-03-15,16.522
"642","SEAFOOD",2015-07-27,30.802
"643","SEAFOOD",2015-01-27,73.889
"644","SEAFOOD",2015-02-18,20.634
"645","SEAFOOD",2015-02-21,67.287
"646","SEAFOOD",2015-01-27,5
"647","SEAFOOD",2015-06-03,36.592
"648","SEAFOOD",2015-08-01,20.083
"649","SEAFOOD",2015-07-12,30.04
"650","SEAFOOD",2015-03-26,68.309
"651","SEAFOOD",2015-05-05,23.839
"652","SEAFOOD",2015-02-11,41.471
"653","SEAFOOD",2015-06-27,72.351
"654","SEAFOOD",2015-04-15,36.03
"655","SEAFOOD",2015-04-23,41.654
"656","SEAFOOD",2015-03-08,3
"657","SEAFOOD",2015-04-23,44.856
"658","SEAFOOD",2015-01-05,53.952
"659","SEAFOOD",2015-09-13,2
"660","SEAFOOD",2015-01-20,60.493
"661","SEAFOOD",2015-07-30,70.873
"662","SEAFOOD",2015-07-06,63.96
"663","SEAFOOD",2015-05-18,2
"664","SEAFOOD",2015-06-20,53.358
"665","SEAFOOD",2015-06-10,7.664
"666","SEAFOOD",2015-01-22,44.131
"667","SEAFOOD",2015-02-07,8
"668","SEAFOOD",2015-03-25,64.037
"669","SEAFOOD",2015-03-04,141.217
"670","SEAFOOD",2015-08-19,21.078
"671","SEAFOOD",2015-01-10,10.306
"672","SEAFOOD",2015-02-20,33.302998
"673","SEAFOOD",2015-01-31,21
"674","SEAFOOD",2015-02-13,73.397
"675","SEAFOOD",2015-05-20,48.461002
"676","SEAFOOD",2015-03-25,26.904
"677","SEAFOOD",2015-03-06,38.61
"678","SEAFOOD",2015-03-10,69.513
"679","SEAFOOD",2015-01-15,69.443
"680","SEAFOOD",2015-06-23,33.573
"681","SEAFOOD",2015-08-26,15.835
"682","SEAFOOD",2015-06-18,20.936
"683","SEAFOOD",2015-07-25,9
"684","SEAFOOD",2015-06-17,4
"685","SEAFOOD",2015-06-18,95.342
"686","SEAFOOD",2015-08-22,7
"687","SEAFOOD",2015-06-25,189.519
"688","SEAFOOD",2015-08-30,60.614
"689","SEAFOOD",2015-03-21,133.533
"690","SEAFOOD",2015-07-11,34.017998
"691","SEAFOOD",2015-07-27,28.688
"692","SEAFOOD",2015-01-10,3
"693","SEAFOOD",2015-03-13,9.16
"694","SEAFOOD",2015-06-05,65.779
"695","SEAFOOD",2015-05-18,89.441
"696","SEAFOOD",2015-05-30,41
"697","SEAFOOD",2015-05-21,167.64099
"698","SEAFOOD",2015-02-12,48.464
"699","SEAFOOD",2015-07-13,7
"700","SEAFOOD",2015-02-28,77.51
"701","SEAFOOD",2015-05-01,57.784
"702","SEAFOOD",2015-03-20,4
"703","SEAFOOD",2015-07-16,39.719
"704","SEAFOOD",2015-04-16,38.744
"705","SEAFOOD",2015-01-11,9
"706","SEAFOOD",2015-02-28,103.872
"707","SEAFOOD",2015-09-06,32.835
"708","SEAFOOD",2015-05-18,33.967
"709","SEAFOOD",2015-03-27,40.575
"710","SEAFOOD",2015-01-17,29.254
"711","SEAFOOD",2015-04-04,49.893
"712","SEAFOOD",2015-01-15,54.811
"713","SEAFOOD",2015-07-01,28.63
"714","SEAFOOD",2015-04-23,1
"715","SEAFOOD",2015-04-29,20.113
"716","SEAFOOD",2015-04-06,19
"717","SEAFOOD",2015-08-27,41.889
"718","SEAFOOD",2015-01-22,77.623
"719","SEAFOOD",2015-01-16,41.624
"720","SEAFOOD",2015-02-25,41.381
"721","SEAFOOD",2015-07-03,26.25
"722","SEAFOOD",2015-04-26,107.231
"723","SEAFOOD",2015-04-30,174.447
"724","SEAFOOD",2015-05-21,2
"725","SEAFOOD",2015-06-28,31.914
"726","SEAFOOD",2015-01-24,15.557
"727","SEAFOOD",2015-03-02,73.212
"728","SEAFOOD",2015-05-17,18.887001
"729","SEAFOOD",2015-01-07,31.317999
"730","SEAFOOD",2015-09-02,4
"731","SEAFOOD",2015-07-18,170.539
"732","SEAFOOD",2015-02-15,49.941
"733","SEAFOOD",2015-04-06,50.102
"734","SEAFOOD",2015-01-13,85.398
"735","SEAFOOD",2015-05-02,14.88
"736","SEAFOOD",2015-08-12,29.891
"737","SEAFOOD",2015-06-12,23.738
"738","SEAFOOD",2015-05-05,33.774
"739","SEAFOOD",2015-03-30,26
"740","SEAFOOD",2015-02-17,11.321
"741","SEAFOOD",2015-04-02,21.542
"742","SEAFOOD",2015-03-26,72.270004
"743","SEAFOOD",2015-07-14,46.920998
"744","SEAFOOD",2015-07-24,49.432
"745","SEAFOOD",2015-06-20,135.711
"746","SEAFOOD",2015-07-30,30.439001
"747","SEAFOOD",2015-01-30,21
"748","SEAFOOD",2015-07-20,34.641
"749","SEAFOOD",2015-01-06,33.103
"750","SEAFOOD",2015-03-08,25.573
"751","SEAFOOD",2015-08-04,12.09
"752","SEAFOOD",2015-08-31,18.507
"753","SEAFOOD",2015-04-26,47.561
"754","SEAFOOD",2015-08-04,39.736
"755","SEAFOOD",2015-04-22,85.895004
"756","SEAFOOD",2015-04-27,9
"757","SEAFOOD",2015-05-15,2
"758","SEAFOOD",2015-02-17,18.709
"759","SEAFOOD",2015-01-16,44.018
"760","SEAFOOD",2015-08-28,31.772999
"761","SEAFOOD",2015-05-29,7
"762","SEAFOOD",2015-05-18,20.829
"763","SEAFOOD",2015-03-13,43.159
"764","SEAFOOD",2015-06-29,3
"765","SEAFOOD",2015-03-06,15
"766","SEAFOOD",2015-07-07,55.08
"767","SEAFOOD",2015-01-18,24.952
"768","SEAFOOD",2015-03-15,35.477
"769","SEAFOOD",2015-07-31,29.329
"770","SEAFOOD",2015-08-15,136.338
"771","SEAFOOD",2015-01-03,29.922
"772","SEAFOOD",2015-03-31,18
"773","SEAFOOD",2015-05-27,3
"774","SEAFOOD",2015-03-03,77.118
"775","SEAFOOD",2015-06-09,72.104004
"776","SEAFOOD",2015-02-04,13.788
"777","SEAFOOD",2015-01-13,8
"778","SEAFOOD",2015-01-20,130.561
"779","SEAFOOD",2015-06-11,50.159
"780","SEAFOOD",2015-02-08,55.345
"781","SEAFOOD",2015-05-03,32.549
"782","SEAFOOD",2015-01-14,52.738
"783","SEAFOOD",2015-07-17,22.237
"784","SEAFOOD",2015-08-29,61.842
"785","SEAFOOD",2015-02-07,34.005
"786","SEAFOOD",2015-01-28,30.762
"787","SEAFOOD",2015-07-30,68.028
"788","SEAFOOD",2015-03-24,38.984
"789","SEAFOOD",2015-05-15,14.155
"790","SEAFOOD",2015-04-04,65.686
"791","SEAFOOD",2015-09-02,18.675
"792","SEAFOOD",2015-08-07,11.04
"793","SEAFOOD",2015-06-02,34.845
"794","SEAFOOD",2015-08-03,47.819
"795","SEAFOOD",2015-05-24,59.683
"796","SEAFOOD",2015-09-10,9.064
"797","SEAFOOD",2015-02-12,11
"798","SEAFOOD",2015-02-11,69.922
"799","SEAFOOD",2015-02-08,25.743
"800","SEAFOOD",2015-09-05,76.108
"801","SEAFOOD",2015-06-04,71.481
"802","SEAFOOD",2015-03-01,25.882
"803","SEAFOOD",2015-08-16,33.384003
"804","SEAFOOD",2015-05-21,92.667
"805","SEAFOOD",2015-07-05,18.707
"806","SEAFOOD",2015-04-09,17
"807","SEAFOOD",2015-05-31,109.871
"808","SEAFOOD",2015-08-23,40.555
"809","SEAFOOD",2015-08-15,15.666
"810","SEAFOOD",2015-08-02,5
"811","SEAFOOD",2015-08-29,58.03
"812","SEAFOOD",2015-07-28,2
"813","SEAFOOD",2015-04-30,51.581
"814","SEAFOOD",2015-08-04,29.781
"815","SEAFOOD",2015-01-11,19.963
"816","SEAFOOD",2015-08-28,18.396
"817","SEAFOOD",2015-02-09,33.985
"818","SEAFOOD",2015-02-19,14.257999
"819","SEAFOOD",2015-07-17,52.55
"820","SEAFOOD",2015-05-02,74.736
"821","SEAFOOD",2015-01-25,3
"822","SEAFOOD",2015-02-22,3
"823","SEAFOOD",2015-03-15,29.846
"824","SEAFOOD",2015-08-06,53.138
"825","SEAFOOD",2015-06-13,14.1119995
"826","SEAFOOD",2015-06-09,43.466
"827","SEAFOOD",2015-01-19,104.35
"828","SEAFOOD",2015-06-08,29.166
"829","SEAFOOD",2015-07-06,28.765
"830","SEAFOOD",2015-03-09,49.228
"831","SEAFOOD",2015-07-06,36.774
"832","SEAFOOD",2015-03-03,0
"833","SEAFOOD",2015-05-27,46.191
"834","SEAFOOD",2015-03-23,8
"835","SEAFOOD",2015-05-04,21.808
"836","SEAFOOD",2015-08-01,66.107
"837","SEAFOOD",2015-03-11,107.398
"838","SEAFOOD",2015-01-25,57.081
"839","SEAFOOD",2015-08-23,5.8380003
"840","SEAFOOD",2015-07-26,14
"841","SEAFOOD",2015-01-03,189.963
"842","SEAFOOD",2015-03-19,53.111
"843","SEAFOOD",2015-01-18,70.507
"844","SEAFOOD",2015-02-19,27.85
"845","SEAFOOD",2015-02-27,13
"846","SEAFOOD",2015-01-30,80.497
"847","SEAFOOD",2015-05-31,53.167
"848","SEAFOOD",2015-08-19,27.323
"849","SEAFOOD",2015-07-11,122.82
"850","SEAFOOD",2015-05-09,56.866
"851","SEAFOOD",2015-03-30,29.191
"852","SEAFOOD",2015-08-10,32.282
"853","SEAFOOD",2015-08-15,8.562
"854","SEAFOOD",2015-04-20,4
"855","SEAFOOD",2015-05-29,27
"856","SEAFOOD",2015-01-16,34.718002
"857","SEAFOOD",2015-04-02,37.657
"858","SEAFOOD",2015-06-08,28.325
"859","SEAFOOD",2015-08-25,29.691
"860","SEAFOOD",2015-05-16,20.380001
"861","SEAFOOD",2015-06-17,27.284
"862","SEAFOOD",2015-01-21,55.489
"863","SEAFOOD",2015-03-05,45.97
"864","SEAFOOD",2015-02-27,91.385
"865","SEAFOOD",2015-03-22,35.168
"866","SEAFOOD",2015-06-07,34.821
"867","SEAFOOD",2015-05-31,36.398
"868","SEAFOOD",2015-04-11,79.376
"869","SEAFOOD",2015-01-23,28.364
"870","SEAFOOD",2015-08-21,91.721
"871","SEAFOOD",2015-03-17,130.54001
"872","SEAFOOD",2015-03-18,25.03
"873","SEAFOOD",2015-06-01,30.244999
"874","SEAFOOD",2015-08-17,2
"875","SEAFOOD",2015-07-27,26.838
"876","SEAFOOD",2015-02-01,117.542
"877","SEAFOOD",2015-01-29,12.657
"878","SEAFOOD",2015-07-29,26.104
"879","SEAFOOD",2015-09-09,24.843
"880","SEAFOOD",2015-04-14,44.457
"881","SEAFOOD",2015-05-24,31.033
"882","SEAFOOD",2015-02-06,53.627
"883","SEAFOOD",2015-08-05,21.671
"884","SEAFOOD",2015-06-01,41.585
"885","SEAFOOD",2015-07-15,106.437004
"886","SEAFOOD",2015-08-18,22.4
"887","SEAFOOD",2015-08-18,6.738
"888","SEAFOOD",2015-03-16,5
"889","SEAFOOD",2015-08-15,35.341
"890","SEAFOOD",2015-01-14,100.016
"891","SEAFOOD",2015-08-13,26.961
"892","SEAFOOD",2015-09-02,26.82
"893","SEAFOOD",2015-05-10,95.082
"894","SEAFOOD",2015-08-27,3
"895","SEAFOOD",2015-03-07,9
"896","SEAFOOD",2015-03-14,60.364002
"897","SEAFOOD",2015-04-28,48.562
"898","SEAFOOD",2015-04-23,51.412
"899","SEAFOOD",2015-04-06,15.205
"900","SEAFOOD",2015-02-01,62.271
"901","SEAFOOD",2015-07-30,12.361
"902","SEAFOOD",2015-07-07,26.615
"903","SEAFOOD",2015-06-26,8.219999
"904","SEAFOOD",2015-06-28,28.522
"905","SEAFOOD",2015-02-05,38.333
"906","SEAFOOD",2015-08-25,10.96
"907","SEAFOOD",2015-08-25,11.483
"908","SEAFOOD",2015-06-14,0
"909","SEAFOOD",2015-07-31,131.418
"910","SEAFOOD",2015-01-23,47.44
"911","SEAFOOD",2015-04-20,30.794
"912","SEAFOOD",2015-08-14,33.906998
"913","SEAFOOD",2015-04-10,144.403
"914","SEAFOOD",2015-06-26,32.392
"915","SEAFOOD",2015-03-27,6
"916","SEAFOOD",2015-02-25,78.901
"917","SEAFOOD",2015-05-16,67.393
"918","SEAFOOD",2015-08-03,27.075
"919","SEAFOOD",2015-03-28,28
"920","SEAFOOD",2015-08-06,105.391
"921","SEAFOOD",2015-03-19,50.994
"922","SEAFOOD",2015-04-11,14.717
"923","SEAFOOD",2015-08-08,19.862
"924","SEAFOOD",2015-04-27,18.305
"925","SEAFOOD",2015-01-19,23.853
"926","SEAFOOD",2015-02-08,5
"927","SEAFOOD",2015-08-21,3
"928","SEAFOOD",2015-08-22,49.343002
"929","SEAFOOD",2015-07-22,2
"930","SEAFOOD",2015-03-06,54.394
"931","SEAFOOD",2015-08-29,61.792
"932","SEAFOOD",2015-01-26,25.055
"933","SEAFOOD",2015-08-28,29.220999
"934","SEAFOOD",2015-05-18,13.746
"935","SEAFOOD",2015-06-17,36.431
"936","SEAFOOD",2015-08-14,145.52
"937","SEAFOOD",2015-05-14,32.601
"938","SEAFOOD",2015-04-04,69.53
"939","SEAFOOD",2015-02-26,73.48
"940","SEAFOOD",2015-07-24,5
"941","SEAFOOD",2015-01-25,25.251999
"942","SEAFOOD",2015-05-10,56.125
"943","SEAFOOD",2015-03-24,29.177
"944","SEAFOOD",2015-05-09,36.612
"945","SEAFOOD",2015-06-02,130.289
"946","SEAFOOD",2015-04-08,61.531998
"947","SEAFOOD",2015-01-05,40.905
"948","SEAFOOD",2015-05-13,29.553
"949","SEAFOOD",2015-03-25,84.659
"950","SEAFOOD",2015-01-05,0
"951","SEAFOOD",2015-02-06,119.698
"952","SEAFOOD",2015-04-15,15.233
"953","SEAFOOD",2015-03-16,36.889
"954","SEAFOOD",2015-01-13,33.375
"955","SEAFOOD",2015-02-04,19.927
"956","SEAFOOD",2015-07-19,10.399
"957","SEAFOOD",2015-01-21,19.947
"958","SEAFOOD",2015-06-19,46.503
"959","SEAFOOD",2015-04-29,35.633
"960","SEAFOOD",2015-05-22,4
"961","SEAFOOD",2015-01-21,23.034
"962","SEAFOOD",2015-06-29,26.044
"963","SEAFOOD",2015-07-26,3
"964","SEAFOOD",2015-07-11,6
"965","SEAFOOD",2015-05-31,20.362
"966","SEAFOOD",2015-08-04,46.534
"967","SEAFOOD",2015-05-05,32.009
"968","SEAFOOD",2015-04-12,100.291
"969","SEAFOOD",2015-03-09,6.7530003
"970","SEAFOOD",2015-01-31,58.145
"971","SEAFOOD",2015-06-14,46.32
"972","SEAFOOD",2015-05-03,12.169
"973","SEAFOOD",2015-03-20,42.598
"974","SEAFOOD",2015-06-16,34.203
"975","SEAFOOD",2015-08-10,31.383999
"976","SEAFOOD",2015-02-16,36.399
"977","SEAFOOD",2015-03-18,10
"978","SEAFOOD",2015-06-04,39.371
"979","SEAFOOD",2015-03-21,3
"980","SEAFOOD",2015-07-11,47.149
"981","SEAFOOD",2015-05-28,62.703
"982","SEAFOOD",2015-04-14,69.76
"983","SEAFOOD",2015-05-01,35.101
"984","SEAFOOD",2015-07-15,19.665
"985","SEAFOOD",2015-02-19,71.063995
"986","SEAFOOD",2015-05-22,43.871002
"987","SEAFOOD",2015-08-05,26.714
"988","SEAFOOD",2015-07-12,0
"989","SEAFOOD",2015-03-24,2
"990","SEAFOOD",2015-08-23,45.93
"991","SEAFOOD",2015-02-09,32.591
"992","SEAFOOD",2015-01-14,39.774
"993","SEAFOOD",2015-06-12,11
"994","SEAFOOD",2015-06-30,56.103
"995","SEAFOOD",2015-07-18,45.191
"996","SEAFOOD",2015-09-15,9.801001
"997","SEAFOOD",2015-02-24,1
"998","SEAFOOD",2015-01-17,60.339
"999","SEAFOOD",2015-03-12,148.204
"1000","SEAFOOD",2015-07-27,38.865
"1001","SEAFOOD",2015-03-26,52.475998
"1002","SEAFOOD",2015-08-09,114.616
"1003","SEAFOOD",2015-08-13,50.711
"1004","SEAFOOD",2015-03-19,89.388
"1005","SEAFOOD",2015-06-15,4
"1006","SEAFOOD",2015-05-03,35.539
"1007","SEAFOOD",2015-04-26,27.817
"1008","SEAFOOD",2015-08-30,23.18
"1009","SEAFOOD",2015-01-12,26.755
"1010","SEAFOOD",2015-07-14,62.97
"1011","SEAFOOD",2015-02-16,18.558
"1012","SEAFOOD",2015-03-24,23.959
"1013","SEAFOOD",2015-04-28,22.549
"1014","SEAFOOD",2015-08-15,63.662003
"1015","SEAFOOD",2015-02-18,60.420998
"1016","SEAFOOD",2015-04-04,121.359
"1017","SEAFOOD",2015-02-08,23.619
"1018","SEAFOOD",2015-06-11,44.408
"1019","SEAFOOD",2015-08-30,75.398
"1020","SEAFOOD",2015-09-13,79.6
"1021","SEAFOOD",2015-06-16,26.872
"1022","SEAFOOD",2015-09-03,45.296
"1023","SEAFOOD",2015-07-05,19.862999
"1024","SEAFOOD",2015-08-28,66.907
"1025","SEAFOOD",2015-09-01,17.82
"1026","SEAFOOD",2015-09-05,34.07
"1027","SEAFOOD",2015-01-25,41.331
"1028","SEAFOOD",2015-04-12,27.292
"1029","SEAFOOD",2015-07-10,130.804
"1030","SEAFOOD",2015-06-20,67.769
"1031","SEAFOOD",2015-05-22,2
"1032","SEAFOOD",2015-05-30,50.125
"1033","SEAFOOD",2015-06-24,14.833
"1034","SEAFOOD",2015-06-23,4
"1035","SEAFOOD",2015-03-31,48.894
"1036","SEAFOOD",2015-04-02,68.167
"1037","SEAFOOD",2015-07-02,54.937
"1038","SEAFOOD",2015-06-27,59.595
"1039","SEAFOOD",2015-03-19,81.878
"1040","SEAFOOD",2015-05-29,47.223
"1041","SEAFOOD",2015-06-10,46.283
"1042","SEAFOOD",2015-06-08,77.666
"1043","SEAFOOD",2015-09-13,29.708
"1044","SEAFOOD",2015-07-20,8
"1045","SEAFOOD",2015-04-02,4
"1046","SEAFOOD",2015-08-27,23.448
"1047","SEAFOOD",2015-07-19,36.578
"1048","SEAFOOD",2015-06-18,34.137
"1049","SEAFOOD",2015-05-15,23
"1050","SEAFOOD",2015-07-19,27.393
"1051","SEAFOOD",2015-02-11,12.502
"1052","SEAFOOD",2015-07-31,38.547
"1053","SEAFOOD",2015-05-06,32.781
"1054","SEAFOOD",2015-01-04,24.446
"1055","SEAFOOD",2015-02-07,12.516
"1056","SEAFOOD",2015-05-21,3
"1057","SEAFOOD",2015-06-03,34.798
"1058","SEAFOOD",2015-02-07,44.649002
"1059","SEAFOOD",2015-05-17,35.374
"1060","SEAFOOD",2015-05-05,3
"1061","SEAFOOD",2015-08-26,86.599
"1062","SEAFOOD",2015-04-12,3
"1063","SEAFOOD",2015-06-27,52.051
"1064","SEAFOOD",2015-09-04,16.167
"1065","SEAFOOD",2015-01-17,20
"1066","SEAFOOD",2015-09-13,41.674
"1067","SEAFOOD",2015-05-07,27.962
"1068","SEAFOOD",2015-02-07,4
"1069","SEAFOOD",2015-04-12,15.054
"1070","SEAFOOD",2015-08-15,54.727997
"1071","SEAFOOD",2015-07-02,13.646999
"1072","SEAFOOD",2015-07-17,130.813
"1073","SEAFOOD",2015-09-13,91.919
"1074","SEAFOOD",2015-02-25,16.087
"1075","SEAFOOD",2015-02-08,21.859
"1076","SEAFOOD",2015-08-25,42.745003
"1077","SEAFOOD",2015-01-12,25.886
"1078","SEAFOOD",2015-02-24,31.444
"1079","SEAFOOD",2015-02-18,44.087
"1080","SEAFOOD",2015-06-10,44.103
"1081","SEAFOOD",2015-01-02,4
"1082","SEAFOOD",2015-01-27,88.022
"1083","SEAFOOD",2015-04-21,114.32
"1084","SEAFOOD",2015-07-07,10.882999
"1085","SEAFOOD",2015-09-10,141.561
"1086","SEAFOOD",2015-07-01,25
"1087","SEAFOOD",2015-07-08,12
"1088","SEAFOOD",2015-07-19,82.508
"1089","SEAFOOD",2015-05-16,44
"1090","SEAFOOD",2015-04-04,60.95
"1091","SEAFOOD",2015-01-01,72.805
"1092","SEAFOOD",2015-06-22,111.434006
"1093","SEAFOOD",2015-05-15,34.889
"1094","SEAFOOD",2015-05-28,24.432001
"1095","SEAFOOD",2015-06-25,76.735
"1096","SEAFOOD",2015-08-07,29.678001
"1097","SEAFOOD",2015-09-05,90.049
"1098","SEAFOOD",2015-06-01,44.429
"1099","SEAFOOD",2015-07-25,144.176
"1100","SEAFOOD",2015-03-22,5
"1101","SEAFOOD",2015-07-28,31.825
"1102","SEAFOOD",2015-07-24,36.940998
"1103","SEAFOOD",2015-07-04,73.704
"1104","SEAFOOD",2015-05-30,5
"1105","SEAFOOD",2015-06-30,79.901
"1106","SEAFOOD",2015-08-09,49.188
"1107","SEAFOOD",2015-05-03,56.702
"1108","SEAFOOD",2015-04-22,14.844
"1109","SEAFOOD",2015-01-18,42.281998
"1110","SEAFOOD",2015-09-02,37.147
"1111","SEAFOOD",2015-09-15,90.724
"1112","SEAFOOD",2015-08-17,32.455
"1113","SEAFOOD",2015-07-18,12.846
"1114","SEAFOOD",2015-09-14,12.472
"1115","SEAFOOD",2015-05-28,80.199005
"1116","SEAFOOD",2015-06-30,13
"1117","SEAFOOD",2015-09-03,25.001999
"1118","SEAFOOD",2015-01-10,20
"1119","SEAFOOD",2015-04-01,75.844
"1120","SEAFOOD",2015-02-16,41.979
"1121","SEAFOOD",2015-02-14,0
"1122","SEAFOOD",2015-05-11,82.235
"1123","SEAFOOD",2015-08-10,4
"1124","SEAFOOD",2015-05-09,5
"1125","SEAFOOD",2015-09-11,56.916
"1126","SEAFOOD",2015-08-14,18.029
"1127","SEAFOOD",2015-07-16,56.162
"1128","SEAFOOD",2015-05-24,4
"1129","SEAFOOD",2015-08-05,33.18
"1130","SEAFOOD",2015-03-01,145.882
"1131","SEAFOOD",2015-02-22,29.498001
"1132","SEAFOOD",2015-05-19,26
"1133","SEAFOOD",2015-04-08,19.913
"1134","SEAFOOD",2015-03-23,13.269
"1135","SEAFOOD",2015-04-21,1
"1136","SEAFOOD",2015-03-14,18
"1137","SEAFOOD",2015-01-23,45.132
"1138","SEAFOOD",2015-01-10,29.595
"1139","SEAFOOD",2015-04-09,129.034
"1140","SEAFOOD",2015-01-25,92.749
"1141","SEAFOOD",2015-03-10,45.967
"1142","SEAFOOD",2015-04-19,23.443
"1143","SEAFOOD",2015-03-28,21.093
"1144","SEAFOOD",2015-05-30,49.767998
"1145","SEAFOOD",2015-03-01,1
"1146","SEAFOOD",2015-07-13,40.583
"1147","SEAFOOD",2015-05-08,132.682
"1148","SEAFOOD",2015-04-15,98.456
"1149","SEAFOOD",2015-04-27,42.412
"1150","SEAFOOD",2015-05-22,58.195
"1151","SEAFOOD",2015-03-15,126.184006
"1152","SEAFOOD",2015-05-19,36.041
"1153","SEAFOOD",2015-03-08,16
"1154","SEAFOOD",2015-09-13,21.417
"1155","SEAFOOD",2015-06-01,114.382
"1156","SEAFOOD",2015-05-16,181.096
"1157","SEAFOOD",2015-03-02,49.971
"1158","SEAFOOD",2015-03-13,10
"1159","SEAFOOD",2015-02-25,42.464
"1160","SEAFOOD",2015-04-14,109.267
"1161","SEAFOOD",2015-05-02,8
"1162","SEAFOOD",2015-04-21,21.159
"1163","SEAFOOD",2015-01-15,167.418
"1164","SEAFOOD",2015-04-10,11.423
"1165","SEAFOOD",2015-06-15,22.368
"1166","SEAFOOD",2015-06-11,35.702
"1167","SEAFOOD",2015-06-16,68.740005
"1168","SEAFOOD",2015-04-19,52.47
"1169","SEAFOOD",2015-08-20,97.078
"1170","SEAFOOD",2015-02-18,27.075
"1171","SEAFOOD",2015-02-05,53.15
"1172","SEAFOOD",2015-03-20,17.176
"1173","SEAFOOD",2015-03-19,39.260002
"1174","SEAFOOD",2015-02-22,27.369
"1175","SEAFOOD",2015-03-02,28.47
"1176","SEAFOOD",2015-05-20,38.872
"1177","SEAFOOD",2015-04-14,72.859
"1178","SEAFOOD",2015-03-10,15.338
"1179","SEAFOOD",2015-06-03,30.239
"1180","SEAFOOD",2015-08-01,11
"1181","SEAFOOD",2015-01-19,6
"1182","SEAFOOD",2015-03-22,18.144001
"1183","SEAFOOD",2015-06-24,47.79
"1184","SEAFOOD",2015-02-24,15
"1185","SEAFOOD",2015-07-24,11.682
"1186","SEAFOOD",2015-02-08,33.176003
"1187","SEAFOOD",2015-05-07,57.598
"1188","SEAFOOD",2015-09-07,44.02
"1189","SEAFOOD",2015-03-23,25.83
"1190","SEAFOOD",2015-01-14,10.22
"1191","SEAFOOD",2015-07-04,8
"1192","SEAFOOD",2015-05-25,16.776001
"1193","SEAFOOD",2015-06-03,29.036
"1194","SEAFOOD",2015-03-12,4
"1195","SEAFOOD",2015-07-09,23.319
"1196","SEAFOOD",2015-02-03,129.552
"1197","SEAFOOD",2015-07-18,37.704
"1198","SEAFOOD",2015-06-21,15.5
"1199","SEAFOOD",2015-03-06,2
"1200","SEAFOOD",2015-08-31,7
"1201","SEAFOOD",2015-01-12,26.495
"1202","SEAFOOD",2015-07-02,54.172
"1203","SEAFOOD",2015-01-06,61.166
"1204","SEAFOOD",2015-04-05,44.168
"1205","SEAFOOD",2015-05-13,18.794
"1206","SEAFOOD",2015-04-19,36.281
"1207","SEAFOOD",2015-03-27,88.625
"1208","SEAFOOD",2015-07-08,30.800999
"1209","SEAFOOD",2015-01-02,55.432
"1210","SEAFOOD",2015-03-03,54.055
"1211","SEAFOOD",2015-04-24,71.109
"1212","SEAFOOD",2015-02-14,3.288
"1213","SEAFOOD",2015-04-08,46.623
"1214","SEAFOOD",2015-03-23,118.728
"1215","SEAFOOD",2015-05-08,60.814
"1216","SEAFOOD",2015-04-10,42.530003
"1217","SEAFOOD",2015-08-24,33.574
"1218","SEAFOOD",2015-05-26,10
"1219","SEAFOOD",2015-01-29,60.05
"1220","SEAFOOD",2015-07-11,50.941
"1221","SEAFOOD",2015-01-06,57.189
"1222","SEAFOOD",2015-06-21,41.018
"1223","SEAFOOD",2015-07-08,24.414
"1224","SEAFOOD",2015-01-25,55.492
"1225","SEAFOOD",2015-07-26,37.671
"1226","SEAFOOD",2015-07-01,25.624
"1227","SEAFOOD",2015-01-13,119.797005
"1228","SEAFOOD",2015-08-19,28.339
"1229","SEAFOOD",2015-06-20,21
"1230","SEAFOOD",2015-02-21,15.074
"1231","SEAFOOD",2015-07-25,55.967
"1232","SEAFOOD",2015-09-03,160.953
"1233","SEAFOOD",2015-04-11,24
"1234","SEAFOOD",2015-03-28,61.707
"1235","SEAFOOD",2015-09-09,14.3
"1236","SEAFOOD",2015-04-06,54.048
"1237","SEAFOOD",2015-07-20,0
"1238","SEAFOOD",2015-08-24,36.412
"1239","SEAFOOD",2015-08-17,32.006
"1240","SEAFOOD",2015-08-21,6.646
"1241","SEAFOOD",2015-02-04,78.933
"1242","SEAFOOD",2015-08-21,23.241001
"1243","SEAFOOD",2015-02-14,75.741
"1244","SEAFOOD",2015-05-15,64.974
"1245","SEAFOOD",2015-09-08,32.964
"1246","SEAFOOD",2015-04-02,23.455
"1247","SEAFOOD",2015-02-22,8.141
"1248","SEAFOOD",2015-01-23,45.873
"1249","SEAFOOD",2015-08-02,12
"1250","SEAFOOD",2015-04-03,49.19
"1251","SEAFOOD",2015-03-02,59.025
"1252","SEAFOOD",2015-02-16,62.920998
"1253","SEAFOOD",2015-05-12,60.422
"1254","SEAFOOD",2015-08-22,125.874
"1255","SEAFOOD",2015-04-15,2
"1256","SEAFOOD",2015-05-23,57.709
"1257","SEAFOOD",2015-05-30,190.775
"1258","SEAFOOD",2015-06-19,6
"1259","SEAFOOD",2015-08-31,77.722
"1260","SEAFOOD",2015-04-22,33.042
"1261","SEAFOOD",2015-08-19,24.59
"1262","SEAFOOD",2015-04-13,30.256
"1263","SEAFOOD",2015-03-17,36.427002
"1264","SEAFOOD",2015-07-11,55.994
"1265","SEAFOOD",2015-02-24,68.168
"1266","SEAFOOD",2015-03-30,17.338
"1267","SEAFOOD",2015-03-08,16.754
"1268","SEAFOOD",2015-05-22,49.729
"1269","SEAFOOD",2015-06-27,8.817
"1270","SEAFOOD",2015-01-27,16.425999
"1271","SEAFOOD",2015-05-06,28.803001
"1272","SEAFOOD",2015-07-18,0
"1273","SEAFOOD",2015-09-08,8.726
"1274","SEAFOOD",2015-02-25,2
"1275","SEAFOOD",2015-04-26,0
"1276","SEAFOOD",2015-08-06,28.015
"1277","SEAFOOD",2015-08-06,47.464
"1278","SEAFOOD",2015-02-03,28.823002
"1279","SEAFOOD",2015-01-12,49.689
"1280","SEAFOOD",2015-08-05,17.348
"1281","SEAFOOD",2015-05-29,126.955
"1282","SEAFOOD",2015-09-10,5
"1283","SEAFOOD",2015-07-31,13.03
"1284","SEAFOOD",2015-02-08,73.253
"1285","SEAFOOD",2015-05-11,18.572
"1286","SEAFOOD",2015-08-31,8.792
"1287","SEAFOOD",2015-05-29,65.387
"1288","SEAFOOD",2015-01-05,11
"1289","SEAFOOD",2015-07-11,16.604
"1290","SEAFOOD",2015-02-04,25.492
"1291","SEAFOOD",2015-07-16,110.130005
"1292","SEAFOOD",2015-08-28,4
"1293","SEAFOOD",2015-03-22,38.100998
"1294","SEAFOOD",2015-05-18,41.754
"1295","SEAFOOD",2015-05-30,86.874
"1296","SEAFOOD",2015-07-22,72.43
"1297","SEAFOOD",2015-08-29,66.395996
"1298","SEAFOOD",2015-07-22,17
"1299","SEAFOOD",2015-05-02,70.826
"1300","SEAFOOD",2015-03-25,31.985
"1301","SEAFOOD",2015-05-30,34.065
"1302","SEAFOOD",2015-01-22,153.336
"1303","SEAFOOD",2015-06-11,39.917
"1304","SEAFOOD",2015-07-22,41.775
"1305","SEAFOOD",2015-01-10,71.199
"1306","SEAFOOD",2015-06-10,28.027
"1307","SEAFOOD",2015-02-11,47.37
"1308","SEAFOOD",2015-08-14,49.736
"1309","SEAFOOD",2015-05-24,50.929
"1310","SEAFOOD",2015-08-02,48.807
"1311","SEAFOOD",2015-08-04,39.494
"1312","SEAFOOD",2015-04-25,55.126
"1313","SEAFOOD",2015-07-21,45.61
"1314","SEAFOOD",2015-01-15,34.991
"1315","SEAFOOD",2015-02-20,38.508
"1316","SEAFOOD",2015-07-14,31.83
"1317","SEAFOOD",2015-01-14,22.449
"1318","SEAFOOD",2015-05-17,5
"1319","SEAFOOD",2015-07-04,54.148
"1320","SEAFOOD",2015-06-24,36.346
"1321","SEAFOOD",2015-01-20,34.989
"1322","SEAFOOD",2015-07-22,18.221
"1323","SEAFOOD",2015-04-10,40.864
"1324","SEAFOOD",2015-02-23,36.512
"1325","SEAFOOD",2015-09-11,35.105
"1326","SEAFOOD",2015-08-02,48.944
"1327","SEAFOOD",2015-09-12,69.658
"1328","SEAFOOD",2015-04-30,47.356
"1329","SEAFOOD",2015-07-05,25.545
"1330","SEAFOOD",2015-06-07,59.139
"1331","SEAFOOD",2015-02-04,27.529
"1332","SEAFOOD",2015-05-11,81.575
"1333","SEAFOOD",2015-04-21,74.193
"1334","SEAFOOD",2015-02-14,39.806
"1335","SEAFOOD",2015-03-20,9
"1336","SEAFOOD",2015-03-04,31.213001
"1337","SEAFOOD",2015-02-09,37.214
"1338","SEAFOOD",2015-01-02,15.673
"1339","SEAFOOD",2015-06-11,127.821
"1340","SEAFOOD",2015-09-01,29.842
"1341","SEAFOOD",2015-04-21,10
"1342","SEAFOOD",2015-06-30,47.564
"1343","SEAFOOD",2015-08-02,68.752
"1344","SEAFOOD",2015-01-06,3
"1345","SEAFOOD",2015-01-07,39.782
"1346","SEAFOOD",2015-06-02,36.423
"1347","SEAFOOD",2015-05-10,10.966
"1348","SEAFOOD",2015-03-22,36.214
"1349","SEAFOOD",2015-08-03,36.752
"1350","SEAFOOD",2015-01-19,35.846
"1351","SEAFOOD",2015-02-27,61.717
"1352","SEAFOOD",2015-04-20,12.169001
"1353","SEAFOOD",2015-03-11,23
"1354","SEAFOOD",2015-06-26,68.404
"1355","SEAFOOD",2015-01-06,111.312
"1356","SEAFOOD",2015-07-03,61.072998
"1357","SEAFOOD",2015-03-16,22.509
"1358","SEAFOOD",2015-03-15,42.621
"1359","SEAFOOD",2015-05-14,70.358
"1360","SEAFOOD",2015-09-12,21.126999
"1361","SEAFOOD",2015-04-14,14
"1362","SEAFOOD",2015-05-26,3
"1363","SEAFOOD",2015-04-27,21.418
"1364","SEAFOOD",2015-02-21,183.977
"1365","SEAFOOD",2015-07-16,0
"1366","SEAFOOD",2015-01-31,36.071
"1367","SEAFOOD",2015-07-09,49.647
"1368","SEAFOOD",2015-03-30,30.96
"1369","SEAFOOD",2015-01-22,66.707
"1370","SEAFOOD",2015-08-19,39.28
"1371","SEAFOOD",2015-05-18,22
"1372","SEAFOOD",2015-01-26,48.394
"1373","SEAFOOD",2015-03-11,69.227
"1374","SEAFOOD",2015-03-10,44.323
"1375","SEAFOOD",2015-08-08,21.34
"1376","SEAFOOD",2015-08-19,12.733
"1377","SEAFOOD",2015-05-06,58.399002
"1378","SEAFOOD",2015-02-23,32.957
"1379","SEAFOOD",2015-08-26,30.586
"1380","SEAFOOD",2015-05-04,28.987999
"1381","SEAFOOD",2015-09-10,71.732
"1382","SEAFOOD",2015-04-12,90.122
"1383","SEAFOOD",2015-02-23,47.614
"1384","SEAFOOD",2015-01-05,127.362
"1385","SEAFOOD",2015-06-12,40.202
"1386","SEAFOOD",2015-07-07,4
"1387","SEAFOOD",2015-04-03,33.039
"1388","SEAFOOD",2015-05-15,51.196
"1389","SEAFOOD",2015-03-19,44.508
"1390","SEAFOOD",2015-01-16,66.54
"1391","SEAFOOD",2015-07-17,53.235
"1392","SEAFOOD",2015-08-11,74.423996
"1393","SEAFOOD",2015-08-17,13.026
"1394","SEAFOOD",2015-04-15,37.656002
"1395","SEAFOOD",2015-07-20,17.531
"1396","SEAFOOD",2015-02-26,3
"1397","SEAFOOD",2015-01-30,19.407
"1398","SEAFOOD",2015-05-12,17
"1399","SEAFOOD",2015-07-30,60.442
"1400","SEAFOOD",2015-07-10,30.199
"1401","SEAFOOD",2015-09-13,31.902
"1402","SEAFOOD",2015-02-08,30.529
"1403","SEAFOOD",2015-03-26,46.778
"1404","SEAFOOD",2015-05-10,19.561
"1405","SEAFOOD",2015-04-06,29.746
"1406","SEAFOOD",2015-03-16,33.685
"1407","SEAFOOD",2015-05-09,98.489
"1408","SEAFOOD",2015-08-04,20.062
"1409","SEAFOOD",2015-01-28,85.318
"1410","SEAFOOD",2015-06-05,5
"1411","SEAFOOD",2015-07-20,64.553
"1412","SEAFOOD",2015-08-08,80.631
"1413","SEAFOOD",2015-04-21,18.218
"1414","SEAFOOD",2015-04-03,59.705
"1415","SEAFOOD",2015-06-25,43.582
"1416","SEAFOOD",2015-04-17,4
"1417","SEAFOOD",2015-09-06,33.247
"1418","SEAFOOD",2015-07-03,55.191
"1419","SEAFOOD",2015-09-06,15.530001
"1420","SEAFOOD",2015-02-27,20.45
"1421","SEAFOOD",2015-05-21,40.627
"1422","SEAFOOD",2015-08-26,3
"1423","SEAFOOD",2015-04-25,25.757
"1424","SEAFOOD",2015-07-26,30.289
"1425","SEAFOOD",2015-08-11,11.8029995
"1426","SEAFOOD",2015-08-07,4
"1427","SEAFOOD",2015-08-03,5.366
"1428","SEAFOOD",2015-02-23,7
"1429","SEAFOOD",2015-05-25,11.127
"1430","SEAFOOD",2015-09-07,46.481
"1431","SEAFOOD",2015-06-15,42.806
"1432","SEAFOOD",2015-04-25,82.478
"1433","SEAFOOD",2015-09-12,12
"1434","SEAFOOD",2015-07-03,104.199
"1435","SEAFOOD",2015-07-20,43.277
"1436","SEAFOOD",2015-08-05,20.831
"1437","SEAFOOD",2015-02-24,12.105
"1438","SEAFOOD",2015-07-29,29.098999
"1439","SEAFOOD",2015-04-18,62.795
"1440","SEAFOOD",2015-05-23,28
"1441","SEAFOOD",2015-03-24,103.748
"1442","SEAFOOD",2015-01-02,23.071
"1443","SEAFOOD",2015-06-13,44.39
"1444","SEAFOOD",2015-03-10,39.067
"1445","SEAFOOD",2015-07-10,11.199
"1446","SEAFOOD",2015-04-07,45.988
"1447","SEAFOOD",2015-05-12,0
"1448","SEAFOOD",2015-03-26,9
"1449","SEAFOOD",2015-05-05,36.192
"1450","SEAFOOD",2015-05-08,18
"1451","SEAFOOD",2015-06-23,122.4
"1452","SEAFOOD",2015-05-23,187.616
"1453","SEAFOOD",2015-04-21,22.054
"1454","SEAFOOD",2015-05-22,44.445
"1455","SEAFOOD",2015-05-22,34.134
"1456","SEAFOOD",2015-08-21,46.995
"1457","SEAFOOD",2015-03-16,59.952
"1458","SEAFOOD",2015-05-30,12.37
"1459","SEAFOOD",2015-06-20,30.091
"1460","SEAFOOD",2015-01-28,18.355
"1461","SEAFOOD",2015-03-04,14
"1462","SEAFOOD",2015-06-22,59.871
"1463","SEAFOOD",2015-05-23,18.803
"1464","SEAFOOD",2015-08-27,76.716
"1465","SEAFOOD",2015-01-11,23.791
"1466","SEAFOOD",2015-08-18,42.553
"1467","SEAFOOD",2015-05-13,16.258
"1468","SEAFOOD",2015-04-13,44.221
"1469","SEAFOOD",2015-09-05,15.713
"1470","SEAFOOD",2015-03-22,11
"1471","SEAFOOD",2015-07-01,22.363
"1472","SEAFOOD",2015-04-17,143.995
"1473","SEAFOOD",2015-07-22,32.259
"1474","SEAFOOD",2015-07-27,34.781998
"1475","SEAFOOD",2015-04-27,0
"1476","SEAFOOD",2015-09-10,15.575
"1477","SEAFOOD",2015-09-04,38.262
"1478","SEAFOOD",2015-01-10,64.682
"1479","SEAFOOD",2015-02-23,76.97
"1480","SEAFOOD",2015-08-17,17.52
"1481","SEAFOOD",2015-09-04,41.711998
"1482","SEAFOOD",2015-04-17,18.012001
"1483","SEAFOOD",2015-07-24,22.811
"1484","SEAFOOD",2015-04-29,1
"1485","SEAFOOD",2015-03-31,78.715
"1486","SEAFOOD",2015-05-30,71.299
"1487","SEAFOOD",2015-08-17,30.918
"1488","SEAFOOD",2015-08-31,128.699
"1489","SEAFOOD",2015-07-07,49.486
"1490","SEAFOOD",2015-05-14,18.671
"1491","SEAFOOD",2015-05-16,44.709
"1492","SEAFOOD",2015-04-04,76.573
"1493","SEAFOOD",2015-05-26,17.563
"1494","SEAFOOD",2015-06-08,15.503
"1495","SEAFOOD",2015-04-02,66.937
"1496","SEAFOOD",2015-01-27,60.693
"1497","SEAFOOD",2015-06-22,5
"1498","SEAFOOD",2015-04-01,38.513
"1499","SEAFOOD",2015-06-12,9.948
"1500","SEAFOOD",2015-02-05,0
"1501","SEAFOOD",2015-09-10,53.836998
"1502","SEAFOOD",2015-01-26,23.01
"1503","SEAFOOD",2015-02-19,5
"1504","SEAFOOD",2015-07-25,48.366
"1505","SEAFOOD",2015-02-28,221.094
"1506","SEAFOOD",2015-01-26,50.406998
"1507","SEAFOOD",2015-02-05,26.034
"1508","SEAFOOD",2015-03-27,15.7560005
"1509","SEAFOOD",2015-03-12,57.72
"1510","SEAFOOD",2015-07-24,59.472
"1511","SEAFOOD",2015-09-13,13.49
"1512","SEAFOOD",2015-08-25,102.598
"1513","SEAFOOD",2015-08-23,34.697
"1514","SEAFOOD",2015-05-23,58.384
"1515","SEAFOOD",2015-08-18,88.636
"1516","SEAFOOD",2015-01-23,136.537
"1517","SEAFOOD",2015-08-09,43.724
"1518","SEAFOOD",2015-06-21,47.706
"1519","SEAFOOD",2015-04-07,4
"1520","SEAFOOD",2015-07-25,9.6779995
"1521","SEAFOOD",2015-03-18,107.74
"1522","SEAFOOD",2015-09-06,49.239998
"1523","SEAFOOD",2015-08-04,21.208
"1524","SEAFOOD",2015-02-17,55.871002
"1525","SEAFOOD",2015-08-08,10.7890005
"1526","SEAFOOD",2015-06-03,86.062
"1527","SEAFOOD",2015-04-22,1
"1528","SEAFOOD",2015-05-03,83.192
"1529","SEAFOOD",2015-05-22,9.914
"1530","SEAFOOD",2015-04-19,22.403
"1531","SEAFOOD",2015-01-17,1
"1532","SEAFOOD",2015-07-03,11.893
"1533","SEAFOOD",2015-06-01,59.983997
"1534","SEAFOOD",2015-03-10,128.338
"1535","SEAFOOD",2015-07-14,3
"1536","SEAFOOD",2015-05-04,23.834
"1537","SEAFOOD",2015-04-20,116.218
"1538","SEAFOOD",2015-01-13,34.54
"1539","SEAFOOD",2015-03-02,14.339
"1540","SEAFOOD",2015-01-12,1
"1541","SEAFOOD",2015-09-01,70.113
"1542","SEAFOOD",2015-05-05,38.260998
"1543","SEAFOOD",2015-02-18,86.558
"1544","SEAFOOD",2015-06-25,58.414
"1545","SEAFOOD",2015-08-01,51.131
"1546","SEAFOOD",2015-06-13,6.326
"1547","SEAFOOD",2015-04-24,15.516
"1548","SEAFOOD",2015-08-29,38.691
"1549","SEAFOOD",2015-01-23,20.112
"1550","SEAFOOD",2015-07-29,35.281998
"1551","SEAFOOD",2015-05-01,28
"1552","SEAFOOD",2015-06-12,41.027
"1553","SEAFOOD",2015-04-08,3
"1554","SEAFOOD",2015-02-20,137.748
"1555","SEAFOOD",2015-08-07,73.746
"1556","SEAFOOD",2015-05-14,52.765
"1557","SEAFOOD",2015-07-21,3
"1558","SEAFOOD",2015-04-26,13.719
"1559","SEAFOOD",2015-04-13,17
"1560","SEAFOOD",2015-07-15,56.771
"1561","SEAFOOD",2015-08-26,17.418
"1562","SEAFOOD",2015-04-29,3
"1563","SEAFOOD",2015-05-23,40.74
"1564","SEAFOOD",2015-04-18,155.371
"1565","SEAFOOD",2015-03-22,108.359
"1566","SEAFOOD",2015-02-19,94.278
"1567","SEAFOOD",2015-03-29,3
"1568","SEAFOOD",2015-06-25,33.679
"1569","SEAFOOD",2015-08-23,8
"1570","SEAFOOD",2015-05-29,82.916
"1571","SEAFOOD",2015-09-02,66.651
"1572","SEAFOOD",2015-07-16,38.225
"1573","SEAFOOD",2015-01-09,79.761
"1574","SEAFOOD",2015-08-11,26.803
"1575","SEAFOOD",2015-01-19,25.61
"1576","SEAFOOD",2015-06-04,0
"1577","SEAFOOD",2015-06-01,4
"1578","SEAFOOD",2015-04-18,14.478
"1579","SEAFOOD",2015-08-10,10.998
"1580","SEAFOOD",2015-09-04,38.678
"1581","SEAFOOD",2015-07-12,23.933
"1582","SEAFOOD",2015-08-24,22.667
"1583","SEAFOOD",2015-02-03,53.645
"1584","SEAFOOD",2015-06-06,60.534
"1585","SEAFOOD",2015-04-15,24.118
"1586","SEAFOOD",2015-06-08,14.515
"1587","SEAFOOD",2015-01-09,28.618
"1588","SEAFOOD",2015-08-25,34.338
"1589","SEAFOOD",2015-05-10,79.134
"1590","SEAFOOD",2015-03-31,45.295998
"1591","SEAFOOD",2015-04-18,43.024002
"1592","SEAFOOD",2015-05-01,142.392
"1593","SEAFOOD",2015-07-12,69.223
"1594","SEAFOOD",2015-07-24,44.984
"1595","SEAFOOD",2015-03-07,143.825
"1596","SEAFOOD",2015-08-08,56.412003
"1597","SEAFOOD",2015-03-11,12.1119995
"1598","SEAFOOD",2015-03-04,11.102
"1599","SEAFOOD",2015-08-14,93.984
"1600","SEAFOOD",2015-08-31,39.703
"1601","SEAFOOD",2015-03-21,68.065
"1602","SEAFOOD",2015-01-23,5
"1603","SEAFOOD",2015-07-02,93.944
"1604","SEAFOOD",2015-01-28,38.542
"1605","SEAFOOD",2015-02-24,29.434
"1606","SEAFOOD",2015-08-16,27.507
"1607","SEAFOOD",2015-07-21,35.389
"1608","SEAFOOD",2015-05-10,23.452
"1609","SEAFOOD",2015-01-13,1
"1610","SEAFOOD",2015-07-07,8
"1611","SEAFOOD",2015-08-09,40.044
"1612","SEAFOOD",2015-07-13,12
"1613","SEAFOOD",2015-01-19,4
"1614","SEAFOOD",2015-05-17,66.936005
"1615","SEAFOOD",2015-01-30,30.217
"1616","SEAFOOD",2015-01-27,1
"1617","SEAFOOD",2015-04-30,70.068
"1618","SEAFOOD",2015-07-04,55.931
"1619","SEAFOOD",2015-09-05,2
"1620","SEAFOOD",2015-04-02,18.222
"1621","SEAFOOD",2015-08-01,25.703001
"1622","SEAFOOD",2015-08-28,71.067
"1623","SEAFOOD",2015-01-01,137.171
"1624","SEAFOOD",2015-04-06,30.632
"1625","SEAFOOD",2015-09-11,61.536
"1626","SEAFOOD",2015-01-03,31
"1627","SEAFOOD",2015-04-05,111.59
"1628","SEAFOOD",2015-07-10,67.183
"1629","SEAFOOD",2015-05-12,36.923
"1630","SEAFOOD",2015-07-05,90.094
"1631","SEAFOOD",2015-02-01,32.001
"1632","SEAFOOD",2015-07-17,47.443
"1633","SEAFOOD",2015-04-29,83.923
"1634","SEAFOOD",2015-05-20,2
"1635","SEAFOOD",2015-02-03,38.783
"1636","SEAFOOD",2015-07-05,16
"1637","SEAFOOD",2015-07-07,119.818
"1638","SEAFOOD",2015-08-20,66.384
"1639","SEAFOOD",2015-07-31,39.736
"1640","SEAFOOD",2015-01-29,42.84
"1641","SEAFOOD",2015-02-13,31.689
"1642","SEAFOOD",2015-06-15,2
"1643","SEAFOOD",2015-03-04,15.839001
"1644","SEAFOOD",2015-01-16,15
"1645","SEAFOOD",2015-04-07,98.893
"1646","SEAFOOD",2015-09-05,36.614998
"1647","SEAFOOD",2015-04-14,30.72
"1648","SEAFOOD",2015-08-16,15.956
"1649","SEAFOOD",2015-01-18,36.931
"1650","SEAFOOD",2015-03-21,14.166
"1651","SEAFOOD",2015-03-10,3
"1652","SEAFOOD",2015-08-26,40.793
"1653","SEAFOOD",2015-04-12,23
"1654","SEAFOOD",2015-05-13,90.465004
"1655","SEAFOOD",2015-06-04,6
"1656","SEAFOOD",2015-05-14,144.688
"1657","SEAFOOD",2015-05-26,103.019
"1658","SEAFOOD",2015-06-18,176.37
"1659","SEAFOOD",2015-02-10,31.015999
"1660","SEAFOOD",2015-06-24,99.189
"1661","SEAFOOD",2015-04-13,22.994999
"1662","SEAFOOD",2015-04-05,24.566
"1663","SEAFOOD",2015-07-12,11.637
"1664","SEAFOOD",2015-04-01,41.312
"1665","SEAFOOD",2015-09-03,85.017
"1666","SEAFOOD",2015-06-06,158.648
"1667","SEAFOOD",2015-08-13,50.612
"1668","SEAFOOD",2015-04-22,27.539
"1669","SEAFOOD",2015-04-19,5
"1670","SEAFOOD",2015-03-20,70.268
"1671","SEAFOOD",2015-05-01,31.629
"1672","SEAFOOD",2015-06-07,8
"1673","SEAFOOD",2015-07-06,20.832
"1674","SEAFOOD",2015-09-04,68.708
"1675","SEAFOOD",2015-04-01,58.876
"1676","SEAFOOD",2015-04-18,58.488
"1677","SEAFOOD",2015-02-15,21.854
"1678","SEAFOOD",2015-01-19,60.93
"1679","SEAFOOD",2015-04-20,39.052
"1680","SEAFOOD",2015-02-13,52.133
"1681","SEAFOOD",2015-06-18,86.473
"1682","SEAFOOD",2015-03-09,31.654
"1683","SEAFOOD",2015-05-04,88.57
"1684","SEAFOOD",2015-01-19,20.133
"1685","SEAFOOD",2015-04-15,30.710999
"1686","SEAFOOD",2015-09-12,45.307
"1687","SEAFOOD",2015-06-29,88.683
"1688","SEAFOOD",2015-09-08,104.729996
"1689","SEAFOOD",2015-04-25,31.579
"1690","SEAFOOD",2015-05-05,90.144
"1691","SEAFOOD",2015-06-07,17.95
"1692","SEAFOOD",2015-04-20,30.805
"1693","SEAFOOD",2015-05-17,16
"1694","SEAFOOD",2015-02-19,45.016
"1695","SEAFOOD",2015-02-26,48.334
"1696","SEAFOOD",2015-02-20,13
"1697","SEAFOOD",2015-01-05,18.903
"1698","SEAFOOD",2015-01-03,19.697
"1699","SEAFOOD",2015-09-06,126.885
"1700","SEAFOOD",2015-07-20,72.203995
"1701","SEAFOOD",2015-05-27,22.261
"1702","SEAFOOD",2015-07-30,9
"1703","SEAFOOD",2015-08-07,51.995
"1704","SEAFOOD",2015-03-29,34.214
"1705","SEAFOOD",2015-01-07,20
"1706","SEAFOOD",2015-02-19,50.723
"1707","SEAFOOD",2015-03-02,2
"1708","SEAFOOD",2015-06-24,28.205
"1709","SEAFOOD",2015-04-12,28.188
"1710","SEAFOOD",2015-02-01,39.955
"1711","SEAFOOD",2015-05-17,37.555
"1712","SEAFOOD",2015-08-15,43.878998
"1713","SEAFOOD",2015-05-11,2
"1714","SEAFOOD",2015-07-23,49.129
"1715","SEAFOOD",2015-04-14,25.647
"1716","SEAFOOD",2015-09-14,77.977
"1717","SEAFOOD",2015-05-16,70.119
"1718","SEAFOOD",2015-01-01,33.881
"1719","SEAFOOD",2015-07-30,45.349
"1720","SEAFOOD",2015-08-20,28.264
"1721","SEAFOOD",2015-07-25,19.763
"1722","SEAFOOD",2015-05-04,73.763
"1723","SEAFOOD",2015-02-26,62.465
"1724","SEAFOOD",2015-02-09,35.07
"1725","SEAFOOD",2015-01-09,47.864
"1726","SEAFOOD",2015-03-28,27.047
"1727","SEAFOOD",2015-04-21,58.487
"1728","SEAFOOD",2015-04-20,53.498
"1729","SEAFOOD",2015-01-21,25.16
"1730","SEAFOOD",2015-07-20,25.897
"1731","SEAFOOD",2015-04-22,44.925
"1732","SEAFOOD",2015-01-26,25.605
"1733","SEAFOOD",2015-08-03,10.23
"1734","SEAFOOD",2015-08-27,9.521
"1735","SEAFOOD",2015-02-21,45.822
"1736","SEAFOOD",2015-04-09,109.418
"1737","SEAFOOD",2015-08-09,6
"1738","SEAFOOD",2015-03-07,10.825
"1739","SEAFOOD",2015-02-25,21.218
"1740","SEAFOOD",2015-02-21,58
"1741","SEAFOOD",2015-06-09,20.822
"1742","SEAFOOD",2015-05-14,1
"1743","SEAFOOD",2015-05-06,35.284
"1744","SEAFOOD",2015-06-06,33.34
"1745","SEAFOOD",2015-02-02,11.315001
"1746","SEAFOOD",2015-07-13,84.887
"1747","SEAFOOD",2015-08-14,38.594
"1748","SEAFOOD",2015-04-11,21.35
"1749","SEAFOOD",2015-05-10,6
"1750","SEAFOOD",2015-04-06,100.614
"1751","SEAFOOD",2015-01-01,62.126
"1752","SEAFOOD",2015-04-24,65.44
"1753","SEAFOOD",2015-01-10,74.288
"1754","SEAFOOD",2015-09-03,37.325
"1755","SEAFOOD",2015-09-03,78.252
"1756","SEAFOOD",2015-02-02,57.019
"1757","SEAFOOD",2015-06-17,34.594
"1758","SEAFOOD",2015-05-17,27.716
"1759","SEAFOOD",2015-01-22,31.53
"1760","SEAFOOD",2015-07-09,49.244
"1761","SEAFOOD",2015-01-20,22.538
"1762","SEAFOOD",2015-02-02,96.342
"1763","SEAFOOD",2015-06-21,41.616
"1764","SEAFOOD",2015-06-29,63.125
"1765","SEAFOOD",2015-06-06,38.942
"1766","SEAFOOD",2015-03-11,31.976
"1767","SEAFOOD",2015-02-13,7
"1768","SEAFOOD",2015-05-23,58.029
"1769","SEAFOOD",2015-01-27,28.066
"1770","SEAFOOD",2015-05-31,37.703
"1771","SEAFOOD",2015-07-23,42.66
"1772","SEAFOOD",2015-06-27,15.454
"1773","SEAFOOD",2015-01-24,58.984
"1774","SEAFOOD",2015-02-27,5
"1775","SEAFOOD",2015-07-19,51.086998
"1776","SEAFOOD",2015-04-16,1
"1777","SEAFOOD",2015-05-27,9
"1778","SEAFOOD",2015-02-16,15.334
"1779","SEAFOOD",2015-06-17,107.312
"1780","SEAFOOD",2015-02-27,107.685
"1781","SEAFOOD",2015-02-25,10
"1782","SEAFOOD",2015-07-09,22.402
"1783","SEAFOOD",2015-01-27,26.625
"1784","SEAFOOD",2015-04-01,18.635
"1785","SEAFOOD",2015-01-17,21.128
"1786","SEAFOOD",2015-01-05,30.684
"1787","SEAFOOD",2015-05-20,26.101
"1788","SEAFOOD",2015-06-28,0
"1789","SEAFOOD",2015-02-20,92.412
"1790","SEAFOOD",2015-08-30,6
"1791","SEAFOOD",2015-09-07,6
"1792","SEAFOOD",2015-09-06,6.021
"1793","SEAFOOD",2015-07-14,31.001
"1794","SEAFOOD",2015-09-15,42.65
"1795","SEAFOOD",2015-02-23,26.143
"1796","SEAFOOD",2015-01-18,6
"1797","SEAFOOD",2015-02-23,102.369995
"1798","SEAFOOD",2015-03-09,34.65
"1799","SEAFOOD",2015-04-13,73.999
"1800","SEAFOOD",2015-07-01,66.65
"1801","SEAFOOD",2015-02-12,1
"1802","SEAFOOD",2015-01-04,67.428
"1803","SEAFOOD",2015-03-29,91.143005
"1804","SEAFOOD",2015-06-26,59.496002
"1805","SEAFOOD",2015-07-15,5.873
"1806","SEAFOOD",2015-05-27,29.885
"1807","SEAFOOD",2015-08-08,2
"1808","SEAFOOD",2015-09-08,41.533
"1809","SEAFOOD",2015-06-06,48.760002
"1810","SEAFOOD",2015-01-27,35.882
"1811","SEAFOOD",2015-09-05,18.229
"1812","SEAFOOD",2015-07-23,24.773
"1813","SEAFOOD",2015-06-30,19.325
"1814","SEAFOOD",2015-04-20,3
"1815","SEAFOOD",2015-02-17,6
"1816","SEAFOOD",2015-04-19,10
"1817","SEAFOOD",2015-06-12,100.572
"1818","SEAFOOD",2015-03-07,70.203
"1819","SEAFOOD",2015-07-28,44.711998
"1820","SEAFOOD",2015-03-19,1
"1821","SEAFOOD",2015-02-11,19.408
"1822","SEAFOOD",2015-07-18,81.646
"1823","SEAFOOD",2015-02-10,34.138
"1824","SEAFOOD",2015-02-11,9
"1825","SEAFOOD",2015-03-01,50.835
"1826","SEAFOOD",2015-02-27,32.841
"1827","SEAFOOD",2015-07-09,91.358
"1828","SEAFOOD",2015-08-30,35.206
"1829","SEAFOOD",2015-08-25,26.692
"1830","SEAFOOD",2015-03-04,45.458
"1831","SEAFOOD",2015-07-31,65.831
"1832","SEAFOOD",2015-08-24,4
"1833","SEAFOOD",2015-04-22,4
"1834","SEAFOOD",2015-07-04,11.456
"1835","SEAFOOD",2015-03-30,5
"1836","SEAFOOD",2015-08-07,41.823
"1837","SEAFOOD",2015-02-19,24
"1838","SEAFOOD",2015-07-03,57.769
"1839","SEAFOOD",2015-07-14,0
"1840","SEAFOOD",2015-07-11,10.691999
"1841","SEAFOOD",2015-07-18,52.344
"1842","SEAFOOD",2015-06-03,12
"1843","SEAFOOD",2015-03-24,15
"1844","SEAFOOD",2015-02-23,1
"1845","SEAFOOD",2015-05-02,138.659
"1846","SEAFOOD",2015-08-03,26.239
"1847","SEAFOOD",2015-05-23,16.81
"1848","SEAFOOD",2015-08-22,33.156
"1849","SEAFOOD",2015-06-07,25.532
"1850","SEAFOOD",2015-07-06,7.979
"1851","SEAFOOD",2015-06-16,38.887
"1852","SEAFOOD",2015-03-24,57.69
"1853","SEAFOOD",2015-01-30,37.656998
"1854","SEAFOOD",2015-03-25,15.767
"1855","SEAFOOD",2015-04-13,24.56
"1856","SEAFOOD",2015-02-28,4
"1857","SEAFOOD",2015-08-12,83.183
"1858","SEAFOOD",2015-02-11,20.572
"1859","SEAFOOD",2015-08-08,9.604
"1860","SEAFOOD",2015-08-13,119.259995
"1861","SEAFOOD",2015-06-06,67.237
"1862","SEAFOOD",2015-01-29,8
"1863","SEAFOOD",2015-08-08,31.374
"1864","SEAFOOD",2015-04-02,60.197998
"1865","SEAFOOD",2015-06-27,9
"1866","SEAFOOD",2015-06-23,30.637001
"1867","SEAFOOD",2015-07-23,60.560997
"1868","SEAFOOD",2015-06-22,14.507
"1869","SEAFOOD",2015-02-06,39.478
"1870","SEAFOOD",2015-07-28,21.239
"1871","SEAFOOD",2015-02-12,31.741
"1872","SEAFOOD",2015-06-18,43.711
"1873","SEAFOOD",2015-07-05,15.365
"1874","SEAFOOD",2015-01-10,132.048
"1875","SEAFOOD",2015-05-24,20.908
"1876","SEAFOOD",2015-07-26,23.135
"1877","SEAFOOD",2015-07-28,11
"1878","SEAFOOD",2015-04-28,43.388
"1879","SEAFOOD",2015-03-14,90.487
"1880","SEAFOOD",2015-01-19,33.867
"1881","SEAFOOD",2015-02-08,72.157
"1882","SEAFOOD",2015-07-08,2
"1883","SEAFOOD",2015-01-02,49.016
"1884","SEAFOOD",2015-07-27,14
"1885","SEAFOOD",2015-04-13,75.176
"1886","SEAFOOD",2015-05-13,21.204
"1887","SEAFOOD",2015-02-18,19.039
"1888","SEAFOOD",2015-04-29,35.529
"1889","SEAFOOD",2015-04-07,53.846
"1890","SEAFOOD",2015-07-26,29.105
"1891","SEAFOOD",2015-02-21,20.132
"1892","SEAFOOD",2015-03-05,155.66501
"1893","SEAFOOD",2015-08-15,47.781
"1894","SEAFOOD",2015-08-17,88.349
"1895","SEAFOOD",2015-07-22,31.425
"1896","SEAFOOD",2015-05-07,38.533
"1897","SEAFOOD",2015-06-10,31.936
"1898","SEAFOOD",2015-08-05,65.961
"1899","SEAFOOD",2015-01-07,20.062
"1900","SEAFOOD",2015-05-12,22.140999
"1901","SEAFOOD",2015-05-24,17.326
"1902","SEAFOOD",2015-02-21,6
"1903","SEAFOOD",2015-04-29,31.533
"1904","SEAFOOD",2015-07-02,166.539
"1905","SEAFOOD",2015-05-29,48.964
"1906","SEAFOOD",2015-04-19,38.82
"1907","SEAFOOD",2015-08-14,37.486
"1908","SEAFOOD",2015-05-29,21.928
"1909","SEAFOOD",2015-09-02,47.68
"1910","SEAFOOD",2015-06-23,53.753
"1911","SEAFOOD",2015-03-31,21.848
"1912","SEAFOOD",2015-06-14,112.79
"1913","SEAFOOD",2015-06-30,24.996
"1914","SEAFOOD",2015-04-14,20.953
"1915","SEAFOOD",2015-06-09,27.254
"1916","SEAFOOD",2015-05-09,25
"1917","SEAFOOD",2015-06-18,51.122
"1918","SEAFOOD",2015-01-21,5
"1919","SEAFOOD",2015-03-09,81.663
"1920","SEAFOOD",2015-03-08,37.187
"1921","SEAFOOD",2015-08-22,43.308
"1922","SEAFOOD",2015-03-30,62.995
"1923","SEAFOOD",2015-05-05,60.562
"1924","SEAFOOD",2015-05-27,20.01
"1925","SEAFOOD",2015-03-17,18.178
"1926","SEAFOOD",2015-06-23,59.807
"1927","SEAFOOD",2015-07-10,13
"1928","SEAFOOD",2015-04-17,95.74
"1929","SEAFOOD",2015-05-01,46.004
"1930","SEAFOOD",2015-04-01,160.71701
"1931","SEAFOOD",2015-09-02,115.471
"1932","SEAFOOD",2015-05-19,93.547
"1933","SEAFOOD",2015-01-25,29.942
"1934","SEAFOOD",2015-04-24,32
"1935","SEAFOOD",2015-02-20,34.545
"1936","SEAFOOD",2015-03-19,159.153
"1937","SEAFOOD",2015-07-09,140.536
"1938","SEAFOOD",2015-06-25,41.547
"1939","SEAFOOD",2015-06-14,55.772
"1940","SEAFOOD",2015-05-11,25.168
"1941","SEAFOOD",2015-07-06,0
"1942","SEAFOOD",2015-08-29,142.24
"1943","SEAFOOD",2015-05-05,121.487
"1944","SEAFOOD",2015-05-08,5
"1945","SEAFOOD",2015-08-01,55.891
"1946","SEAFOOD",2015-07-03,57.854
"1947","SEAFOOD",2015-04-25,3
"1948","SEAFOOD",2015-06-22,53.169
"1949","SEAFOOD",2015-08-13,65.616
"1950","SEAFOOD",2015-08-10,53.943
"1951","SEAFOOD",2015-07-23,98.934
"1952","SEAFOOD",2015-08-27,51.306
"1953","SEAFOOD",2015-05-25,48.662
"1954","SEAFOOD",2015-07-25,10.908
"1955","SEAFOOD",2015-01-01,11.957
"1956","SEAFOOD",2015-05-29,49.793
"1957","SEAFOOD",2015-09-04,151.127
"1958","SEAFOOD",2015-07-20,22.549
"1959","SEAFOOD",2015-01-16,68.689
"1960","SEAFOOD",2015-01-07,52.796
"1961","SEAFOOD",2015-06-26,3
"1962","SEAFOOD",2015-08-28,48.638
"1963","SEAFOOD",2015-01-24,122.462
"1964","SEAFOOD",2015-09-08,79.207
"1965","SEAFOOD",2015-09-06,40.806
"1966","SEAFOOD",2015-03-26,0
"1967","SEAFOOD",2015-02-06,62.463
"1968","SEAFOOD",2015-09-04,89.28
"1969","SEAFOOD",2015-08-11,34.915
"1970","SEAFOOD",2015-06-28,18.973
"1971","SEAFOOD",2015-01-28,17.348
"1972","SEAFOOD",2015-06-29,38.768
"1973","SEAFOOD",2015-07-16,48.937
"1974","SEAFOOD",2015-01-24,78.053
"1975","SEAFOOD",2015-06-11,84.929
"1976","SEAFOOD",2015-02-16,59.045
"1977","SEAFOOD",2015-02-06,12.842
"1978","SEAFOOD",2015-06-29,19.451
"1979","SEAFOOD",2015-03-29,79.71
"1980","SEAFOOD",2015-01-15,3
"1981","SEAFOOD",2015-07-04,40.697
"1982","SEAFOOD",2015-08-06,43.343002
"1983","SEAFOOD",2015-09-06,36.361
"1984","SEAFOOD",2015-04-11,171.743
"1985","SEAFOOD",2015-07-12,54.585
"1986","SEAFOOD",2015-03-11,20.63
"1987","SEAFOOD",2015-01-17,100.255
"1988","SEAFOOD",2015-01-12,127.535
"1989","SEAFOOD",2015-04-19,31.326
"1990","SEAFOOD",2015-09-01,96.722
"1991","SEAFOOD",2015-05-04,49.733
"1992","SEAFOOD",2015-09-01,8
"1993","SEAFOOD",2015-07-04,49.436
"1994","SEAFOOD",2015-06-13,148.954
"1995","SEAFOOD",2015-02-22,46.336998
"1996","SEAFOOD",2015-06-28,43.194
"1997","SEAFOOD",2015-06-05,10
"1998","SEAFOOD",2015-05-05,23.109001
"1999","SEAFOOD",2015-05-17,98.783
"2000","SEAFOOD",2015-01-15,89.048004
"2001","SEAFOOD",2015-04-07,29.209
"2002","SEAFOOD",2015-05-03,9
"2003","SEAFOOD",2015-04-12,57.097
"2004","SEAFOOD",2015-07-03,30
"2005","SEAFOOD",2015-03-26,35.071
"2006","SEAFOOD",2015-01-16,98.366
"2007","SEAFOOD",2015-01-04,1
"2008","SEAFOOD",2015-06-21,64.668
"2009","SEAFOOD",2015-06-25,18.838001
"2010","SEAFOOD",2015-02-07,71.089005
"2011","SEAFOOD",2015-04-10,69.091
"2012","SEAFOOD",2015-01-11,8
"2013","SEAFOOD",2015-02-14,7
"2014","SEAFOOD",2015-07-25,45.321
"2015","SEAFOOD",2015-03-29,24.261
"2016","SEAFOOD",2015-08-16,51.289
"2017","SEAFOOD",2015-07-13,22.735
"2018","SEAFOOD",2015-05-12,35.531
"2019","SEAFOOD",2015-05-21,37.535
"2020","SEAFOOD",2015-07-26,4.716
"2021","SEAFOOD",2015-03-28,2
"2022","SEAFOOD",2015-07-24,59.693
"2023","SEAFOOD",2015-05-31,22
"2024","SEAFOOD",2015-02-21,104.846
"2025","SEAFOOD",2015-09-09,18.841
"2026","SEAFOOD",2015-05-21,71.41
"2027","SEAFOOD",2015-03-10,30.283
"2028","SEAFOOD",2015-01-24,2
"2029","SEAFOOD",2015-06-14,25.59
"2030","SEAFOOD",2015-06-09,21.888
"2031","SEAFOOD",2015-07-08,19.553001
"2032","SEAFOOD",2015-08-09,46.494
"2033","SEAFOOD",2015-05-13,6
"2034","SEAFOOD",2015-03-05,36.686
"2035","SEAFOOD",2015-06-16,123.361
"2036","SEAFOOD",2015-03-10,40.566
"2037","SEAFOOD",2015-03-12,18.446
"2038","SEAFOOD",2015-05-18,45.609
"2039","SEAFOOD",2015-05-07,9
"2040","SEAFOOD",2015-07-19,37.637
"2041","SEAFOOD",2015-04-22,11.686
"2042","SEAFOOD",2015-03-16,90.951996
"2043","SEAFOOD",2015-01-03,76.606995
"2044","SEAFOOD",2015-03-19,24.081001
"2045","SEAFOOD",2015-04-14,19.987999
"2046","SEAFOOD",2015-08-25,72.855
"2047","SEAFOOD",2015-02-26,40.13
"2048","SEAFOOD",2015-08-15,2
"2049","SEAFOOD",2015-02-24,44.612
"2050","SEAFOOD",2015-06-25,6
"2051","SEAFOOD",2015-04-29,44.695
"2052","SEAFOOD",2015-06-27,171.64
"2053","SEAFOOD",2015-02-24,54.11
"2054","SEAFOOD",2015-04-27,28.837
"2055","SEAFOOD",2015-06-18,42.017
"2056","SEAFOOD",2015-04-13,15.056
"2057","SEAFOOD",2015-04-01,42.882
"2058","SEAFOOD",2015-05-19,42.798
"2059","SEAFOOD",2015-07-21,121.721
"2060","SEAFOOD",2015-09-11,9.038
"2061","SEAFOOD",2015-01-07,27.835
"2062","SEAFOOD",2015-01-06,35.932
"2063","SEAFOOD",2015-03-25,27.639
"2064","SEAFOOD",2015-08-07,10.196
"2065","SEAFOOD",2015-03-23,32.622
"2066","SEAFOOD",2015-06-26,14
"2067","SEAFOOD",2015-04-12,42.864
"2068","SEAFOOD",2015-01-20,29.637
"2069","SEAFOOD",2015-07-23,146.541
"2070","SEAFOOD",2015-03-15,53.764
"2071","SEAFOOD",2015-02-08,0
"2072","SEAFOOD",2015-06-14,33.611
"2073","SEAFOOD",2015-01-21,23.802
"2074","SEAFOOD",2015-09-12,151.501
"2075","SEAFOOD",2015-02-04,51.74
"2076","SEAFOOD",2015-08-22,7.322
"2077","SEAFOOD",2015-08-24,23.105999
"2078","SEAFOOD",2015-01-31,7
"2079","SEAFOOD",2015-06-24,17.096
"2080","SEAFOOD",2015-05-19,63.498
"2081","SEAFOOD",2015-01-27,40.845
"2082","SEAFOOD",2015-05-26,56.166
"2083","SEAFOOD",2015-02-09,105.401
"2084","SEAFOOD",2015-04-09,0
"2085","SEAFOOD",2015-06-24,5
"2086","SEAFOOD",2015-06-10,68.229004
"2087","SEAFOOD",2015-06-19,59.836998
"2088","SEAFOOD",2015-03-15,72.803
"2089","SEAFOOD",2015-07-04,35.183
"2090","SEAFOOD",2015-08-16,44.552002
"2091","SEAFOOD",2015-06-25,84.346
"2092","SEAFOOD",2015-02-28,16.618
"2093","SEAFOOD",2015-04-15,21
"2094","SEAFOOD",2015-09-09,34.076
"2095","SEAFOOD",2015-07-24,124.812004
"2096","SEAFOOD",2015-03-18,26.875
"2097","SEAFOOD",2015-08-05,3
"2098","SEAFOOD",2015-07-05,57.302
"2099","SEAFOOD",2015-04-05,30.797
"2100","SEAFOOD",2015-01-08,55.31
"2101","SEAFOOD",2015-02-15,28.476
"2102","SEAFOOD",2015-01-26,105.19
"2103","SEAFOOD",2015-09-13,17.133
"2104","SEAFOOD",2015-07-13,66.692
"2105","SEAFOOD",2015-03-01,22
"2106","SEAFOOD",2015-05-28,1
"2107","SEAFOOD",2015-05-26,47.782997
"2108","SEAFOOD",2015-05-26,33.498
"2109","SEAFOOD",2015-06-17,17.96
"2110","SEAFOOD",2015-04-20,77.4
"2111","SEAFOOD",2015-08-05,8.682
"2112","SEAFOOD",2015-09-01,56.254
"2113","SEAFOOD",2015-05-14,38.583
"2114","SEAFOOD",2015-06-30,47.418
"2115","SEAFOOD",2015-01-26,52.648
"2116","SEAFOOD",2015-01-01,40.004
"2117","SEAFOOD",2015-01-28,16
"2118","SEAFOOD",2015-04-18,77.078
"2119","SEAFOOD",2015-08-11,14.051001
"2120","SEAFOOD",2015-04-04,2
"2121","SEAFOOD",2015-03-10,10
"2122","SEAFOOD",2015-07-18,24.799
"2123","SEAFOOD",2015-05-08,88.167
"2124","SEAFOOD",2015-07-05,72.921
"2125","SEAFOOD",2015-02-25,39.336
"2126","SEAFOOD",2015-02-27,54.124
"2127","SEAFOOD",2015-01-31,69.618
"2128","SEAFOOD",2015-08-23,30.406
"2129","SEAFOOD",2015-05-11,18.956001
"2130","SEAFOOD",2015-02-16,3
"2131","SEAFOOD",2015-02-13,0
"2132","SEAFOOD",2015-07-12,81.695
"2133","SEAFOOD",2015-06-22,48.047
"2134","SEAFOOD",2015-02-16,20.24
"2135","SEAFOOD",2015-01-26,5
"2136","SEAFOOD",2015-01-14,19.501
"2137","SEAFOOD",2015-06-05,32.512
"2138","SEAFOOD",2015-02-15,99.999
"2139","SEAFOOD",2015-03-24,30.925999
"2140","SEAFOOD",2015-04-19,76.327
"2141","SEAFOOD",2015-09-01,16.326
"2142","SEAFOOD",2015-05-10,46.774
"2143","SEAFOOD",2015-04-05,8
"2144","SEAFOOD",2015-08-24,8.819
"2145","SEAFOOD",2015-09-02,13.953
"2146","SEAFOOD",2015-03-13,49.562
"2147","SEAFOOD",2015-02-02,29.98
"2148","SEAFOOD",2015-03-23,48.407
"2149","SEAFOOD",2015-08-29,34.385002
"2150","SEAFOOD",2015-07-15,37.077
"2151","SEAFOOD",2015-06-12,58.768
"2152","SEAFOOD",2015-04-14,9
"2153","SEAFOOD",2015-03-04,60.121998
"2154","SEAFOOD",2015-06-06,15
"2155","SEAFOOD",2015-05-28,22
"2156","SEAFOOD",2015-03-09,25.379
"2157","SEAFOOD",2015-03-26,12.677
"2158","SEAFOOD",2015-01-22,46.246
"2159","SEAFOOD",2015-08-21,26.189
"2160","SEAFOOD",2015-08-18,33.017998
"2161","SEAFOOD",2015-07-01,56.007
"2162","SEAFOOD",2015-04-30,7.829
"2163","SEAFOOD",2015-01-25,33.573997
"2164","SEAFOOD",2015-03-14,12.144
"2165","SEAFOOD",2015-07-29,30.057
"2166","SEAFOOD",2015-06-22,37.920002
"2167","SEAFOOD",2015-03-24,13.189
"2168","SEAFOOD",2015-05-22,60.85
"2169","SEAFOOD",2015-09-12,41.284
"2170","SEAFOOD",2015-05-15,31.226
"2171","SEAFOOD",2015-06-20,31.258
"2172","SEAFOOD",2015-03-08,36.244
"2173","SEAFOOD",2015-01-08,7
"2174","SEAFOOD",2015-03-14,2
"2175","SEAFOOD",2015-06-03,32.14
"2176","SEAFOOD",2015-03-28,55.74
"2177","SEAFOOD",2015-03-05,93.331
"2178","SEAFOOD",2015-01-05,69.136
"2179","SEAFOOD",2015-04-07,15
"2180","SEAFOOD",2015-02-20,2
"2181","SEAFOOD",2015-07-13,12.337
"2182","SEAFOOD",2015-01-18,15.007
"2183","SEAFOOD",2015-03-19,12
"2184","SEAFOOD",2015-06-17,19.958
"2185","SEAFOOD",2015-05-27,11.726
"2186","SEAFOOD",2015-04-03,26.427
"2187","SEAFOOD",2015-06-04,18.647999
"2188","SEAFOOD",2015-02-23,13.723
"2189","SEAFOOD",2015-08-01,151.327
"2190","SEAFOOD",2015-03-07,60.546
"2191","SEAFOOD",2015-09-10,45.428
"2192","SEAFOOD",2015-05-16,57.603
"2193","SEAFOOD",2015-03-18,50.882
"2194","SEAFOOD",2015-02-02,9
"2195","SEAFOOD",2015-07-27,63.593002
"2196","SEAFOOD",2015-04-23,152.773
"2197","SEAFOOD",2015-06-07,24.164
"2198","SEAFOOD",2015-04-25,164.868
"2199","SEAFOOD",2015-03-13,79.333
"2200","SEAFOOD",2015-08-12,18.39
"2201","SEAFOOD",2015-01-30,150.99701
"2202","SEAFOOD",2015-01-07,4
"2203","SEAFOOD",2015-06-28,28.178
"2204","SEAFOOD",2015-08-28,20.093
"2205","SEAFOOD",2015-02-01,10
"2206","SEAFOOD",2015-07-21,42.661
"2207","SEAFOOD",2015-03-13,150.19
"2208","SEAFOOD",2015-06-10,3
"2209","SEAFOOD",2015-07-25,63.783
"2210","SEAFOOD",2015-03-08,46.302
"2211","SEAFOOD",2015-04-28,14.068
"2212","SEAFOOD",2015-04-17,45.274002
"2213","SEAFOOD",2015-03-07,11.635
"2214","SEAFOOD",2015-07-30,5
"2215","SEAFOOD",2015-03-05,0
"2216","SEAFOOD",2015-06-04,58.092
"2217","SEAFOOD",2015-04-17,28
"2218","SEAFOOD",2015-04-10,64.296
"2219","SEAFOOD",2015-04-18,74.256
"2220","SEAFOOD",2015-02-25,20.223999
"2221","SEAFOOD",2015-03-09,0
"2222","SEAFOOD",2015-03-21,66.689
"2223","SEAFOOD",2015-03-17,66.246
"2224","SEAFOOD",2015-07-08,3.756
"2225","SEAFOOD",2015-07-01,4
"2226","SEAFOOD",2015-01-15,4
"2227","SEAFOOD",2015-07-03,7
"2228","SEAFOOD",2015-06-21,105.876
"2229","SEAFOOD",2015-08-31,53.884
"2230","SEAFOOD",2015-07-21,32.38
"2231","SEAFOOD",2015-01-11,18.174
"2232","SEAFOOD",2015-06-19,21.904
"2233","SEAFOOD",2015-02-01,19.984
"2234","SEAFOOD",2015-07-06,7.351
"2235","SEAFOOD",2015-07-21,7.347
"2236","SEAFOOD",2015-03-03,77.231
"2237","SEAFOOD",2015-02-09,2
"2238","SEAFOOD",2015-07-02,9
"2239","SEAFOOD",2015-01-06,14
"2240","SEAFOOD",2015-07-29,35.038
"2241","SEAFOOD",2015-02-06,28.465
"2242","SEAFOOD",2015-05-20,70.043
"2243","SEAFOOD",2015-04-03,143.428
"2244","SEAFOOD",2015-06-16,50.149002
"2245","SEAFOOD",2015-05-11,11.096001
"2246","SEAFOOD",2015-09-11,47.739
"2247","SEAFOOD",2015-06-28,12
"2248","SEAFOOD",2015-03-16,73.806
"2249","SEAFOOD",2015-02-03,12
"2250","SEAFOOD",2015-06-23,40.082
"2251","SEAFOOD",2015-09-10,42.015
"2252","SEAFOOD",2015-08-11,88.28
"2253","SEAFOOD",2015-05-16,6
"2254","SEAFOOD",2015-03-04,23.880001
"2255","SEAFOOD",2015-05-09,19.568
"2256","SEAFOOD",2015-09-02,51.253
"2257","SEAFOOD",2015-01-11,121.757996
"2258","SEAFOOD",2015-06-14,25.01
"2259","SEAFOOD",2015-05-18,17.818
"2260","SEAFOOD",2015-09-07,11.296
"2261","SEAFOOD",2015-02-14,14
"2262","SEAFOOD",2015-07-14,11.294001
"2263","SEAFOOD",2015-07-18,60.278
"2264","SEAFOOD",2015-08-04,2
"2265","SEAFOOD",2015-07-08,36.239
"2266","SEAFOOD",2015-05-03,120.792
"2267","SEAFOOD",2015-09-03,45.038002
"2268","SEAFOOD",2015-05-19,43.242
"2269","SEAFOOD",2015-01-06,81.722
"2270","SEAFOOD",2015-04-03,1
"2271","SEAFOOD",2015-09-14,23.671
"2272","SEAFOOD",2015-04-24,19.999
"2273","SEAFOOD",2015-09-10,37.628002
"2274","SEAFOOD",2015-07-17,12.684999
"2275","SEAFOOD",2015-07-14,36.127
"2276","SEAFOOD",2015-06-04,44.389
"2277","SEAFOOD",2015-08-09,6.585
"2278","SEAFOOD",2015-02-04,10
"2279","SEAFOOD",2015-01-02,57.542
"2280","SEAFOOD",2015-03-16,29.79
"2281","SEAFOOD",2015-01-19,48.286
"2282","SEAFOOD",2015-02-13,21.477
"2283","SEAFOOD",2015-05-12,33.079002
"2284","SEAFOOD",2015-08-30,25.196
"2285","SEAFOOD",2015-03-13,31.916
"2286","SEAFOOD",2015-06-09,99.025
"2287","SEAFOOD",2015-06-19,126.777
"2288","SEAFOOD",2015-05-07,6
"2289","SEAFOOD",2015-01-31,101.765
"2290","SEAFOOD",2015-01-18,48.471
"2291","SEAFOOD",2015-03-28,55.812
"2292","SEAFOOD",2015-08-21,43.305
"2293","SEAFOOD",2015-02-02,33.672
"2294","SEAFOOD",2015-01-09,4
"2295","SEAFOOD",2015-03-28,176.266
"2296","SEAFOOD",2015-02-07,61.638
"2297","SEAFOOD",2015-02-13,33.203
"2298","SEAFOOD",2015-02-04,26.626
"2299","SEAFOOD",2015-03-31,4
"2300","SEAFOOD",2015-06-24,30.744999
"2301","SEAFOOD",2015-01-03,2
"2302","SEAFOOD",2015-08-30,36.018
"2303","SEAFOOD",2015-07-27,1
"2304","SEAFOOD",2015-05-12,35.388
"2305","SEAFOOD",2015-09-14,64.744
"2306","SEAFOOD",2015-05-10,61.518
"2307","SEAFOOD",2015-01-15,55.301
"2308","SEAFOOD",2015-05-17,43.287
"2309","SEAFOOD",2015-02-21,27.196
"2310","SEAFOOD",2015-08-14,27.069
"2311","SEAFOOD",2015-03-29,34.361
"2312","SEAFOOD",2015-02-28,68.718
"2313","SEAFOOD",2015-01-16,22.072
"2314","SEAFOOD",2015-08-13,24.243
"2315","SEAFOOD",2015-01-30,34.39
"2316","SEAFOOD",2015-07-17,5
"2317","SEAFOOD",2015-08-10,15.137
"2318","SEAFOOD",2015-02-28,71.188
"2319","SEAFOOD",2015-03-05,28.006
"2320","SEAFOOD",2015-04-25,50.235
"2321","SEAFOOD",2015-07-23,0
"2322","SEAFOOD",2015-01-11,57.03
"2323","SEAFOOD",2015-06-28,66.601
"2324","SEAFOOD",2015-02-26,142.792
"2325","SEAFOOD",2015-03-17,45.927002
"2326","SEAFOOD",2015-02-24,102.840004
"2327","SEAFOOD",2015-08-30,30.159
"2328","SEAFOOD",2015-09-11,120.715
"2329","SEAFOOD",2015-02-15,7
"2330","SEAFOOD",2015-01-09,53.061
"2331","SEAFOOD",2015-04-24,13
"2332","SEAFOOD",2015-06-05,36.076
"2333","SEAFOOD",2015-05-14,14
"2334","SEAFOOD",2015-04-18,13
"2335","SEAFOOD",2015-06-16,51.499
"2336","SEAFOOD",2015-01-31,12.568
"2337","SEAFOOD",2015-04-10,29.629
"2338","SEAFOOD",2015-07-10,3
"2339","SEAFOOD",2015-03-09,21
"2340","SEAFOOD",2015-01-04,17.228
"2341","SEAFOOD",2015-02-03,5
"2342","SEAFOOD",2015-03-06,58.82
"2343","SEAFOOD",2015-04-08,34.658
"2344","SEAFOOD",2015-01-23,66.397
"2345","SEAFOOD",2015-01-26,16.138
"2346","SEAFOOD",2015-03-07,70.937
"2347","SEAFOOD",2015-06-29,22.9
"2348","SEAFOOD",2015-04-23,78.36
"2349","SEAFOOD",2015-01-21,12.098
"2350","SEAFOOD",2015-03-02,108.869
"2351","SEAFOOD",2015-04-01,2
"2352","SEAFOOD",2015-08-07,37.551003
"2353","SEAFOOD",2015-05-31,59.346
"2354","SEAFOOD",2015-08-02,21.87
"2355","SEAFOOD",2015-04-23,57.28
"2356","SEAFOOD",2015-02-12,144.125
"2357","SEAFOOD",2015-09-14,30.555
"2358","SEAFOOD",2015-05-06,31.122
"2359","SEAFOOD",2015-01-29,1
"2360","SEAFOOD",2015-01-28,4
"2361","SEAFOOD",2015-04-29,26.435
"2362","SEAFOOD",2015-02-11,20.693
"2363","SEAFOOD",2015-05-04,20.601
"2364","SEAFOOD",2015-07-11,31.319
"2365","SEAFOOD",2015-06-10,22.423
"2366","SEAFOOD",2015-07-19,47.271
"2367","SEAFOOD",2015-08-19,6
"2368","SEAFOOD",2015-01-08,77.104
"2369","SEAFOOD",2015-03-06,46.262
"2370","SEAFOOD",2015-06-09,4
"2371","SEAFOOD",2015-04-02,46.47
"2372","SEAFOOD",2015-05-27,20.537
"2373","SEAFOOD",2015-02-09,10.532
"2374","SEAFOOD",2015-08-12,35.002
"2375","SEAFOOD",2015-03-12,92.89
"2376","SEAFOOD",2015-06-13,69.207
"2377","SEAFOOD",2015-01-16,2
"2378","SEAFOOD",2015-01-30,4
"2379","SEAFOOD",2015-01-17,61.251
"2380","SEAFOOD",2015-07-20,6.301
"2381","SEAFOOD",2015-05-20,27.927
"2382","SEAFOOD",2015-04-28,10
"2383","SEAFOOD",2015-04-16,149.139
"2384","SEAFOOD",2015-02-14,32.141
"2385","SEAFOOD",2015-05-25,31.309
"2386","SEAFOOD",2015-06-13,42.644
"2387","SEAFOOD",2015-05-26,27.499
"2388","SEAFOOD",2015-01-29,41.399002
"2389","SEAFOOD",2015-07-06,3
"2390","SEAFOOD",2015-06-05,19.294
"2391","SEAFOOD",2015-09-07,40.033
"2392","SEAFOOD",2015-03-15,3
"2393","SEAFOOD",2015-09-08,5
"2394","SEAFOOD",2015-06-07,104.251
"2395","SEAFOOD",2015-04-03,28.176
"2396","SEAFOOD",2015-04-13,4
"2397","SEAFOOD",2015-07-31,8
"2398","SEAFOOD",2015-03-26,60.868
"2399","SEAFOOD",2015-04-10,56.658
"2400","SEAFOOD",2015-04-06,27.188
"2401","SEAFOOD",2015-06-02,56.128
"2402","SEAFOOD",2015-07-02,64.8
"2403","SEAFOOD",2015-03-16,34.746
"2404","SEAFOOD",2015-08-01,61.147
"2405","SEAFOOD",2015-01-09,42.165
"2406","SEAFOOD",2015-07-04,141.671
"2407","SEAFOOD",2015-08-30,13.292
"2408","SEAFOOD",2015-07-15,9
"2409","SEAFOOD",2015-05-25,31.721
"2410","SEAFOOD",2015-01-05,25.233
"2411","SEAFOOD",2015-05-08,52.128998
"2412","SEAFOOD",2015-01-06,25.636
"2413","SEAFOOD",2015-06-27,5
"2414","SEAFOOD",2015-05-14,36.029
"2415","SEAFOOD",2015-02-01,36.188
"2416","SEAFOOD",2015-07-10,29.957
"2417","SEAFOOD",2015-08-23,99.654
"2418","SEAFOOD",2015-05-27,10.434
"2419","SEAFOOD",2015-05-20,21.9
"2420","SEAFOOD",2015-04-19,101.017
"2421","SEAFOOD",2015-01-22,13.659
"2422","SEAFOOD",2015-03-14,15.175
"2423","SEAFOOD",2015-03-31,64.362
"2424","SEAFOOD",2015-08-11,45.931
"2425","SEAFOOD",2015-02-17,41.206
"2426","SEAFOOD",2015-01-13,37.311
"2427","SEAFOOD",2015-08-16,2
"2428","SEAFOOD",2015-04-20,17.991001
"2429","SEAFOOD",2015-08-12,0
"2430","SEAFOOD",2015-05-21,46.85
"2431","SEAFOOD",2015-05-24,98.275
"2432","SEAFOOD",2015-04-02,157.426
"2433","SEAFOOD",2015-04-09,17.074
"2434","SEAFOOD",2015-08-29,2
"2435","SEAFOOD",2015-05-08,46.688
"2436","SEAFOOD",2015-07-17,39.868
"2437","SEAFOOD",2015-06-30,10
"2438","SEAFOOD",2015-08-27,154.229
"2439","SEAFOOD",2015-07-28,93.79
"2440","SEAFOOD",2015-02-27,38.163
"2441","SEAFOOD",2015-06-19,36.691998
"2442","SEAFOOD",2015-02-17,95.819
"2443","SEAFOOD",2015-05-10,21
"2444","SEAFOOD",2015-02-17,40.724
"2445","SEAFOOD",2015-07-12,5
"2446","SEAFOOD",2015-04-16,25.446
"2447","SEAFOOD",2015-09-03,8
"2448","SEAFOOD",2015-02-09,49.026
"2449","SEAFOOD",2015-04-21,51.108
"2450","SEAFOOD",2015-06-10,23.572
"2451","SEAFOOD",2015-06-14,5
"2452","SEAFOOD",2015-07-29,2
"2453","SEAFOOD",2015-09-05,81.279
"2454","SEAFOOD",2015-05-12,72.511
"2455","SEAFOOD",2015-08-21,37.878002
"2456","SEAFOOD",2015-08-10,89.229996
"2457","SEAFOOD",2015-03-29,50.661
"2458","SEAFOOD",2015-03-18,17
"2459","SEAFOOD",2015-04-07,21.939
"2460","SEAFOOD",2015-04-08,27.525
"2461","SEAFOOD",2015-05-04,24.112
"2462","SEAFOOD",2015-02-15,42.511
"2463","SEAFOOD",2015-04-26,19.22
"2464","SEAFOOD",2015-05-28,27.642
"2465","SEAFOOD",2015-02-26,77.131
"2466","SEAFOOD",2015-04-03,18.639
"2467","SEAFOOD",2015-02-02,44.648
"2468","SEAFOOD",2015-07-09,75.649
"2469","SEAFOOD",2015-03-25,18.574
"2470","SEAFOOD",2015-02-28,43.944
"2471","SEAFOOD",2015-07-14,26.536
"2472","SEAFOOD",2015-03-01,11.437
"2473","SEAFOOD",2015-08-27,24.785
"2474","SEAFOOD",2015-04-30,19
"2475","SEAFOOD",2015-08-06,48.986
"2476","SEAFOOD",2015-04-23,5
"2477","SEAFOOD",2015-08-02,33.831
"2478","SEAFOOD",2015-04-17,25.861
"2479","SEAFOOD",2015-02-03,35.225
"2480","SEAFOOD",2015-04-09,53.269
"2481","SEAFOOD",2015-08-16,42.334
"2482","SEAFOOD",2015-04-30,13.5
"2483","SEAFOOD",2015-05-31,19.630001
"2484","SEAFOOD",2015-05-02,79.455
"2485","SEAFOOD",2015-03-22,43.817
"2486","SEAFOOD",2015-03-16,1
"2487","SEAFOOD",2015-04-13,31.261002
"2488","SEAFOOD",2015-09-01,42.535
"2489","SEAFOOD",2015-05-11,14.097
"2490","SEAFOOD",2015-02-02,33.743
"2491","SEAFOOD",2015-03-04,26.035
"2492","SEAFOOD",2015-06-26,63.759
"2493","SEAFOOD",2015-07-17,14.486
"2494","SEAFOOD",2015-03-14,47.62
"2495","SEAFOOD",2015-09-04,6
"2496","SEAFOOD",2015-08-24,26.211
"2497","SEAFOOD",2015-01-08,4
"2498","SEAFOOD",2015-05-28,55.238
"2499","SEAFOOD",2015-03-27,26
"2500","SEAFOOD",2015-08-04,76.639
"2501","SEAFOOD",2015-03-06,25.248001
"2502","SEAFOOD",2015-08-03,47.445
"2503","SEAFOOD",2015-03-18,31.105
"2504","SEAFOOD",2015-04-24,39.949
"2505","SEAFOOD",2015-08-22,53.78
"2506","SEAFOOD",2015-02-18,34.932
"2507","SEAFOOD",2015-02-01,8
"2508","SEAFOOD",2015-08-27,81.08
"2509","SEAFOOD",2015-06-07,16.462
"2510","SEAFOOD",2015-09-09,86.664
"2511","SEAFOOD",2015-02-19,169.324
"2512","SEAFOOD",2015-01-04,32.371002
"2513","SEAFOOD",2015-06-11,68.576
"2514","SEAFOOD",2015-01-03,9.903999
"2515","SEAFOOD",2015-03-22,56.128998
"2516","SEAFOOD",2015-02-16,133.694
"2517","SEAFOOD",2015-02-16,42.424
"2518","SEAFOOD",2015-09-08,43.099
"2519","SEAFOOD",2015-05-09,70.963
"2520","SEAFOOD",2015-02-28,24
"2521","SEAFOOD",2015-08-16,96.407
"2522","SEAFOOD",2015-05-01,87.006
"2523","SEAFOOD",2015-07-02,100.106
"2524","SEAFOOD",2015-03-30,47.843
"2525","SEAFOOD",2015-06-17,7
"2526","SEAFOOD",2015-03-22,20.445
"2527","SEAFOOD",2015-09-08,66.014
"2528","SEAFOOD",2015-06-17,18.538
"2529","SEAFOOD",2015-02-23,28.501999
"2530","SEAFOOD",2015-03-27,52.64
"2531","SEAFOOD",2015-01-01,68.383
"2532","SEAFOOD",2015-04-17,61.104
"2533","SEAFOOD",2015-08-03,2
"2534","SEAFOOD",2015-02-13,24.657
"2535","SEAFOOD",2015-06-08,6
"2536","SEAFOOD",2015-05-06,9
"2537","SEAFOOD",2015-01-29,144.586
"2538","SEAFOOD",2015-08-24,26.524
"2539","SEAFOOD",2015-02-09,27.463
"2540","SEAFOOD",2015-03-18,15.2630005
"2541","SEAFOOD",2015-01-28,55.392998
"2542","SEAFOOD",2015-08-02,16.65
"2543","SEAFOOD",2015-07-26,70.42
"2544","SEAFOOD",2015-06-02,15
"2545","SEAFOOD",2015-03-02,43.345
"2546","SEAFOOD",2015-08-03,15.93
"2547","SEAFOOD",2015-04-23,44.206
"2548","SEAFOOD",2015-07-08,21.278
"2549","SEAFOOD",2015-03-17,61.695
"2550","SEAFOOD",2015-06-19,34
"2551","SEAFOOD",2015-08-02,121.576996
"2552","SEAFOOD",2015-02-05,5
"2553","SEAFOOD",2015-02-22,59.889
"2554","SEAFOOD",2015-04-27,31.865
"2555","SEAFOOD",2015-07-09,13
"2556","SEAFOOD",2015-09-12,61.658
"2557","SEAFOOD",2015-06-24,20.531
"2558","SEAFOOD",2015-04-28,70.875
"2559","SEAFOOD",2015-09-02,36.645
"2560","SEAFOOD",2015-07-19,4
"2561","SEAFOOD",2015-07-11,62.814
"2562","SEAFOOD",2015-06-21,61.238
"2563","SEAFOOD",2015-07-06,18
"2564","SEAFOOD",2015-06-30,84.669
"2565","SEAFOOD",2015-02-09,3
"2566","SEAFOOD",2015-06-30,144.851
"2567","SEAFOOD",2015-04-08,13.414
"2568","SEAFOOD",2015-01-15,50.234
"2569","SEAFOOD",2015-04-22,48.128998
"2570","SEAFOOD",2016-09-06,74.831
"2571","SEAFOOD",2015-11-24,53.437
"2572","SEAFOOD",2017-01-10,3
"2573","SEAFOOD",2017-05-31,32.475
"2574","SEAFOOD",2016-10-01,66.114
"2575","SEAFOOD",2015-09-26,71.712
"2576","SEAFOOD",2017-01-26,9.681
"2577","SEAFOOD",2016-02-10,106.062
"2578","SEAFOOD",2016-07-19,95.535
"2579","SEAFOOD",2016-02-01,7
"2580","SEAFOOD",2016-06-28,8.145
"2581","SEAFOOD",2016-04-29,32.186
"2582","SEAFOOD",2016-11-02,20.549
"2583","SEAFOOD",2017-03-25,63.784
"2584","SEAFOOD",2017-01-31,62.774
"2585","SEAFOOD",2016-04-14,52.982
"2586","SEAFOOD",2017-07-21,6.418
"2587","SEAFOOD",2016-11-24,31.822
"2588","SEAFOOD",2016-12-12,19.656
"2589","SEAFOOD",2017-07-06,38.631
"2590","SEAFOOD",2016-02-06,23.862
"2591","SEAFOOD",2016-08-30,11.246
"2592","SEAFOOD",2016-03-30,26.303
"2593","SEAFOOD",2015-10-19,35.246
"2594","SEAFOOD",2015-10-13,21.489
"2595","SEAFOOD",2017-05-04,78.611
"2596","SEAFOOD",2016-03-24,69.812
"2597","SEAFOOD",2016-07-24,43.056
"2598","SEAFOOD",2016-08-10,9.992
"2599","SEAFOOD",2015-10-02,93.09
"2600","SEAFOOD",2017-01-13,61.592
"2601","SEAFOOD",2017-02-19,40.482
"2602","SEAFOOD",2017-02-02,50.522
"2603","SEAFOOD",2015-12-06,2
"2604","SEAFOOD",2015-09-18,43.228
"2605","SEAFOOD",2017-06-04,23.999
"2606","SEAFOOD",2016-03-15,16.066
"2607","SEAFOOD",2017-03-21,44.708
"2608","SEAFOOD",2016-12-21,19.452
"2609","SEAFOOD",2016-09-21,24.969
"2610","SEAFOOD",2016-07-14,0
"2611","SEAFOOD",2017-07-11,20.139
"2612","SEAFOOD",2017-07-25,20.793
"2613","SEAFOOD",2015-09-20,19.994999
"2614","SEAFOOD",2017-04-21,59.716
"2615","SEAFOOD",2017-07-29,7.874
"2616","SEAFOOD",2017-06-14,10.556
"2617","SEAFOOD",2016-08-28,6
"2618","SEAFOOD",2016-10-16,106.433
"2619","SEAFOOD",2016-02-16,64.164
"2620","SEAFOOD",2015-10-01,2
"2621","SEAFOOD",2016-06-25,54.667
"2622","SEAFOOD",2016-01-29,3
"2623","SEAFOOD",2016-07-22,46.049
"2624","SEAFOOD",2015-10-15,16.871
"2625","SEAFOOD",2016-09-07,30.59
"2626","SEAFOOD",2016-10-29,58.98
"2627","SEAFOOD",2017-02-14,37.705
"2628","SEAFOOD",2017-02-16,185.648
"2629","SEAFOOD",2017-04-01,116.918
"2630","SEAFOOD",2016-04-20,2
"2631","SEAFOOD",2016-05-19,35.748
"2632","SEAFOOD",2017-02-28,53.4
"2633","SEAFOOD",2017-03-23,54.765
"2634","SEAFOOD",2016-06-05,81.031
"2635","SEAFOOD",2016-04-03,95.013
"2636","SEAFOOD",2016-01-31,45.124
"2637","SEAFOOD",2016-09-27,33.218
"2638","SEAFOOD",2016-08-19,11.477
"2639","SEAFOOD",2015-09-17,13.032
"2640","SEAFOOD",2016-05-06,5
"2641","SEAFOOD",2016-01-13,17.294
"2642","SEAFOOD",2017-07-25,18.524
"2643","SEAFOOD",2016-03-14,53.833
"2644","SEAFOOD",2015-10-20,43.354
"2645","SEAFOOD",2017-07-24,30.018
"2646","SEAFOOD",2015-11-18,31.272999
"2647","SEAFOOD",2016-03-04,8.905
"2648","SEAFOOD",2015-10-27,36.274
"2649","SEAFOOD",2016-06-02,10.465
"2650","SEAFOOD",2017-01-14,48.575
"2651","SEAFOOD",2017-03-20,61.528
"2652","SEAFOOD",2016-12-02,10.486
"2653","SEAFOOD",2016-09-26,0
"2654","SEAFOOD",2016-08-03,37.567
"2655","SEAFOOD",2016-12-23,59.11
"2656","SEAFOOD",2016-02-23,64.651
"2657","SEAFOOD",2016-12-10,5.413
"2658","SEAFOOD",2016-02-01,77.476
"2659","SEAFOOD",2015-09-29,43.007
"2660","SEAFOOD",2017-03-21,15
"2661","SEAFOOD",2017-04-27,41.452
"2662","SEAFOOD",2016-06-03,9.221
"2663","SEAFOOD",2016-01-26,68.535995
"2664","SEAFOOD",2016-08-04,11
"2665","SEAFOOD",2016-09-10,62.209
"2666","SEAFOOD",2017-06-21,6
"2667","SEAFOOD",2016-03-28,35.257
"2668","SEAFOOD",2016-05-04,3
"2669","SEAFOOD",2016-12-16,97.43
"2670","SEAFOOD",2016-12-08,71.314
"2671","SEAFOOD",2017-01-22,12.756
"2672","SEAFOOD",2016-06-29,37.319
"2673","SEAFOOD",2016-10-04,24
"2674","SEAFOOD",2017-06-30,33.608
"2675","SEAFOOD",2015-10-23,31.34
"2676","SEAFOOD",2017-06-24,8.889
"2677","SEAFOOD",2017-02-04,118.011
"2678","SEAFOOD",2016-06-25,40.019
"2679","SEAFOOD",2017-02-01,34.88
"2680","SEAFOOD",2016-01-11,36.794
"2681","SEAFOOD",2016-03-18,56.014
"2682","SEAFOOD",2016-05-11,17.412
"2683","SEAFOOD",2016-01-01,4
"2684","SEAFOOD",2015-12-09,4
"2685","SEAFOOD",2015-10-06,60.805
"2686","SEAFOOD",2016-03-14,84.246
"2687","SEAFOOD",2016-04-29,58.842
"2688","SEAFOOD",2016-05-09,33.553
"2689","SEAFOOD",2015-11-21,17.64
"2690","SEAFOOD",2017-02-12,0
"2691","SEAFOOD",2016-07-11,14.469
"2692","SEAFOOD",2017-06-19,11.525
"2693","SEAFOOD",2016-05-13,69.645004
"2694","SEAFOOD",2016-02-04,34.071
"2695","SEAFOOD",2015-10-06,118.937
"2696","SEAFOOD",2016-03-27,44.079998
"2697","SEAFOOD",2016-01-04,54.753
"2698","SEAFOOD",2015-10-23,27.08
"2699","SEAFOOD",2016-01-20,66.971
"2700","SEAFOOD",2016-02-07,16.792
"2701","SEAFOOD",2016-04-26,2.964
"2702","SEAFOOD",2016-03-31,26.896
"2703","SEAFOOD",2017-07-01,9.128
"2704","SEAFOOD",2016-06-18,7.835
"2705","SEAFOOD",2016-01-31,68.509
"2706","SEAFOOD",2016-09-14,42.593002
"2707","SEAFOOD",2015-12-08,11.535
"2708","SEAFOOD",2016-03-19,19.348
"2709","SEAFOOD",2017-02-01,26.407
"2710","SEAFOOD",2016-07-25,23.494
"2711","SEAFOOD",2016-09-20,103.828
"2712","SEAFOOD",2016-07-28,44.850998
"2713","SEAFOOD",2016-04-28,30.293999
"2714","SEAFOOD",2016-07-29,6.789
"2715","SEAFOOD",2015-11-01,22.434
"2716","SEAFOOD",2017-03-07,2
"2717","SEAFOOD",2015-09-21,53.255
"2718","SEAFOOD",2016-09-05,24.838
"2719","SEAFOOD",2016-08-28,79.188
"2720","SEAFOOD",2017-08-03,33.768
"2721","SEAFOOD",2017-01-11,61.354
"2722","SEAFOOD",2015-10-05,28.317001
"2723","SEAFOOD",2016-02-19,61.169
"2724","SEAFOOD",2017-06-22,8.116
"2725","SEAFOOD",2016-08-25,13.52
"2726","SEAFOOD",2017-02-24,26.986
"2727","SEAFOOD",2016-02-27,62.093998
"2728","SEAFOOD",2016-11-07,25.518
"2729","SEAFOOD",2016-02-18,4
"2730","SEAFOOD",2015-11-09,29.026
"2731","SEAFOOD",2017-04-04,13.373
"2732","SEAFOOD",2016-08-03,6
"2733","SEAFOOD",2016-07-13,8.318
"2734","SEAFOOD",2016-08-24,13.21
"2735","SEAFOOD",2015-11-09,35.577
"2736","SEAFOOD",2016-05-21,17.096
"2737","SEAFOOD",2016-03-13,21.103
"2738","SEAFOOD",2017-06-30,33.693
"2739","SEAFOOD",2016-01-12,13.084
"2740","SEAFOOD",2017-06-10,14.752
"2741","SEAFOOD",2016-09-09,13.855
"2742","SEAFOOD",2016-06-23,6.914
"2743","SEAFOOD",2017-03-16,78.223
"2744","SEAFOOD",2016-06-25,55.385
"2745","SEAFOOD",2015-09-28,50.465
"2746","SEAFOOD",2017-03-22,32.257
"2747","SEAFOOD",2016-04-16,55.95
"2748","SEAFOOD",2016-03-08,12.754
"2749","SEAFOOD",2015-12-21,21.924
"2750","SEAFOOD",2017-05-19,28.15
"2751","SEAFOOD",2016-12-20,40.909
"2752","SEAFOOD",2016-04-13,21.123001
"2753","SEAFOOD",2016-12-18,10.375
"2754","SEAFOOD",2017-02-24,18.643
"2755","SEAFOOD",2016-11-18,41.697
"2756","SEAFOOD",2017-04-29,96.529
"2757","SEAFOOD",2017-05-08,36.501
"2758","SEAFOOD",2016-02-07,10.174
"2759","SEAFOOD",2016-12-21,20.01
"2760","SEAFOOD",2017-04-13,60.356
"2761","SEAFOOD",2016-05-13,59.559
"2762","SEAFOOD",2017-04-19,24.589
"2763","SEAFOOD",2017-06-09,68.22
"2764","SEAFOOD",2017-02-08,32.531
"2765","SEAFOOD",2016-09-12,3.702
"2766","SEAFOOD",2016-10-21,6
"2767","SEAFOOD",2016-03-08,21.932999
"2768","SEAFOOD",2016-08-09,34.958
"2769","SEAFOOD",2015-10-07,84.656
"2770","SEAFOOD",2016-09-04,34.828
"2771","SEAFOOD",2016-05-31,3
"2772","SEAFOOD",2017-06-20,36.839
"2773","SEAFOOD",2016-04-19,50.931
"2774","SEAFOOD",2017-01-17,52.378
"2775","SEAFOOD",2016-04-18,29.439001
"2776","SEAFOOD",2016-05-05,54.697
"2777","SEAFOOD",2016-03-20,34.303
"2778","SEAFOOD",2016-04-20,26.935
"2779","SEAFOOD",2016-03-16,29.862999
"2780","SEAFOOD",2016-02-13,17.979
"2781","SEAFOOD",2017-03-20,8.26
"2782","SEAFOOD",2017-04-14,23.924
"2783","SEAFOOD",2016-01-17,34.105
"2784","SEAFOOD",2016-12-16,54.906
"2785","SEAFOOD",2015-10-13,53.905
"2786","SEAFOOD",2017-02-10,32.599
"2787","SEAFOOD",2016-09-02,12
"2788","SEAFOOD",2017-05-31,17.656
"2789","SEAFOOD",2016-12-06,8
"2790","SEAFOOD",2017-03-14,32.999
"2791","SEAFOOD",2016-03-09,22.931
"2792","SEAFOOD",2017-01-10,39.474
"2793","SEAFOOD",2016-02-03,25.546
"2794","SEAFOOD",2017-01-04,49.583
"2795","SEAFOOD",2016-10-18,31.554998
"2796","SEAFOOD",2016-10-11,45.666
"2797","SEAFOOD",2016-06-20,10.348
"2798","SEAFOOD",2016-06-04,72.107
"2799","SEAFOOD",2017-02-18,103.148
"2800","SEAFOOD",2016-02-17,38.664
"2801","SEAFOOD",2017-03-29,38.591
"2802","SEAFOOD",2016-09-05,107.076
"2803","SEAFOOD",2017-03-30,3
"2804","SEAFOOD",2015-12-18,90.843
"2805","SEAFOOD",2016-11-18,38.917
"2806","SEAFOOD",2017-02-09,173.925
"2807","SEAFOOD",2017-04-19,13.521
"2808","SEAFOOD",2016-03-11,9
"2809","SEAFOOD",2015-10-12,1
"2810","SEAFOOD",2016-06-06,27.912
"2811","SEAFOOD",2016-01-21,140.812
"2812","SEAFOOD",2017-04-07,53.074
"2813","SEAFOOD",2016-05-20,36.557
"2814","SEAFOOD",2016-03-14,3
"2815","SEAFOOD",2016-08-08,30.049
"2816","SEAFOOD",2016-11-14,32.439
"2817","SEAFOOD",2016-10-23,8.208
"2818","SEAFOOD",2017-06-02,32.603
"2819","SEAFOOD",2015-11-05,87.792
"2820","SEAFOOD",2016-07-10,70.562
"2821","SEAFOOD",2017-01-27,105.964005
"2822","SEAFOOD",2016-08-27,16.4
"2823","SEAFOOD",2016-06-09,65.086
"2824","SEAFOOD",2016-01-25,25.428001
"2825","SEAFOOD",2015-11-03,33.825
"2826","SEAFOOD",2017-07-15,29.317001
"2827","SEAFOOD",2016-11-10,14.564
"2828","SEAFOOD",2017-05-31,20.355
"2829","SEAFOOD",2017-02-14,38.718002
"2830","SEAFOOD",2016-07-30,15.601
"2831","SEAFOOD",2015-10-01,64.617
"2832","SEAFOOD",2015-11-29,43.93
"2833","SEAFOOD",2016-04-21,95.292
"2834","SEAFOOD",2016-09-30,125.393005
"2835","SEAFOOD",2016-04-09,30.83
"2836","SEAFOOD",2017-06-14,30.929
"2837","SEAFOOD",2016-07-26,9.462
"2838","SEAFOOD",2016-04-09,15.754
"2839","SEAFOOD",2016-06-19,63.642998
"2840","SEAFOOD",2017-01-14,42.615
"2841","SEAFOOD",2017-02-02,62.767002
"2842","SEAFOOD",2016-01-26,14.783
"2843","SEAFOOD",2016-08-18,16.943
"2844","SEAFOOD",2016-08-22,12.079
"2845","SEAFOOD",2015-11-03,36.178
"2846","SEAFOOD",2016-05-15,37.196
"2847","SEAFOOD",2017-07-09,10.946
"2848","SEAFOOD",2016-07-23,41.34
"2849","SEAFOOD",2015-09-22,32.234
"2850","SEAFOOD",2016-02-07,47.107998
"2851","SEAFOOD",2015-11-10,9.157
"2852","SEAFOOD",2017-03-18,14.622
"2853","SEAFOOD",2016-06-21,57.015
"2854","SEAFOOD",2017-08-14,32.718002
"2855","SEAFOOD",2016-06-28,62.363003
"2856","SEAFOOD",2016-05-11,17.1
"2857","SEAFOOD",2016-08-19,67.251
"2858","SEAFOOD",2015-09-27,2
"2859","SEAFOOD",2016-09-03,43.732998
"2860","SEAFOOD",2016-09-26,62.749
"2861","SEAFOOD",2017-05-27,15.35
"2862","SEAFOOD",2017-07-20,40.015
"2863","SEAFOOD",2016-02-04,103.764
"2864","SEAFOOD",2016-09-20,1
"2865","SEAFOOD",2015-10-06,15.146
"2866","SEAFOOD",2015-11-14,51.153
"2867","SEAFOOD",2016-11-16,22.858
"2868","SEAFOOD",2017-01-15,56.419
"2869","SEAFOOD",2016-06-21,103.559
"2870","SEAFOOD",2017-08-03,9.582
"2871","SEAFOOD",2017-02-04,13.16
"2872","SEAFOOD",2015-10-21,51.602
"2873","SEAFOOD",2017-05-19,27.380001
"2874","SEAFOOD",2017-02-27,13.768
"2875","SEAFOOD",2017-05-19,69.931
"2876","SEAFOOD",2016-01-02,10
"2877","SEAFOOD",2016-05-25,23.395
"2878","SEAFOOD",2016-04-01,12.8
"2879","SEAFOOD",2016-01-13,1
"2880","SEAFOOD",2016-07-09,13
"2881","SEAFOOD",2016-06-06,26.063
"2882","SEAFOOD",2016-04-30,34.169
"2883","SEAFOOD",2016-10-18,35.083
"2884","SEAFOOD",2016-10-08,10
"2885","SEAFOOD",2017-05-01,23.715
"2886","SEAFOOD",2016-07-02,8
"2887","SEAFOOD",2017-03-23,162.47101
"2888","SEAFOOD",2016-12-22,29.066
"2889","SEAFOOD",2017-07-07,8.674
"2890","SEAFOOD",2016-04-06,78.556
"2891","SEAFOOD",2017-07-20,31.826
"2892","SEAFOOD",2015-11-04,23.869
"2893","SEAFOOD",2016-02-27,50.095
"2894","SEAFOOD",2015-11-07,72.959
"2895","SEAFOOD",2016-10-06,83.4
"2896","SEAFOOD",2016-08-07,37.003998
"2897","SEAFOOD",2016-04-24,34.394
"2898","SEAFOOD",2016-02-28,74.535
"2899","SEAFOOD",2016-12-26,27.707
"2900","SEAFOOD",2016-09-24,56.17
"2901","SEAFOOD",2017-03-23,47.599
"2902","SEAFOOD",2017-03-26,33.669
"2903","SEAFOOD",2015-12-11,21.818
"2904","SEAFOOD",2015-10-13,94.191
"2905","SEAFOOD",2016-10-02,12.404
"2906","SEAFOOD",2015-11-28,10.18
"2907","SEAFOOD",2015-12-02,2
"2908","SEAFOOD",2015-12-10,36.525
"2909","SEAFOOD",2016-08-27,16.054
"2910","SEAFOOD",2017-04-11,0
"2911","SEAFOOD",2016-09-07,13.47
"2912","SEAFOOD",2016-06-02,86.795
"2913","SEAFOOD",2015-11-28,56.16
"2914","SEAFOOD",2015-11-22,74.78
"2915","SEAFOOD",2017-01-12,68.417
"2916","SEAFOOD",2016-06-17,93.705
"2917","SEAFOOD",2016-08-14,20.849
"2918","SEAFOOD",2016-09-13,92.028
"2919","SEAFOOD",2016-02-27,13.976
"2920","SEAFOOD",2016-10-07,54.012
"2921","SEAFOOD",2017-07-26,4.58
"2922","SEAFOOD",2016-06-09,50.755
"2923","SEAFOOD",2017-07-10,4
"2924","SEAFOOD",2015-09-25,50.721
"2925","SEAFOOD",2017-06-14,19.291
"2926","SEAFOOD",2016-09-19,1
"2927","SEAFOOD",2016-02-03,55.802002
"2928","SEAFOOD",2016-10-30,14.575
"2929","SEAFOOD",2016-05-13,54.619
"2930","SEAFOOD",2017-05-23,41.705
"2931","SEAFOOD",2017-05-21,31.844
"2932","SEAFOOD",2015-11-05,14.191999
"2933","SEAFOOD",2016-06-20,41.681
"2934","SEAFOOD",2016-06-11,116.858
"2935","SEAFOOD",2016-07-14,35.664
"2936","SEAFOOD",2017-05-08,41.563
"2937","SEAFOOD",2016-01-07,31.381
"2938","SEAFOOD",2017-03-21,56.607002
"2939","SEAFOOD",2017-05-20,69.532
"2940","SEAFOOD",2017-06-06,23.579
"2941","SEAFOOD",2017-02-06,25.571999
"2942","SEAFOOD",2016-07-28,74.671
"2943","SEAFOOD",2017-07-25,13.915
"2944","SEAFOOD",2016-11-12,7
"2945","SEAFOOD",2016-05-04,67.004
"2946","SEAFOOD",2017-05-17,41.626
"2947","SEAFOOD",2016-05-24,88.144
"2948","SEAFOOD",2016-10-30,23.845999
"2949","SEAFOOD",2017-05-01,21.204
"2950","SEAFOOD",2017-03-02,103.091
"2951","SEAFOOD",2017-05-15,63.073
"2952","SEAFOOD",2016-12-14,34.31
"2953","SEAFOOD",2017-01-25,68.875
"2954","SEAFOOD",2016-03-29,52.546
"2955","SEAFOOD",2016-12-27,27.914
"2956","SEAFOOD",2017-05-26,43.512
"2957","SEAFOOD",2017-07-19,19.436
"2958","SEAFOOD",2017-02-19,92.732
"2959","SEAFOOD",2017-01-23,17
"2960","SEAFOOD",2016-03-15,91.047
"2961","SEAFOOD",2016-12-09,36.665
"2962","SEAFOOD",2017-02-06,26.267
"2963","SEAFOOD",2017-06-29,51.669
"2964","SEAFOOD",2016-07-26,37.731
"2965","SEAFOOD",2016-06-03,41.858
"2966","SEAFOOD",2016-02-22,15.736
"2967","SEAFOOD",2017-01-25,11.752
"2968","SEAFOOD",2016-10-26,43.415
"2969","SEAFOOD",2015-09-28,92.064
"2970","SEAFOOD",2017-06-20,0
"2971","SEAFOOD",2015-11-08,27.19
"2972","SEAFOOD",2015-12-09,28.536
"2973","SEAFOOD",2017-08-12,77.398
"2974","SEAFOOD",2016-04-28,36.829998
"2975","SEAFOOD",2017-01-10,18.963
"2976","SEAFOOD",2016-09-28,6
"2977","SEAFOOD",2016-12-09,36
"2978","SEAFOOD",2015-11-18,13.142
"2979","SEAFOOD",2017-02-08,3
"2980","SEAFOOD",2015-10-23,66.212
"2981","SEAFOOD",2016-04-25,11.629
"2982","SEAFOOD",2016-08-11,9.33
"2983","SEAFOOD",2015-10-10,12.688
"2984","SEAFOOD",2016-06-23,31.345001
"2985","SEAFOOD",2015-12-08,35.709
"2986","SEAFOOD",2017-02-05,43.315998
"2987","SEAFOOD",2015-10-03,15.394
"2988","SEAFOOD",2017-01-14,12.743
"2989","SEAFOOD",2017-08-10,48.734
"2990","SEAFOOD",2017-06-06,30.528
"2991","SEAFOOD",2016-02-09,102.139
"2992","SEAFOOD",2016-08-07,47.174
"2993","SEAFOOD",2017-04-06,24.633
"2994","SEAFOOD",2017-03-11,22.565
"2995","SEAFOOD",2016-05-31,47.809998
"2996","SEAFOOD",2015-10-27,23.559
"2997","SEAFOOD",2017-01-28,117.32
"2998","SEAFOOD",2016-01-30,66.223
"2999","SEAFOOD",2016-01-14,49.647
"3000","SEAFOOD",2016-12-11,30.943
"3001","SEAFOOD",2016-06-22,26.603
"3002","SEAFOOD",2016-10-20,71.744
"3003","SEAFOOD",2016-03-23,45.725998
"3004","SEAFOOD",2016-08-27,8.855
"3005","SEAFOOD",2016-12-07,21.277
"3006","SEAFOOD",2016-05-07,11.394
"3007","SEAFOOD",2016-05-24,33.638
"3008","SEAFOOD",2016-09-09,61.626
"3009","SEAFOOD",2017-03-16,16.972
"3010","SEAFOOD",2016-07-09,124.794
"3011","SEAFOOD",2016-11-25,8
"3012","SEAFOOD",2016-07-11,9.066
"3013","SEAFOOD",2016-08-12,29.977001
"3014","SEAFOOD",2017-02-20,68.986
"3015","SEAFOOD",2017-06-25,12.1119995
"3016","SEAFOOD",2015-12-30,29.374
"3017","SEAFOOD",2017-03-29,21.285
"3018","SEAFOOD",2017-01-10,10
"3019","SEAFOOD",2016-02-22,35.072
"3020","SEAFOOD",2017-06-11,33.122
"3021","SEAFOOD",2016-12-06,31.736
"3022","SEAFOOD",2016-08-31,104.749
"3023","SEAFOOD",2015-11-09,82.414
"3024","SEAFOOD",2015-09-29,6.466
"3025","SEAFOOD",2017-08-01,24.689
"3026","SEAFOOD",2016-11-03,59.182
"3027","SEAFOOD",2016-05-02,47.622
"3028","SEAFOOD",2016-07-14,57.25
"3029","SEAFOOD",2016-12-11,0
"3030","SEAFOOD",2016-04-20,29.374
"3031","SEAFOOD",2016-05-30,112.767
"3032","SEAFOOD",2016-03-09,30.253
"3033","SEAFOOD",2016-07-16,11.269
"3034","SEAFOOD",2017-01-19,72.543
"3035","SEAFOOD",2017-01-29,25.235
"3036","SEAFOOD",2017-04-07,102.44
"3037","SEAFOOD",2017-02-28,69.94
"3038","SEAFOOD",2015-12-13,55.438
"3039","SEAFOOD",2016-07-07,29.868
"3040","SEAFOOD",2017-04-17,2
"3041","SEAFOOD",2015-10-07,1
"3042","SEAFOOD",2016-05-20,4
"3043","SEAFOOD",2017-03-05,10.992001
"3044","SEAFOOD",2016-06-03,10
"3045","SEAFOOD",2017-01-15,12.871
"3046","SEAFOOD",2017-05-06,39.772
"3047","SEAFOOD",2015-12-25,44.058
"3048","SEAFOOD",2016-05-02,96.868
"3049","SEAFOOD",2017-03-25,3
"3050","SEAFOOD",2016-04-27,0
"3051","SEAFOOD",2017-03-25,50.056
"3052","SEAFOOD",2015-11-10,80.104004
"3053","SEAFOOD",2017-04-19,74.37
"3054","SEAFOOD",2015-10-26,61.045
"3055","SEAFOOD",2016-12-18,7.756
"3056","SEAFOOD",2017-03-22,82.381
"3057","SEAFOOD",2016-03-29,60.008
"3058","SEAFOOD",2017-05-12,125.2
"3059","SEAFOOD",2016-09-15,9.32
"3060","SEAFOOD",2016-01-23,11.4279995
"3061","SEAFOOD",2016-01-26,23.862
"3062","SEAFOOD",2015-09-23,1.642
"3063","SEAFOOD",2017-06-12,28.585
"3064","SEAFOOD",2015-12-20,26.036
"3065","SEAFOOD",2016-05-01,11.007
"3066","SEAFOOD",2016-01-10,26.02
"3067","SEAFOOD",2016-02-20,17.846
"3068","SEAFOOD",2016-12-25,43.312
"3069","SEAFOOD",2016-10-30,19.054
"3070","SEAFOOD",2015-10-02,66.928
"3071","SEAFOOD",2016-12-16,46.293
"3072","SEAFOOD",2015-11-26,71.001
"3073","SEAFOOD",2017-01-14,67.104996
"3074","SEAFOOD",2016-10-10,13
"3075","SEAFOOD",2015-11-04,33.197998
"3076","SEAFOOD",2016-01-04,23.2
"3077","SEAFOOD",2016-03-12,6.214
"3078","SEAFOOD",2017-01-16,23.685
"3079","SEAFOOD",2016-07-19,54.428
"3080","SEAFOOD",2016-09-10,38.7
"3081","SEAFOOD",2016-06-24,27.374
"3082","SEAFOOD",2017-06-08,34.364998
"3083","SEAFOOD",2017-03-13,48.019
"3084","SEAFOOD",2016-03-16,22.783
"3085","SEAFOOD",2016-03-15,106.041
"3086","SEAFOOD",2016-09-12,87.31
"3087","SEAFOOD",2016-10-14,41.941
"3088","SEAFOOD",2017-04-22,8
"3089","SEAFOOD",2015-12-21,5.331
"3090","SEAFOOD",2016-01-17,33.296
"3091","SEAFOOD",2016-04-22,57.091
"3092","SEAFOOD",2017-06-21,37.907
"3093","SEAFOOD",2017-02-17,69.678
"3094","SEAFOOD",2016-08-15,23.632
"3095","SEAFOOD",2016-04-11,36.229
"3096","SEAFOOD",2017-02-25,0
"3097","SEAFOOD",2016-06-19,22.066
"3098","SEAFOOD",2016-01-24,22.387001
"3099","SEAFOOD",2016-11-13,96.2
"3100","SEAFOOD",2017-04-25,78.598
"3101","SEAFOOD",2016-08-26,54.482002
"3102","SEAFOOD",2016-01-06,27.64
"3103","SEAFOOD",2016-11-02,29
"3104","SEAFOOD",2017-03-26,89.82
"3105","SEAFOOD",2016-11-25,17
"3106","SEAFOOD",2017-01-11,39.186
"3107","SEAFOOD",2016-05-08,26.344
"3108","SEAFOOD",2016-08-03,76.68
"3109","SEAFOOD",2017-02-11,24
"3110","SEAFOOD",2016-04-29,37.115
"3111","SEAFOOD",2017-04-09,2
"3112","SEAFOOD",2016-04-11,42.234
"3113","SEAFOOD",2016-12-20,17.968
"3114","SEAFOOD",2016-06-17,42.49
"3115","SEAFOOD",2015-10-13,17.938
"3116","SEAFOOD",2017-04-29,44.567
"3117","SEAFOOD",2017-07-01,139.347
"3118","SEAFOOD",2015-09-24,48.22
"3119","SEAFOOD",2017-03-25,14.005
"3120","SEAFOOD",2015-11-02,44.555
"3121","SEAFOOD",2016-03-22,44.216
"3122","SEAFOOD",2015-12-17,72.443
"3123","SEAFOOD",2017-04-22,24.175
"3124","SEAFOOD",2016-02-24,28.437
"3125","SEAFOOD",2016-10-11,19.832
"3126","SEAFOOD",2016-08-20,8.844
"3127","SEAFOOD",2016-01-07,68.422005
"3128","SEAFOOD",2016-11-17,38.898
"3129","SEAFOOD",2016-05-26,20.739
"3130","SEAFOOD",2015-12-20,41.707
"3131","SEAFOOD",2016-08-01,63.583
"3132","SEAFOOD",2016-05-18,0
"3133","SEAFOOD",2015-11-08,29.011
"3134","SEAFOOD",2016-05-25,22.386
"3135","SEAFOOD",2016-12-06,45.152
"3136","SEAFOOD",2016-07-09,41.894
"3137","SEAFOOD",2016-08-30,32.869
"3138","SEAFOOD",2016-09-15,1
"3139","SEAFOOD",2017-03-13,39.089
"3140","SEAFOOD",2016-03-14,16.235
"3141","SEAFOOD",2016-02-19,14.047
"3142","SEAFOOD",2016-11-13,35.351
"3143","SEAFOOD",2016-03-10,20.288
"3144","SEAFOOD",2016-09-26,23.864
"3145","SEAFOOD",2017-04-23,24.318
"3146","SEAFOOD",2017-05-16,0
"3147","SEAFOOD",2015-09-17,55.741
"3148","SEAFOOD",2016-06-21,39.328
"3149","SEAFOOD",2017-03-09,13
"3150","SEAFOOD",2016-10-19,31.575
"3151","SEAFOOD",2017-05-10,28.307
"3152","SEAFOOD",2016-08-21,45.769
"3153","SEAFOOD",2017-05-29,86.093
"3154","SEAFOOD",2016-10-25,59.303
"3155","SEAFOOD",2016-07-21,133.574
"3156","SEAFOOD",2017-05-11,84.157
"3157","SEAFOOD",2016-11-26,56.996
"3158","SEAFOOD",2015-11-22,39.843
"3159","SEAFOOD",2016-10-14,43.216
"3160","SEAFOOD",2017-07-29,7.8719997
"3161","SEAFOOD",2016-04-14,44.16
"3162","SEAFOOD",2017-01-01,75.907
"3163","SEAFOOD",2016-07-31,56.325
"3164","SEAFOOD",2015-11-18,9.556
"3165","SEAFOOD",2016-09-11,15.642
"3166","SEAFOOD",2017-03-09,139.009
"3167","SEAFOOD",2016-05-22,13
"3168","SEAFOOD",2015-11-19,84.133
"3169","SEAFOOD",2017-08-11,25.244
"3170","SEAFOOD",2017-05-07,16
"3171","SEAFOOD",2017-01-23,42.243
"3172","SEAFOOD",2016-03-22,29.46
"3173","SEAFOOD",2016-09-24,26
"3174","SEAFOOD",2016-06-27,27.013
"3175","SEAFOOD",2017-06-28,23.021
"3176","SEAFOOD",2017-08-14,47.575
"3177","SEAFOOD",2016-07-07,15.698
"3178","SEAFOOD",2017-07-03,26.525
"3179","SEAFOOD",2016-01-14,1
"3180","SEAFOOD",2015-12-09,23.534
"3181","SEAFOOD",2016-03-07,48.424
"3182","SEAFOOD",2017-06-13,24.15
"3183","SEAFOOD",2016-07-08,57.816
"3184","SEAFOOD",2016-12-07,22.108
"3185","SEAFOOD",2015-10-11,107.308
"3186","SEAFOOD",2016-12-23,3.832
"3187","SEAFOOD",2015-11-16,60.286
"3188","SEAFOOD",2016-04-24,73.163
"3189","SEAFOOD",2016-05-12,4
"3190","SEAFOOD",2016-12-02,30.766
"3191","SEAFOOD",2017-05-21,17.012
"3192","SEAFOOD",2016-07-19,41.549
"3193","SEAFOOD",2016-03-27,63.743
"3194","SEAFOOD",2016-04-15,4
"3195","SEAFOOD",2017-06-23,0
"3196","SEAFOOD",2016-04-18,7.11
"3197","SEAFOOD",2016-03-26,9.604
"3198","SEAFOOD",2017-07-24,14.338
"3199","SEAFOOD",2017-05-05,5
"3200","SEAFOOD",2016-05-26,9.992001
"3201","SEAFOOD",2016-12-09,29.148
"3202","SEAFOOD",2017-07-08,20.682
"3203","SEAFOOD",2016-12-20,17.085
"3204","SEAFOOD",2016-05-09,4
"3205","SEAFOOD",2016-06-16,30.717
"3206","SEAFOOD",2016-11-20,41.79
"3207","SEAFOOD",2017-04-25,13.306
"3208","SEAFOOD",2016-02-14,74.006
"3209","SEAFOOD",2016-10-04,32.549
"3210","SEAFOOD",2017-05-11,33.637
"3211","SEAFOOD",2017-07-29,48.836998
"3212","SEAFOOD",2016-12-03,16.044
"3213","SEAFOOD",2017-03-14,32.482
"3214","SEAFOOD",2016-07-29,47.697
"3215","SEAFOOD",2017-01-20,78.064
"3216","SEAFOOD",2016-03-17,34.669
"3217","SEAFOOD",2016-01-26,35.881
"3218","SEAFOOD",2015-11-25,30.022
"3219","SEAFOOD",2015-11-08,11.552
"3220","SEAFOOD",2016-10-31,29.672
"3221","SEAFOOD",2016-04-17,30.967
"3222","SEAFOOD",2017-06-09,18.975
"3223","SEAFOOD",2017-03-02,48.479
"3224","SEAFOOD",2016-06-25,6.22
"3225","SEAFOOD",2017-06-15,50.231
"3226","SEAFOOD",2017-02-14,37.949
"3227","SEAFOOD",2016-03-06,39.190002
"3228","SEAFOOD",2015-12-03,51.25
"3229","SEAFOOD",2017-06-15,42.776
"3230","SEAFOOD",2016-10-13,63.719
"3231","SEAFOOD",2015-12-05,40.182
"3232","SEAFOOD",2016-04-18,10.632
"3233","SEAFOOD",2016-11-08,39.363
"3234","SEAFOOD",2017-02-27,22
"3235","SEAFOOD",2016-01-03,53.172
"3236","SEAFOOD",2016-11-20,7
"3237","SEAFOOD",2016-05-14,42.554
"3238","SEAFOOD",2017-06-21,20.243
"3239","SEAFOOD",2015-11-26,10.305
"3240","SEAFOOD",2015-10-08,14.599
"3241","SEAFOOD",2016-03-21,21.855
"3242","SEAFOOD",2016-04-04,82.209
"3243","SEAFOOD",2017-03-01,28.554
"3244","SEAFOOD",2017-07-09,31.249
"3245","SEAFOOD",2016-11-23,5
"3246","SEAFOOD",2017-03-23,96.165
"3247","SEAFOOD",2017-01-24,27.352
"3248","SEAFOOD",2016-04-05,26
"3249","SEAFOOD",2016-03-09,81.295
"3250","SEAFOOD",2017-07-16,34.451
"3251","SEAFOOD",2016-09-11,33.491
"3252","SEAFOOD",2017-06-12,28.908
"3253","SEAFOOD",2017-05-07,37.041
"3254","SEAFOOD",2016-09-27,10
"3255","SEAFOOD",2017-07-13,16
"3256","SEAFOOD",2016-11-21,16.098
"3257","SEAFOOD",2016-10-12,43.114998
"3258","SEAFOOD",2015-12-14,44.166
"3259","SEAFOOD",2016-08-04,52.84
"3260","SEAFOOD",2016-12-29,38.04
"3261","SEAFOOD",2017-02-03,60.2
"3262","SEAFOOD",2016-12-26,31.83
"3263","SEAFOOD",2016-07-15,113.204
"3264","SEAFOOD",2016-01-23,69.043
"3265","SEAFOOD",2017-03-15,55.339
"3266","SEAFOOD",2016-11-23,10.608
"3267","SEAFOOD",2016-09-14,18.231
"3268","SEAFOOD",2015-12-03,145.107
"3269","SEAFOOD",2015-12-23,14.353001
"3270","SEAFOOD",2017-04-22,0
"3271","SEAFOOD",2016-10-23,44.028
"3272","SEAFOOD",2016-06-24,31.205
"3273","SEAFOOD",2017-01-30,0
"3274","SEAFOOD",2017-03-07,52.267
"3275","SEAFOOD",2017-03-25,55.097
"3276","SEAFOOD",2015-09-15,16.293999
"3277","SEAFOOD",2017-03-14,99.020004
"3278","SEAFOOD",2017-07-01,78.927
"3279","SEAFOOD",2016-10-07,70.792
"3280","SEAFOOD",2015-10-14,61.425
"3281","SEAFOOD",2017-04-27,88.372
"3282","SEAFOOD",2016-01-11,70.997
"3283","SEAFOOD",2016-03-02,29.427
"3284","SEAFOOD",2016-01-01,30.616
"3285","SEAFOOD",2015-11-14,57.766
"3286","SEAFOOD",2016-05-10,67.6
"3287","SEAFOOD",2016-04-05,97.79
"3288","SEAFOOD",2015-11-08,15.781
"3289","SEAFOOD",2016-03-11,30.444
"3290","SEAFOOD",2016-06-28,95.135
"3291","SEAFOOD",2015-10-16,16.419
"3292","SEAFOOD",2017-06-24,68.327
"3293","SEAFOOD",2017-01-30,24
"3294","SEAFOOD",2016-11-12,59.071
"3295","SEAFOOD",2017-07-06,55.554
"3296","SEAFOOD",2016-10-24,71.767
"3297","SEAFOOD",2016-03-10,42.559002
"3298","SEAFOOD",2017-01-02,15.15
"3299","SEAFOOD",2016-12-04,7
"3300","SEAFOOD",2016-11-24,38.077
"3301","SEAFOOD",2016-08-09,21.035
"3302","SEAFOOD",2017-05-04,92.032
"3303","SEAFOOD",2015-11-11,10.713
"3304","SEAFOOD",2017-01-18,36.849
"3305","SEAFOOD",2015-12-21,45.010002
"3306","SEAFOOD",2017-04-30,48.787
"3307","SEAFOOD",2015-09-30,86.703
"3308","SEAFOOD",2017-07-11,54.327
"3309","SEAFOOD",2017-03-08,32.707
"3310","SEAFOOD",2017-03-12,30.856
"3311","SEAFOOD",2016-08-21,37.588
"3312","SEAFOOD",2016-12-02,9
"3313","SEAFOOD",2017-02-09,74.729996
"3314","SEAFOOD",2017-05-11,81.446
"3315","SEAFOOD",2016-03-26,22.625
"3316","SEAFOOD",2017-02-26,39.466
"3317","SEAFOOD",2015-11-26,36.702
"3318","SEAFOOD",2016-06-19,51.298
"3319","SEAFOOD",2016-05-08,17.385
"3320","SEAFOOD",2015-10-04,111.805
"3321","SEAFOOD",2016-09-26,34.071
"3322","SEAFOOD",2017-07-21,37.509
"3323","SEAFOOD",2016-01-21,1
"3324","SEAFOOD",2016-06-09,40.848
"3325","SEAFOOD",2017-05-28,43.562
"3326","SEAFOOD",2017-06-04,39.765
"3327","SEAFOOD",2016-11-05,62.434
"3328","SEAFOOD",2017-03-06,17.297
"3329","SEAFOOD",2016-10-10,5.044
"3330","SEAFOOD",2016-11-12,30.813
"3331","SEAFOOD",2016-11-01,40.327
"3332","SEAFOOD",2016-01-12,15.739
"3333","SEAFOOD",2016-12-10,14.105
"3334","SEAFOOD",2017-08-05,1
"3335","SEAFOOD",2016-09-19,34.285
"3336","SEAFOOD",2017-06-28,27.918
"3337","SEAFOOD",2016-01-13,26.539
"3338","SEAFOOD",2017-07-11,10.833
"3339","SEAFOOD",2016-03-02,22.076
"3340","SEAFOOD",2016-07-09,69.286
"3341","SEAFOOD",2016-04-22,34.689
"3342","SEAFOOD",2016-10-17,36.243
"3343","SEAFOOD",2016-07-24,57.299
"3344","SEAFOOD",2016-05-16,38.859
"3345","SEAFOOD",2016-04-27,11.791
"3346","SEAFOOD",2016-12-27,52.314
"3347","SEAFOOD",2015-11-06,146.116
"3348","SEAFOOD",2016-01-01,34.769
"3349","SEAFOOD",2016-04-28,33.647
"3350","SEAFOOD",2016-06-08,7.821
"3351","SEAFOOD",2016-06-04,6
"3352","SEAFOOD",2015-12-20,18.671
"3353","SEAFOOD",2016-10-14,51.547
"3354","SEAFOOD",2016-05-21,61.857002
"3355","SEAFOOD",2016-03-30,25.43
"3356","SEAFOOD",2017-07-17,21.601
"3357","SEAFOOD",2016-10-27,3
"3358","SEAFOOD",2016-09-19,24.89
"3359","SEAFOOD",2017-07-13,113.59
"3360","SEAFOOD",2016-06-26,82.44
"3361","SEAFOOD",2016-04-02,21.848
"3362","SEAFOOD",2017-04-28,41.951
"3363","SEAFOOD",2017-08-12,20
"3364","SEAFOOD",2017-07-02,8.898
"3365","SEAFOOD",2016-02-13,9
"3366","SEAFOOD",2016-05-19,71.395
"3367","SEAFOOD",2016-07-23,17.679
"3368","SEAFOOD",2015-09-26,9.043
"3369","SEAFOOD",2016-10-02,28.234
"3370","SEAFOOD",2016-04-01,39.194
"3371","SEAFOOD",2016-09-25,27.91
"3372","SEAFOOD",2016-12-29,27.999
"3373","SEAFOOD",2016-04-14,125.981
"3374","SEAFOOD",2016-08-13,42.577
"3375","SEAFOOD",2016-03-05,1
"3376","SEAFOOD",2017-04-23,49.946
"3377","SEAFOOD",2017-06-06,18.105
"3378","SEAFOOD",2015-10-16,52.627
"3379","SEAFOOD",2016-03-11,26.934
"3380","SEAFOOD",2017-03-15,40.401
"3381","SEAFOOD",2015-11-17,36.949
"3382","SEAFOOD",2016-07-18,12.698999
"3383","SEAFOOD",2015-12-07,37.023
"3384","SEAFOOD",2017-05-06,4
"3385","SEAFOOD",2017-06-13,89.314
"3386","SEAFOOD",2016-03-07,74.466
"3387","SEAFOOD",2017-04-24,24.119999
"3388","SEAFOOD",2016-11-01,15.048
"3389","SEAFOOD",2015-10-29,15.437
"3390","SEAFOOD",2016-12-17,17.772999
"3391","SEAFOOD",2017-02-17,12.395
"3392","SEAFOOD",2017-06-25,47.298
"3393","SEAFOOD",2016-09-02,59.622
"3394","SEAFOOD",2016-09-14,31.769001
"3395","SEAFOOD",2016-09-23,49.479
"3396","SEAFOOD",2016-04-10,35.414
"3397","SEAFOOD",2016-08-06,51.168
"3398","SEAFOOD",2015-10-01,24.928
"3399","SEAFOOD",2017-06-12,21.864
"3400","SEAFOOD",2016-01-15,2
"3401","SEAFOOD",2016-06-16,71.294
"3402","SEAFOOD",2016-11-16,52.333
"3403","SEAFOOD",2015-10-05,13.943
"3404","SEAFOOD",2016-08-22,33.964
"3405","SEAFOOD",2016-07-10,25.985
"3406","SEAFOOD",2015-11-23,58.854
"3407","SEAFOOD",2016-02-26,68.026
"3408","SEAFOOD",2015-12-29,0
"3409","SEAFOOD",2015-09-18,6
"3410","SEAFOOD",2017-03-17,55.884
"3411","SEAFOOD",2017-04-30,12.938
"3412","SEAFOOD",2016-10-21,3
"3413","SEAFOOD",2016-01-17,6
"3414","SEAFOOD",2016-02-05,9
"3415","SEAFOOD",2016-07-04,34.445
"3416","SEAFOOD",2016-06-04,67.132
"3417","SEAFOOD",2016-08-24,52.86
"3418","SEAFOOD",2016-11-01,58.067
"3419","SEAFOOD",2017-07-02,24.831001
"3420","SEAFOOD",2016-07-21,41.953
"3421","SEAFOOD",2016-06-12,73.498
"3422","SEAFOOD",2017-06-17,44.359
"3423","SEAFOOD",2015-10-04,42.138
"3424","SEAFOOD",2016-04-11,0
"3425","SEAFOOD",2016-05-27,15.218
"3426","SEAFOOD",2017-02-25,26.947
"3427","SEAFOOD",2016-04-21,11.562
"3428","SEAFOOD",2017-04-10,26.871
"3429","SEAFOOD",2016-05-07,33.288002
"3430","SEAFOOD",2017-04-21,5
"3431","SEAFOOD",2016-04-15,124.882996
"3432","SEAFOOD",2017-07-31,94.229004
"3433","SEAFOOD",2016-05-07,35.225
"3434","SEAFOOD",2016-07-05,29.825
"3435","SEAFOOD",2016-11-25,43.693
"3436","SEAFOOD",2016-03-25,85.411
"3437","SEAFOOD",2017-05-18,50.816
"3438","SEAFOOD",2015-09-28,29.661
"3439","SEAFOOD",2016-09-21,21.611
"3440","SEAFOOD",2016-12-28,9
"3441","SEAFOOD",2016-01-08,30.355
"3442","SEAFOOD",2017-01-06,45.554
"3443","SEAFOOD",2016-03-03,114.090996
"3444","SEAFOOD",2015-09-21,26.208
"3445","SEAFOOD",2016-09-15,68.059
"3446","SEAFOOD",2016-04-26,32.976
"3447","SEAFOOD",2015-11-13,11.028
"3448","SEAFOOD",2015-11-24,73.869995
"3449","SEAFOOD",2016-03-10,43.336998
"3450","SEAFOOD",2016-10-28,96.125
"3451","SEAFOOD",2016-05-31,30.380001
"3452","SEAFOOD",2016-10-18,115.71
"3453","SEAFOOD",2017-03-24,4
"3454","SEAFOOD",2015-12-04,42.648
"3455","SEAFOOD",2015-12-19,1
"3456","SEAFOOD",2015-11-30,37.725998
"3457","SEAFOOD",2016-03-05,53.599
"3458","SEAFOOD",2016-11-18,35.134
"3459","SEAFOOD",2016-09-22,44.574
"3460","SEAFOOD",2016-06-09,15.413
"3461","SEAFOOD",2017-05-02,69.785995
"3462","SEAFOOD",2016-08-28,29.539
"3463","SEAFOOD",2017-02-24,35.586998
"3464","SEAFOOD",2017-06-24,122.726
"3465","SEAFOOD",2017-01-25,0
"3466","SEAFOOD",2016-05-08,48.245
"3467","SEAFOOD",2016-04-17,41.091
"3468","SEAFOOD",2015-10-09,30.671999
"3469","SEAFOOD",2016-01-17,47.600998
"3470","SEAFOOD",2017-03-07,34.403
"3471","SEAFOOD",2016-09-24,50.374
"3472","SEAFOOD",2017-03-11,76.331
"3473","SEAFOOD",2015-10-04,12.525
"3474","SEAFOOD",2017-03-30,50.317
"3475","SEAFOOD",2017-05-11,36.742
"3476","SEAFOOD",2017-07-30,12
"3477","SEAFOOD",2017-05-21,56.5
"3478","SEAFOOD",2016-02-12,52.992
"3479","SEAFOOD",2016-07-13,30.169
"3480","SEAFOOD",2016-08-12,31.021
"3481","SEAFOOD",2016-07-01,61.001
"3482","SEAFOOD",2016-11-19,36.195
"3483","SEAFOOD",2016-10-23,80.084
"3484","SEAFOOD",2017-07-13,20.819
"3485","SEAFOOD",2016-05-08,62.981
"3486","SEAFOOD",2016-04-13,73.591995
"3487","SEAFOOD",2015-12-28,30.182999
"3488","SEAFOOD",2016-05-05,158.207
"3489","SEAFOOD",2016-09-07,37.794
"3490","SEAFOOD",2016-01-01,24.146
"3491","SEAFOOD",2017-08-02,0
"3492","SEAFOOD",2016-02-19,34.023
"3493","SEAFOOD",2017-04-18,14.977
"3494","SEAFOOD",2017-06-12,23.079
"3495","SEAFOOD",2016-11-14,4
"3496","SEAFOOD",2016-03-17,41.482
"3497","SEAFOOD",2016-10-15,1
"3498","SEAFOOD",2016-11-20,34.134
"3499","SEAFOOD",2015-12-17,38.146
"3500","SEAFOOD",2016-03-22,54.654
"3501","SEAFOOD",2016-03-30,7
"3502","SEAFOOD",2017-01-03,10
"3503","SEAFOOD",2016-09-30,7
"3504","SEAFOOD",2016-09-20,16.114
"3505","SEAFOOD",2016-08-17,74.989
"3506","SEAFOOD",2016-06-24,21.897
"3507","SEAFOOD",2017-07-19,63.923
"3508","SEAFOOD",2017-06-27,8.094
"3509","SEAFOOD",2017-06-20,7.6029997
"3510","SEAFOOD",2017-02-02,141.395
"3511","SEAFOOD",2015-09-20,30.195
"3512","SEAFOOD",2016-02-25,9.274
"3513","SEAFOOD",2016-05-24,9
"3514","SEAFOOD",2017-01-15,23
"3515","SEAFOOD",2017-07-27,14.1779995
"3516","SEAFOOD",2016-05-26,48.152
"3517","SEAFOOD",2016-08-05,56.889
"3518","SEAFOOD",2016-07-06,25.042
"3519","SEAFOOD",2015-11-11,22.822
"3520","SEAFOOD",2016-09-27,36.781
"3521","SEAFOOD",2017-02-09,78.648
"3522","SEAFOOD",2017-05-03,13.986
"3523","SEAFOOD",2015-12-14,23.943
"3524","SEAFOOD",2016-06-17,35.01
"3525","SEAFOOD",2017-08-05,28.842
"3526","SEAFOOD",2015-12-03,85.509
"3527","SEAFOOD",2016-03-01,5
"3528","SEAFOOD",2015-10-26,1
"3529","SEAFOOD",2016-04-17,26.675001
"3530","SEAFOOD",2017-03-24,62.035
"3531","SEAFOOD",2016-11-05,42.954
"3532","SEAFOOD",2017-07-17,10.2
"3533","SEAFOOD",2016-07-20,73.616
"3534","SEAFOOD",2015-12-10,39.574
"3535","SEAFOOD",2017-03-20,44.459
"3536","SEAFOOD",2016-01-30,164.258
"3537","SEAFOOD",2016-09-18,30.474
"3538","SEAFOOD",2016-10-09,36.211
"3539","SEAFOOD",2016-11-02,26.651001
"3540","SEAFOOD",2016-06-03,62.329998
"3541","SEAFOOD",2017-08-01,79.145
"3542","SEAFOOD",2016-06-05,16.22
"3543","SEAFOOD",2016-11-07,13
"3544","SEAFOOD",2016-09-02,163.765
"3545","SEAFOOD",2016-11-15,28.423
"3546","SEAFOOD",2016-08-31,11.598
"3547","SEAFOOD",2016-04-08,27.125
"3548","SEAFOOD",2017-05-17,53.003
"3549","SEAFOOD",2017-05-17,17.652
"3550","SEAFOOD",2016-11-21,18
"3551","SEAFOOD",2017-04-28,51.918
"3552","SEAFOOD",2017-07-25,8.41
"3553","SEAFOOD",2016-08-16,14.934
"3554","SEAFOOD",2016-04-19,15.347
"3555","SEAFOOD",2017-06-13,26.897999
"3556","SEAFOOD",2017-04-21,28.167
"3557","SEAFOOD",2017-01-16,38.058
"3558","SEAFOOD",2016-04-13,8.363
"3559","SEAFOOD",2015-12-27,22.662
"3560","SEAFOOD",2017-04-10,2
"3561","SEAFOOD",2016-02-20,6
"3562","SEAFOOD",2016-04-09,52.254
"3563","SEAFOOD",2016-10-15,18.551
"3564","SEAFOOD",2015-11-25,13.83
"3565","SEAFOOD",2016-12-21,10
"3566","SEAFOOD",2016-05-27,2
"3567","SEAFOOD",2015-10-27,78.253
"3568","SEAFOOD",2015-11-11,80.556
"3569","SEAFOOD",2016-09-25,32.399
"3570","SEAFOOD",2017-05-24,30.715
"3571","SEAFOOD",2016-12-15,0
"3572","SEAFOOD",2017-01-25,35.122
"3573","SEAFOOD",2017-01-11,36.034
"3574","SEAFOOD",2016-02-20,79.908
"3575","SEAFOOD",2016-02-06,8.622
"3576","SEAFOOD",2016-04-09,7
"3577","SEAFOOD",2016-04-13,22.532
"3578","SEAFOOD",2017-04-03,17.296999
"3579","SEAFOOD",2016-04-28,5
"3580","SEAFOOD",2017-02-10,113.292
"3581","SEAFOOD",2017-04-10,25.337
"3582","SEAFOOD",2016-09-20,26.664
"3583","SEAFOOD",2016-03-13,44.662
"3584","SEAFOOD",2016-03-24,106.831
"3585","SEAFOOD",2015-12-20,22.567
"3586","SEAFOOD",2015-11-15,109.888
"3587","SEAFOOD",2016-02-04,10.667
"3588","SEAFOOD",2016-01-14,16.039
"3589","SEAFOOD",2017-06-03,16.038
"3590","SEAFOOD",2016-08-22,4.852
"3591","SEAFOOD",2015-12-06,123.473
"3592","SEAFOOD",2016-03-09,22.739
"3593","SEAFOOD",2015-12-10,30.835999
"3594","SEAFOOD",2016-04-14,17.729
"3595","SEAFOOD",2016-09-27,28.23
"3596","SEAFOOD",2016-03-15,34.042
"3597","SEAFOOD",2017-02-23,50.545998
"3598","SEAFOOD",2016-04-07,87.465996
"3599","SEAFOOD",2017-05-22,23.866
"3600","SEAFOOD",2015-12-29,43.244
"3601","SEAFOOD",2016-09-18,56.583
"3602","SEAFOOD",2017-03-13,4
"3603","SEAFOOD",2015-09-18,8.269
"3604","SEAFOOD",2016-11-14,57.095
"3605","SEAFOOD",2015-10-05,69.263
"3606","SEAFOOD",2016-06-01,4
"3607","SEAFOOD",2017-07-26,14.377
"3608","SEAFOOD",2016-06-06,51.523
"3609","SEAFOOD",2016-10-19,30.283
"3610","SEAFOOD",2015-11-01,45.015
"3611","SEAFOOD",2016-02-11,59.336
"3612","SEAFOOD",2016-07-06,23.344
"3613","SEAFOOD",2016-11-22,20.021
"3614","SEAFOOD",2016-06-29,24.534
"3615","SEAFOOD",2016-02-08,15.905001
"3616","SEAFOOD",2016-04-02,14
"3617","SEAFOOD",2016-07-01,34.44
"3618","SEAFOOD",2016-08-12,28.334
"3619","SEAFOOD",2016-06-30,2
"3620","SEAFOOD",2016-05-24,11.441
"3621","SEAFOOD",2016-12-07,2.822
"3622","SEAFOOD",2016-08-23,35.539
"3623","SEAFOOD",2016-02-29,48.054
"3624","SEAFOOD",2015-11-15,6.902
"3625","SEAFOOD",2016-11-10,120.007
"3626","SEAFOOD",2015-10-26,90.881996
"3627","SEAFOOD",2016-12-13,41.906
"3628","SEAFOOD",2016-04-07,42.312
"3629","SEAFOOD",2016-05-16,25.592
"3630","SEAFOOD",2016-02-09,118.33099
"3631","SEAFOOD",2016-03-09,16.149
"3632","SEAFOOD",2017-06-19,45.303
"3633","SEAFOOD",2016-08-08,40.738
"3634","SEAFOOD",2017-01-03,47.521
"3635","SEAFOOD",2015-10-26,28.876
"3636","SEAFOOD",2016-06-10,4
"3637","SEAFOOD",2016-07-11,106.626
"3638","SEAFOOD",2016-10-31,31.344
"3639","SEAFOOD",2017-04-19,25.259
"3640","SEAFOOD",2016-02-21,24.345
"3641","SEAFOOD",2016-01-09,51.447998
"3642","SEAFOOD",2017-05-29,24.452
"3643","SEAFOOD",2017-02-13,56.201
"3644","SEAFOOD",2017-02-18,31.704
"3645","SEAFOOD",2016-03-11,22.548
"3646","SEAFOOD",2016-05-10,35.641
"3647","SEAFOOD",2017-05-18,62.949
"3648","SEAFOOD",2015-11-03,105.645004
"3649","SEAFOOD",2017-07-24,66.066
"3650","SEAFOOD",2016-03-29,25.484
"3651","SEAFOOD",2017-01-12,9
"3652","SEAFOOD",2016-08-10,24.578
"3653","SEAFOOD",2015-10-22,146.589
"3654","SEAFOOD",2016-02-20,67.815
"3655","SEAFOOD",2015-10-03,84.027
"3656","SEAFOOD",2016-12-07,3
"3657","SEAFOOD",2016-02-29,39.108
"3658","SEAFOOD",2016-01-23,38.915
"3659","SEAFOOD",2016-02-15,38.38
"3660","SEAFOOD",2016-11-09,26.871
"3661","SEAFOOD",2017-07-28,44.589
"3662","SEAFOOD",2016-09-20,25.96
"3663","SEAFOOD",2016-11-26,15.623
"3664","SEAFOOD",2016-03-17,43.451
"3665","SEAFOOD",2016-02-27,1
"3666","SEAFOOD",2016-11-15,103.49
"3667","SEAFOOD",2015-09-25,10.342
"3668","SEAFOOD",2016-11-06,55.297
"3669","SEAFOOD",2016-07-15,57.394
"3670","SEAFOOD",2017-03-05,18
"3671","SEAFOOD",2016-08-30,71.412
"3672","SEAFOOD",2016-05-24,22.236
"3673","SEAFOOD",2017-07-26,26.441
"3674","SEAFOOD",2016-12-22,64.777
"3675","SEAFOOD",2016-05-28,3
"3676","SEAFOOD",2016-09-12,42.516
"3677","SEAFOOD",2017-05-28,22.275
"3678","SEAFOOD",2017-05-21,19.097
"3679","SEAFOOD",2016-08-13,10.405
"3680","SEAFOOD",2017-06-07,22.591
"3681","SEAFOOD",2015-11-05,5
"3682","SEAFOOD",2017-02-15,79.47
"3683","SEAFOOD",2017-01-10,59.17
"3684","SEAFOOD",2017-04-16,5
"3685","SEAFOOD",2015-12-16,6.089
"3686","SEAFOOD",2017-04-08,39.940002
"3687","SEAFOOD",2016-08-06,7
"3688","SEAFOOD",2017-05-18,49.83
"3689","SEAFOOD",2017-05-09,32.395
"3690","SEAFOOD",2016-04-07,72.002
"3691","SEAFOOD",2017-06-16,68.141
"3692","SEAFOOD",2017-07-19,0
"3693","SEAFOOD",2016-10-06,10
"3694","SEAFOOD",2015-10-14,6.402
"3695","SEAFOOD",2016-09-04,36.85
"3696","SEAFOOD",2016-06-04,58.181
"3697","SEAFOOD",2016-03-05,17.493
"3698","SEAFOOD",2016-02-26,4
"3699","SEAFOOD",2017-08-09,22.127
"3700","SEAFOOD",2016-06-16,41.078
"3701","SEAFOOD",2016-09-18,90.36
"3702","SEAFOOD",2017-01-22,32.62
"3703","SEAFOOD",2017-06-23,30.195
"3704","SEAFOOD",2016-01-08,123.585
"3705","SEAFOOD",2017-04-26,28.598999
"3706","SEAFOOD",2017-05-23,75.167
"3707","SEAFOOD",2016-02-01,44.276
"3708","SEAFOOD",2016-08-09,7
"3709","SEAFOOD",2016-04-22,5.225
"3710","SEAFOOD",2016-11-15,54.083
"3711","SEAFOOD",2015-12-18,56.499
"3712","SEAFOOD",2017-06-27,43.456
"3713","SEAFOOD",2017-02-13,29.826
"3714","SEAFOOD",2017-03-15,46.63
"3715","SEAFOOD",2015-11-10,44.606
"3716","SEAFOOD",2017-02-04,14.51
"3717","SEAFOOD",2017-06-30,37.762
"3718","SEAFOOD",2015-12-12,68.975
"3719","SEAFOOD",2017-04-16,20.03
"3720","SEAFOOD",2016-09-25,86.788
"3721","SEAFOOD",2015-10-31,8
"3722","SEAFOOD",2016-11-26,53.586998
"3723","SEAFOOD",2015-11-15,79.802
"3724","SEAFOOD",2016-02-20,68.489
"3725","SEAFOOD",2015-09-30,89.699
"3726","SEAFOOD",2015-09-16,28.187
"3727","SEAFOOD",2015-11-01,4
"3728","SEAFOOD",2016-04-25,56.972
"3729","SEAFOOD",2016-08-11,4
"3730","SEAFOOD",2016-09-25,49.636
"3731","SEAFOOD",2017-03-31,40.447
"3732","SEAFOOD",2016-06-27,5
"3733","SEAFOOD",2016-07-01,32.196
"3734","SEAFOOD",2016-04-11,25.989
"3735","SEAFOOD",2016-12-01,11.295
"3736","SEAFOOD",2016-10-16,54.646
"3737","SEAFOOD",2016-07-14,7.935
"3738","SEAFOOD",2016-08-27,142.845
"3739","SEAFOOD",2017-02-23,0
"3740","SEAFOOD",2017-02-19,22.96
"3741","SEAFOOD",2015-12-08,27.059
"3742","SEAFOOD",2016-08-19,100.972
"3743","SEAFOOD",2017-06-09,32.485
"3744","SEAFOOD",2017-04-19,15.192
"3745","SEAFOOD",2017-03-28,48.503
"3746","SEAFOOD",2017-07-13,46.476
"3747","SEAFOOD",2016-06-13,7.427
"3748","SEAFOOD",2017-04-08,69.579
"3749","SEAFOOD",2016-10-11,8.782
"3750","SEAFOOD",2016-06-15,1
"3751","SEAFOOD",2017-07-24,20.421999
"3752","SEAFOOD",2016-10-16,34.696
"3753","SEAFOOD",2016-11-08,75.17
"3754","SEAFOOD",2016-01-04,25.757
"3755","SEAFOOD",2016-06-24,79.154
"3756","SEAFOOD",2016-01-16,57.912003
"3757","SEAFOOD",2016-12-27,93.486
"3758","SEAFOOD",2016-06-28,2
"3759","SEAFOOD",2017-01-07,133.267
"3760","SEAFOOD",2016-11-26,125.367
"3761","SEAFOOD",2015-11-30,55.673
"3762","SEAFOOD",2016-10-10,42.439
"3763","SEAFOOD",2016-01-18,14.668
"3764","SEAFOOD",2017-01-08,8
"3765","SEAFOOD",2016-06-15,46.554
"3766","SEAFOOD",2017-05-20,39.71
"3767","SEAFOOD",2016-02-22,61.171
"3768","SEAFOOD",2016-01-18,30.098
"3769","SEAFOOD",2017-06-03,60.689
"3770","SEAFOOD",2015-11-20,51.013
"3771","SEAFOOD",2016-07-02,142.14
"3772","SEAFOOD",2015-10-04,84.646
"3773","SEAFOOD",2017-04-12,63.049
"3774","SEAFOOD",2016-11-05,65.76
"3775","SEAFOOD",2016-05-22,10.062
"3776","SEAFOOD",2016-05-14,48.157
"3777","SEAFOOD",2017-01-05,181.753
"3778","SEAFOOD",2015-09-29,2
"3779","SEAFOOD",2016-05-16,12.593
"3780","SEAFOOD",2016-05-31,12.3689995
"3781","SEAFOOD",2016-02-25,64.825
"3782","SEAFOOD",2017-01-04,33.521
"3783","SEAFOOD",2015-10-30,26.425
"3784","SEAFOOD",2016-09-12,39.537
"3785","SEAFOOD",2016-07-26,101.595
"3786","SEAFOOD",2015-09-26,22.28
"3787","SEAFOOD",2016-10-31,54.126
"3788","SEAFOOD",2017-03-31,16.69
"3789","SEAFOOD",2016-03-06,68.211
"3790","SEAFOOD",2016-09-29,48.678
"3791","SEAFOOD",2016-03-15,46.548
"3792","SEAFOOD",2016-11-15,34.2
"3793","SEAFOOD",2015-11-11,6.6879997
"3794","SEAFOOD",2016-06-01,7.336
"3795","SEAFOOD",2016-06-29,19.688
"3796","SEAFOOD",2017-08-07,29.231
"3797","SEAFOOD",2016-06-07,29.050999
"3798","SEAFOOD",2017-01-18,40.852
"3799","SEAFOOD",2016-07-11,21.05
"3800","SEAFOOD",2017-01-11,33.245
"3801","SEAFOOD",2016-03-25,9.183
"3802","SEAFOOD",2016-08-30,8.156
"3803","SEAFOOD",2017-03-10,61.554
"3804","SEAFOOD",2016-09-06,16.77
"3805","SEAFOOD",2016-07-04,19.388
"3806","SEAFOOD",2016-10-27,95.079
"3807","SEAFOOD",2017-01-14,50.501
"3808","SEAFOOD",2016-03-29,23.205
"3809","SEAFOOD",2015-09-20,36.258
"3810","SEAFOOD",2016-10-13,7
"3811","SEAFOOD",2016-11-17,4
"3812","SEAFOOD",2016-10-10,1
"3813","SEAFOOD",2017-03-23,66.161
"3814","SEAFOOD",2017-04-13,2
"3815","SEAFOOD",2017-04-18,32.892
"3816","SEAFOOD",2017-06-06,41.677002
"3817","SEAFOOD",2017-03-23,15
"3818","SEAFOOD",2017-05-03,37.995
"3819","SEAFOOD",2015-11-06,69.16
"3820","SEAFOOD",2017-01-31,25
"3821","SEAFOOD",2017-04-09,40.511
"3822","SEAFOOD",2015-11-14,66.287
"3823","SEAFOOD",2017-04-04,118.798004
"3824","SEAFOOD",2017-06-03,24.851
"3825","SEAFOOD",2017-04-14,21.207
"3826","SEAFOOD",2016-04-01,64.741
"3827","SEAFOOD",2017-02-26,37.549
"3828","SEAFOOD",2016-08-18,9.128
"3829","SEAFOOD",2016-06-28,23.649
"3830","SEAFOOD",2016-01-07,133.164
"3831","SEAFOOD",2017-06-14,19.874
"3832","SEAFOOD",2016-09-13,20.039999
"3833","SEAFOOD",2016-01-10,6.186
"3834","SEAFOOD",2016-04-29,62
"3835","SEAFOOD",2017-02-11,40.989998
"3836","SEAFOOD",2016-11-25,12.963
"3837","SEAFOOD",2016-09-13,14
"3838","SEAFOOD",2017-01-23,28.273
"3839","SEAFOOD",2017-03-27,21.657
"3840","SEAFOOD",2015-10-10,24.084
"3841","SEAFOOD",2017-01-29,32.606
"3842","SEAFOOD",2016-12-03,11
"3843","SEAFOOD",2015-10-25,7.126
"3844","SEAFOOD",2016-10-22,66.846
"3845","SEAFOOD",2016-05-26,78.444
"3846","SEAFOOD",2017-01-03,40.339
"3847","SEAFOOD",2016-04-12,11.056
"3848","SEAFOOD",2016-04-18,22.271
"3849","SEAFOOD",2017-02-14,45.107002
"3850","SEAFOOD",2016-02-25,2
"3851","SEAFOOD",2016-12-06,35.113
"3852","SEAFOOD",2017-06-28,11.834
"3853","SEAFOOD",2016-05-06,32.515
"3854","SEAFOOD",2017-04-10,47.261
"3855","SEAFOOD",2016-01-19,74.204
"3856","SEAFOOD",2017-05-13,0
"3857","SEAFOOD",2016-06-04,23.907
"3858","SEAFOOD",2016-09-26,25.288
"3859","SEAFOOD",2017-03-26,61.109
"3860","SEAFOOD",2016-04-15,49.194
"3861","SEAFOOD",2016-08-31,7
"3862","SEAFOOD",2016-10-20,175.189
"3863","SEAFOOD",2015-10-20,12.176
"3864","SEAFOOD",2015-10-17,78.137
"3865","SEAFOOD",2017-05-08,4
"3866","SEAFOOD",2016-09-24,42.944
"3867","SEAFOOD",2017-06-26,40.9
"3868","SEAFOOD",2016-10-12,29.058
"3869","SEAFOOD",2016-09-29,30.914999
"3870","SEAFOOD",2015-09-23,45.232
"3871","SEAFOOD",2017-03-15,5
"3872","SEAFOOD",2016-12-11,82.047
"3873","SEAFOOD",2017-05-14,36.52
"3874","SEAFOOD",2016-04-12,8
"3875","SEAFOOD",2016-07-30,54.359
"3876","SEAFOOD",2017-01-29,33.289
"3877","SEAFOOD",2016-02-17,9.96
"3878","SEAFOOD",2016-03-04,54.228
"3879","SEAFOOD",2017-08-06,39.996002
"3880","SEAFOOD",2015-09-24,45.953
"3881","SEAFOOD",2017-08-10,40.477
"3882","SEAFOOD",2016-02-06,28.242
"3883","SEAFOOD",2016-04-05,31.033
"3884","SEAFOOD",2016-04-05,48.047
"3885","SEAFOOD",2015-11-30,30.375
"3886","SEAFOOD",2017-01-09,9
"3887","SEAFOOD",2016-11-12,96.616
"3888","SEAFOOD",2017-08-08,42.032
"3889","SEAFOOD",2015-12-01,4
"3890","SEAFOOD",2016-11-03,3
"3891","SEAFOOD",2015-09-17,169.417
"3892","SEAFOOD",2016-04-30,9.334
"3893","SEAFOOD",2017-08-07,1
"3894","SEAFOOD",2015-10-19,32.21
"3895","SEAFOOD",2016-02-21,32.575
"3896","SEAFOOD",2016-01-02,54.446
"3897","SEAFOOD",2016-07-19,26.519001
"3898","SEAFOOD",2016-11-08,16.674
"3899","SEAFOOD",2016-03-04,47.863
"3900","SEAFOOD",2015-11-15,2.582
"3901","SEAFOOD",2017-01-05,58.269
"3902","SEAFOOD",2016-03-21,81.913
"3903","SEAFOOD",2017-06-28,27.262
"3904","SEAFOOD",2015-09-22,45.152
"3905","SEAFOOD",2016-12-23,20.722
"3906","SEAFOOD",2015-09-27,3.4650002
"3907","SEAFOOD",2015-10-03,59.731
"3908","SEAFOOD",2016-10-13,58.65
"3909","SEAFOOD",2016-10-19,75.346
"3910","SEAFOOD",2016-10-09,37.99
"3911","SEAFOOD",2016-06-12,40.535
"3912","SEAFOOD",2017-06-18,44.732
"3913","SEAFOOD",2017-07-22,13.663
"3914","SEAFOOD",2016-09-17,5
"3915","SEAFOOD",2017-08-03,48.541
"3916","SEAFOOD",2016-11-08,48.104
"3917","SEAFOOD",2017-05-12,0
"3918","SEAFOOD",2016-02-27,127.388
"3919","SEAFOOD",2015-12-19,38.037
"3920","SEAFOOD",2017-04-04,35.882
"3921","SEAFOOD",2017-05-13,48.716
"3922","SEAFOOD",2016-05-14,15
"3923","SEAFOOD",2017-07-19,9.592
"3924","SEAFOOD",2017-01-01,23
"3925","SEAFOOD",2017-05-29,28.487
"3926","SEAFOOD",2017-05-04,18.194
"3927","SEAFOOD",2016-07-08,5
"3928","SEAFOOD",2016-04-21,148.349
"3929","SEAFOOD",2017-01-09,46.918
"3930","SEAFOOD",2016-09-14,29.336
"3931","SEAFOOD",2017-05-07,2
"3932","SEAFOOD",2015-10-18,28.409
"3933","SEAFOOD",2016-08-22,46.518
"3934","SEAFOOD",2016-11-27,29.814
"3935","SEAFOOD",2016-08-20,23.779
"3936","SEAFOOD",2016-02-01,11
"3937","SEAFOOD",2015-10-10,39.071
"3938","SEAFOOD",2016-07-04,4.446
"3939","SEAFOOD",2017-05-23,43.469
"3940","SEAFOOD",2017-02-06,32.683
"3941","SEAFOOD",2016-05-03,25.560001
"3942","SEAFOOD",2017-07-26,1
"3943","SEAFOOD",2016-08-10,61.156
"3944","SEAFOOD",2016-07-17,22.534
"3945","SEAFOOD",2016-10-07,28
"3946","SEAFOOD",2015-10-16,137.585
"3947","SEAFOOD",2016-05-23,23.929
"3948","SEAFOOD",2016-06-16,32.799
"3949","SEAFOOD",2016-09-05,13
"3950","SEAFOOD",2016-04-17,95.678
"3951","SEAFOOD",2015-10-24,74.062
"3952","SEAFOOD",2016-06-07,15.535
"3953","SEAFOOD",2015-11-22,9.688
"3954","SEAFOOD",2015-09-18,84.366
"3955","SEAFOOD",2017-01-18,23.779
"3956","SEAFOOD",2017-01-25,21.872
"3957","SEAFOOD",2016-10-23,22.965
"3958","SEAFOOD",2016-08-30,0
"3959","SEAFOOD",2016-11-30,9.378
"3960","SEAFOOD",2016-01-22,56.437
"3961","SEAFOOD",2016-08-15,110.151
"3962","SEAFOOD",2016-12-04,19
"3963","SEAFOOD",2015-10-20,53.155
"3964","SEAFOOD",2016-12-05,37.722
"3965","SEAFOOD",2017-08-01,2
"3966","SEAFOOD",2016-12-29,55.669
"3967","SEAFOOD",2016-04-25,0
"3968","SEAFOOD",2016-02-23,38.086
"3969","SEAFOOD",2016-09-27,50.204
"3970","SEAFOOD",2017-02-26,6.396
"3971","SEAFOOD",2017-04-24,19.298
"3972","SEAFOOD",2017-04-14,42.78
"3973","SEAFOOD",2016-04-17,8.91
"3974","SEAFOOD",2016-08-02,18.311
"3975","SEAFOOD",2015-11-17,33.252
"3976","SEAFOOD",2016-01-26,38.808
"3977","SEAFOOD",2015-10-22,52.188
"3978","SEAFOOD",2016-08-23,4.754
"3979","SEAFOOD",2017-04-08,13.269
"3980","SEAFOOD",2017-02-13,9.28
"3981","SEAFOOD",2015-11-09,14.156
"3982","SEAFOOD",2017-03-23,85.402
"3983","SEAFOOD",2016-04-04,42.864
"3984","SEAFOOD",2017-06-14,21.546
"3985","SEAFOOD",2016-04-18,80.553
"3986","SEAFOOD",2016-08-08,15.206
"3987","SEAFOOD",2016-08-31,13.877
"3988","SEAFOOD",2016-09-05,37.961002
"3989","SEAFOOD",2016-08-31,24.836
"3990","SEAFOOD",2016-03-31,47.956
"3991","SEAFOOD",2017-02-27,54.817
"3992","SEAFOOD",2017-07-19,21.066
"3993","SEAFOOD",2017-08-14,23.33
"3994","SEAFOOD",2016-12-08,14.621
"3995","SEAFOOD",2015-09-29,31.762001
"3996","SEAFOOD",2015-09-21,37.277
"3997","SEAFOOD",2016-02-16,77.986
"3998","SEAFOOD",2017-06-08,51.414
"3999","SEAFOOD",2016-11-01,29
"4000","SEAFOOD",2015-12-15,29.703
"4001","SEAFOOD",2016-04-05,27.364
"4002","SEAFOOD",2015-10-17,80.65
"4003","SEAFOOD",2017-03-13,82.895996
"4004","SEAFOOD",2017-08-07,30.244
"4005","SEAFOOD",2016-07-12,32.247
"4006","SEAFOOD",2015-12-29,15.041
"4007","SEAFOOD",2016-06-23,32.699
"4008","SEAFOOD",2017-03-08,15
"4009","SEAFOOD",2016-04-06,4
"4010","SEAFOOD",2017-01-13,42.921
"4011","SEAFOOD",2016-11-05,103.524
"4012","SEAFOOD",2017-08-10,23.831
"4013","SEAFOOD",2016-03-04,0
"4014","SEAFOOD",2016-10-21,56.537
"4015","SEAFOOD",2015-11-21,158.539
"4016","SEAFOOD",2016-04-26,1
"4017","SEAFOOD",2017-04-01,15
"4018","SEAFOOD",2016-10-16,11
"4019","SEAFOOD",2016-12-04,23.942
"4020","SEAFOOD",2016-03-07,23.516
"4021","SEAFOOD",2017-04-16,21.583
"4022","SEAFOOD",2017-06-19,1
"4023","SEAFOOD",2016-05-04,6.89
"4024","SEAFOOD",2015-11-17,110.007996
"4025","SEAFOOD",2016-10-03,28.45
"4026","SEAFOOD",2016-10-07,2
"4027","SEAFOOD",2017-02-28,17
"4028","SEAFOOD",2016-03-07,20.89
"4029","SEAFOOD",2016-03-03,0
"4030","SEAFOOD",2015-12-17,14.503
"4031","SEAFOOD",2015-11-16,35.849
"4032","SEAFOOD",2016-08-10,21.732
"4033","SEAFOOD",2017-01-11,23.769
"4034","SEAFOOD",2016-01-05,125.062
"4035","SEAFOOD",2016-11-29,91.295
"4036","SEAFOOD",2016-10-22,18.496
"4037","SEAFOOD",2016-06-05,45.553
"4038","SEAFOOD",2016-01-15,25.256
"4039","SEAFOOD",2017-07-03,5.097
"4040","SEAFOOD",2016-02-18,88.557
"4041","SEAFOOD",2016-12-13,19.962
"4042","SEAFOOD",2017-03-03,77.751
"4043","SEAFOOD",2017-06-25,0
"4044","SEAFOOD",2016-03-09,39.356
"4045","SEAFOOD",2017-06-20,82.999
"4046","SEAFOOD",2016-04-17,20.711
"4047","SEAFOOD",2016-06-02,30.078
"4048","SEAFOOD",2017-05-14,65.832
"4049","SEAFOOD",2016-04-26,60.452
"4050","SEAFOOD",2016-07-07,97.653
"4051","SEAFOOD",2016-03-02,88.431
"4052","SEAFOOD",2017-05-07,91.512
"4053","SEAFOOD",2015-10-18,24.499
"4054","SEAFOOD",2015-12-15,28.178
"4055","SEAFOOD",2016-08-09,32.727
"4056","SEAFOOD",2017-07-05,33.378998
"4057","SEAFOOD",2015-12-22,15.51
"4058","SEAFOOD",2015-12-01,18.743
"4059","SEAFOOD",2017-03-14,53.1
"4060","SEAFOOD",2016-02-03,70.097
"4061","SEAFOOD",2017-06-18,14.224
"4062","SEAFOOD",2017-03-16,77.069
"4063","SEAFOOD",2016-08-10,24.619
"4064","SEAFOOD",2017-02-09,5
"4065","SEAFOOD",2016-10-14,14
"4066","SEAFOOD",2015-10-19,6
"4067","SEAFOOD",2017-01-09,26.646
"4068","SEAFOOD",2016-02-12,65.36
"4069","SEAFOOD",2016-09-08,10.454
"4070","SEAFOOD",2016-12-17,36.837
"4071","SEAFOOD",2017-04-06,70.238
"4072","SEAFOOD",2017-06-23,35.828
"4073","SEAFOOD",2016-09-11,80.229996
"4074","SEAFOOD",2017-08-11,0
"4075","SEAFOOD",2017-01-08,49.563
"4076","SEAFOOD",2017-03-20,103.789
"4077","SEAFOOD",2017-03-24,16.366
"4078","SEAFOOD",2016-02-11,41.549
"4079","SEAFOOD",2016-05-06,86.076004
"4080","SEAFOOD",2016-03-31,8.866
"4081","SEAFOOD",2016-08-21,44.982
"4082","SEAFOOD",2016-04-22,34.697
"4083","SEAFOOD",2017-05-09,25.739
"4084","SEAFOOD",2016-05-03,4.782
"4085","SEAFOOD",2016-07-31,53.201
"4086","SEAFOOD",2017-07-03,14.585
"4087","SEAFOOD",2016-05-05,47.07
"4088","SEAFOOD",2016-10-05,79.283
"4089","SEAFOOD",2016-11-21,20.211
"4090","SEAFOOD",2017-07-29,106.443
"4091","SEAFOOD",2016-03-23,125.845
"4092","SEAFOOD",2017-06-03,41.153
"4093","SEAFOOD",2017-05-05,30.145
"4094","SEAFOOD",2015-10-09,71.185
"4095","SEAFOOD",2016-07-04,7
"4096","SEAFOOD",2016-02-20,57.4
"4097","SEAFOOD",2016-11-04,29
"4098","SEAFOOD",2017-07-06,3
"4099","SEAFOOD",2017-07-26,17.661
"4100","SEAFOOD",2017-08-10,8.402
"4101","SEAFOOD",2017-07-10,9.441
"4102","SEAFOOD",2017-04-22,36.571
"4103","SEAFOOD",2016-07-22,102.267
"4104","SEAFOOD",2017-03-18,82.173996
"4105","SEAFOOD",2017-02-03,35.109
"4106","SEAFOOD",2016-11-03,19
"4107","SEAFOOD",2017-03-18,47.786
"4108","SEAFOOD",2016-06-07,72.984
"4109","SEAFOOD",2016-03-20,23.179
"4110","SEAFOOD",2017-06-22,0
"4111","SEAFOOD",2016-04-05,5
"4112","SEAFOOD",2016-08-27,0
"4113","SEAFOOD",2016-01-26,83.731
"4114","SEAFOOD",2017-08-09,1
"4115","SEAFOOD",2016-12-28,13.324
"4116","SEAFOOD",2016-08-17,12.5720005
"4117","SEAFOOD",2017-06-21,31.95
"4118","SEAFOOD",2016-10-01,12.873
"4119","SEAFOOD",2015-09-17,32.586
"4120","SEAFOOD",2015-11-09,0
"4121","SEAFOOD",2016-01-04,104.367004
"4122","SEAFOOD",2016-01-18,27.911999
"4123","SEAFOOD",2016-09-18,30.506
"4124","SEAFOOD",2017-05-19,36.517002
"4125","SEAFOOD",2017-07-02,86.484
"4126","SEAFOOD",2016-11-10,0
"4127","SEAFOOD",2016-01-31,38.525
"4128","SEAFOOD",2017-02-21,19.925
"4129","SEAFOOD",2017-03-01,5
"4130","SEAFOOD",2017-02-23,51.458
"4131","SEAFOOD",2015-12-19,39.003998
"4132","SEAFOOD",2016-03-02,28.227
"4133","SEAFOOD",2016-03-10,6
"4134","SEAFOOD",2016-01-04,21.253
"4135","SEAFOOD",2017-08-12,11.642
"4136","SEAFOOD",2016-11-17,36.822
"4137","SEAFOOD",2016-01-27,26.984
"4138","SEAFOOD",2015-12-16,24.738
"4139","SEAFOOD",2016-02-05,30.125
"4140","SEAFOOD",2016-07-05,3
"4141","SEAFOOD",2017-01-17,88.675
"4142","SEAFOOD",2016-05-19,84.461
"4143","SEAFOOD",2016-04-13,16.325
"4144","SEAFOOD",2015-10-04,45.468
"4145","SEAFOOD",2016-12-18,50.12
"4146","SEAFOOD",2015-11-20,16.519001
"4147","SEAFOOD",2017-04-25,22.605999
"4148","SEAFOOD",2017-07-01,49.273
"4149","SEAFOOD",2016-11-22,17.314
"4150","SEAFOOD",2016-05-19,9.565001
"4151","SEAFOOD",2016-09-01,39.055
"4152","SEAFOOD",2015-10-21,37.662
"4153","SEAFOOD",2017-06-11,36.892998
"4154","SEAFOOD",2016-01-13,21.508
"4155","SEAFOOD",2015-12-04,69.034996
"4156","SEAFOOD",2016-07-04,46.585
"4157","SEAFOOD",2017-01-09,46.805
"4158","SEAFOOD",2015-11-05,63.883
"4159","SEAFOOD",2016-12-30,13
"4160","SEAFOOD",2017-05-15,1
"4161","SEAFOOD",2017-05-07,42.482002
"4162","SEAFOOD",2017-03-16,24
"4163","SEAFOOD",2016-03-13,5.995
"4164","SEAFOOD",2017-05-16,23.303
"4165","SEAFOOD",2016-10-03,20.287
"4166","SEAFOOD",2016-11-06,4
"4167","SEAFOOD",2015-11-29,4
"4168","SEAFOOD",2017-06-21,14.226
"4169","SEAFOOD",2015-12-14,59.887
"4170","SEAFOOD",2017-06-14,17.172
"4171","SEAFOOD",2017-04-15,32.818
"4172","SEAFOOD",2016-05-04,12.05
"4173","SEAFOOD",2016-03-28,28.138
"4174","SEAFOOD",2017-04-20,61.364998
"4175","SEAFOOD",2016-04-03,19.629
"4176","SEAFOOD",2016-09-23,25.258
"4177","SEAFOOD",2016-12-30,40.973
"4178","SEAFOOD",2015-12-08,34.766
"4179","SEAFOOD",2016-09-23,37.872
"4180","SEAFOOD",2017-07-12,22.43
"4181","SEAFOOD",2017-01-11,15.104
"4182","SEAFOOD",2015-11-17,81.847
"4183","SEAFOOD",2016-08-11,32.335
"4184","SEAFOOD",2017-02-02,52.46
"4185","SEAFOOD",2016-12-26,26.156
"4186","SEAFOOD",2015-12-14,5.006
"4187","SEAFOOD",2015-12-29,92.160995
"4188","SEAFOOD",2015-10-16,41.085
"4189","SEAFOOD",2016-07-17,6.796
"4190","SEAFOOD",2016-02-06,7
"4191","SEAFOOD",2016-08-06,25.887001
"4192","SEAFOOD",2017-03-22,11
"4193","SEAFOOD",2016-07-29,55.927002
"4194","SEAFOOD",2016-03-19,18.965
"4195","SEAFOOD",2017-08-01,24.423
"4196","SEAFOOD",2017-06-11,70.147
"4197","SEAFOOD",2017-05-06,50.204
"4198","SEAFOOD",2017-04-16,9.483
"4199","SEAFOOD",2015-12-16,36.303
"4200","SEAFOOD",2016-11-24,77.886
"4201","SEAFOOD",2015-11-29,12.6380005
"4202","SEAFOOD",2016-07-18,42.735
"4203","SEAFOOD",2015-12-20,64.879
"4204","SEAFOOD",2016-07-03,21.814
"4205","SEAFOOD",2015-09-26,174.781
"4206","SEAFOOD",2017-03-30,27.640999
"4207","SEAFOOD",2016-12-22,0
"4208","SEAFOOD",2015-10-16,29.646
"4209","SEAFOOD",2016-04-30,56.304
"4210","SEAFOOD",2015-12-08,3
"4211","SEAFOOD",2016-09-22,30.941
"4212","SEAFOOD",2016-04-18,16
"4213","SEAFOOD",2017-06-13,46.776
"4214","SEAFOOD",2017-08-13,47.977
"4215","SEAFOOD",2017-07-28,21.916
"4216","SEAFOOD",2017-06-22,79.770004
"4217","SEAFOOD",2016-04-10,34.433002
"4218","SEAFOOD",2017-04-21,83.38
"4219","SEAFOOD",2016-04-29,44.158
"4220","SEAFOOD",2015-11-09,8.68
"4221","SEAFOOD",2016-12-30,83.647
"4222","SEAFOOD",2017-03-31,4
"4223","SEAFOOD",2016-09-06,5.311
"4224","SEAFOOD",2016-01-24,66.801
"4225","SEAFOOD",2017-04-30,115.035
"4226","SEAFOOD",2017-01-19,16.302
"4227","SEAFOOD",2017-04-30,56.165
"4228","SEAFOOD",2015-10-14,5.922
"4229","SEAFOOD",2016-09-22,149.876
"4230","SEAFOOD",2016-12-19,15.938
"4231","SEAFOOD",2015-12-14,20.552
"4232","SEAFOOD",2016-11-24,8.58
"4233","SEAFOOD",2017-07-14,29.071999
"4234","SEAFOOD",2016-02-04,4
"4235","SEAFOOD",2016-05-20,40.405
"4236","SEAFOOD",2016-06-16,4
"4237","SEAFOOD",2017-05-07,24.045
"4238","SEAFOOD",2017-04-21,58.33
"4239","SEAFOOD",2016-11-29,48.301
"4240","SEAFOOD",2016-02-24,22.273
"4241","SEAFOOD",2016-08-05,46.184
"4242","SEAFOOD",2016-04-07,89.475
"4243","SEAFOOD",2016-08-02,1
"4244","SEAFOOD",2016-12-07,23.719
"4245","SEAFOOD",2016-03-17,48.945
"4246","SEAFOOD",2016-02-04,37.018
"4247","SEAFOOD",2016-01-04,23.73
"4248","SEAFOOD",2017-03-18,43.847
"4249","SEAFOOD",2017-02-17,56.065998
"4250","SEAFOOD",2017-07-12,31.216
"4251","SEAFOOD",2015-12-09,8.8029995
"4252","SEAFOOD",2016-03-17,19.778
"4253","SEAFOOD",2016-05-22,33.447
"4254","SEAFOOD",2015-11-21,20.073
"4255","SEAFOOD",2017-06-26,29.303
"4256","SEAFOOD",2016-07-08,36.048
"4257","SEAFOOD",2015-11-07,45.945
"4258","SEAFOOD",2017-06-15,116.546
"4259","SEAFOOD",2017-02-22,2
"4260","SEAFOOD",2016-12-09,76.278
"4261","SEAFOOD",2016-12-02,137.525
"4262","SEAFOOD",2016-10-21,106.420006
"4263","SEAFOOD",2016-03-14,26.804
"4264","SEAFOOD",2016-03-15,5
"4265","SEAFOOD",2016-04-16,3
"4266","SEAFOOD",2015-12-13,6
"4267","SEAFOOD",2017-01-26,136.95801
"4268","SEAFOOD",2016-07-04,16.013
"4269","SEAFOOD",2015-10-23,38.293
"4270","SEAFOOD",2016-04-06,37.343002
"4271","SEAFOOD",2017-08-02,20.579
"4272","SEAFOOD",2015-12-19,17.609
"4273","SEAFOOD",2016-07-29,44.185
"4274","SEAFOOD",2015-12-01,42.252
"4275","SEAFOOD",2017-05-06,7.424
"4276","SEAFOOD",2015-12-30,48.496
"4277","SEAFOOD",2015-12-17,22.962
"4278","SEAFOOD",2016-02-09,37.56
"4279","SEAFOOD",2016-06-08,18.886
"4280","SEAFOOD",2017-01-01,68.09
"4281","SEAFOOD",2015-10-04,12.076
"4282","SEAFOOD",2016-09-12,14
"4283","SEAFOOD",2016-04-17,11
"4284","SEAFOOD",2016-10-14,3
"4285","SEAFOOD",2016-11-22,17.765
"4286","SEAFOOD",2016-08-03,12.828
"4287","SEAFOOD",2016-12-04,26.666
"4288","SEAFOOD",2016-07-03,70.034004
"4289","SEAFOOD",2015-09-19,58.674
"4290","SEAFOOD",2016-07-18,28.982
"4291","SEAFOOD",2016-06-15,30.247
"4292","SEAFOOD",2015-10-02,9
"4293","SEAFOOD",2016-01-14,71.703
"4294","SEAFOOD",2016-07-11,32.403
"4295","SEAFOOD",2016-02-11,3
"4296","SEAFOOD",2017-06-21,61.344
"4297","SEAFOOD",2015-11-20,44.041
"4298","SEAFOOD",2016-08-02,39.749
"4299","SEAFOOD",2015-11-27,41.766
"4300","SEAFOOD",2015-12-19,82.875
"4301","SEAFOOD",2015-11-27,16.084
"4302","SEAFOOD",2016-07-16,120.163
"4303","SEAFOOD",2016-10-14,36.785
"4304","SEAFOOD",2017-06-17,96.27
"4305","SEAFOOD",2016-08-03,25.289
"4306","SEAFOOD",2017-08-13,37.879
"4307","SEAFOOD",2016-07-17,31.18
"4308","SEAFOOD",2016-02-10,17.963
"4309","SEAFOOD",2016-07-16,80.396
"4310","SEAFOOD",2016-06-21,4.1210003
"4311","SEAFOOD",2015-12-05,55.414
"4312","SEAFOOD",2016-07-19,12.829
"4313","SEAFOOD",2016-09-10,73.755
"4314","SEAFOOD",2015-11-29,81.797005
"4315","SEAFOOD",2016-12-08,34.904
"4316","SEAFOOD",2016-07-24,48.091
"4317","SEAFOOD",2016-08-01,82.78
"4318","SEAFOOD",2017-06-21,42.38
"4319","SEAFOOD",2017-05-03,1
"4320","SEAFOOD",2015-11-08,99.74
"4321","SEAFOOD",2017-08-10,19.424
"4322","SEAFOOD",2015-11-15,2
"4323","SEAFOOD",2017-04-05,40.155
"4324","SEAFOOD",2016-08-20,70.713
"4325","SEAFOOD",2015-11-21,71.333
"4326","SEAFOOD",2016-12-19,6
"4327","SEAFOOD",2016-05-18,33.397
"4328","SEAFOOD",2015-12-06,9.136
"4329","SEAFOOD",2017-07-20,37.97
"4330","SEAFOOD",2017-04-01,12.073
"4331","SEAFOOD",2015-11-30,86.268
"4332","SEAFOOD",2016-02-19,34.26
"4333","SEAFOOD",2017-02-18,12.1189995
"4334","SEAFOOD",2016-04-27,59.559
"4335","SEAFOOD",2017-08-07,28.051
"4336","SEAFOOD",2016-01-26,36.612
"4337","SEAFOOD",2017-07-10,23.837
"4338","SEAFOOD",2016-11-30,31.239
"4339","SEAFOOD",2015-09-16,58.874
"4340","SEAFOOD",2016-10-03,14
"4341","SEAFOOD",2017-03-19,10.928
"4342","SEAFOOD",2016-01-13,49.104
"4343","SEAFOOD",2016-08-22,88.338
"4344","SEAFOOD",2017-07-27,59.293
"4345","SEAFOOD",2016-06-13,27.225
"4346","SEAFOOD",2016-03-01,121.89
"4347","SEAFOOD",2017-02-24,51.746
"4348","SEAFOOD",2017-01-15,24.364
"4349","SEAFOOD",2017-08-04,50.328
"4350","SEAFOOD",2016-04-06,24.856
"4351","SEAFOOD",2017-02-06,10
"4352","SEAFOOD",2016-05-17,36.389
"4353","SEAFOOD",2015-12-13,25.25
"4354","SEAFOOD",2017-06-30,50.279
"4355","SEAFOOD",2016-10-28,33.019
"4356","SEAFOOD",2015-10-10,65.784
"4357","SEAFOOD",2015-11-16,37.803
"4358","SEAFOOD",2016-11-13,13.48
"4359","SEAFOOD",2017-02-06,50.182
"4360","SEAFOOD",2016-12-15,46.249
"4361","SEAFOOD",2017-01-09,3
"4362","SEAFOOD",2016-07-21,40.809002
"4363","SEAFOOD",2016-04-10,90.18
"4364","SEAFOOD",2015-12-22,63.28
"4365","SEAFOOD",2016-11-04,46.929
"4366","SEAFOOD",2016-08-22,39.658
"4367","SEAFOOD",2016-07-02,72.433
"4368","SEAFOOD",2016-02-16,45.41
"4369","SEAFOOD",2016-01-29,27.768
"4370","SEAFOOD",2016-08-23,33.979
"4371","SEAFOOD",2016-04-21,5.451
"4372","SEAFOOD",2016-01-03,41.907
"4373","SEAFOOD",2016-08-03,26.051
"4374","SEAFOOD",2016-04-19,99.221
"4375","SEAFOOD",2016-05-13,128.166
"4376","SEAFOOD",2017-01-27,0
"4377","SEAFOOD",2016-01-25,37.628
"4378","SEAFOOD",2016-07-26,29.769
"4379","SEAFOOD",2017-05-21,20.807
"4380","SEAFOOD",2015-10-30,136.192
"4381","SEAFOOD",2015-12-20,3
"4382","SEAFOOD",2017-03-19,16
"4383","SEAFOOD",2017-02-13,80.169
"4384","SEAFOOD",2017-05-16,40.196
"4385","SEAFOOD",2016-01-03,14.11
"4386","SEAFOOD",2015-12-26,26.971
"4387","SEAFOOD",2016-10-11,1
"4388","SEAFOOD",2016-06-29,9.155
"4389","SEAFOOD",2015-12-29,44.787
"4390","SEAFOOD",2017-07-05,23.922
"4391","SEAFOOD",2017-03-06,9.845
"4392","SEAFOOD",2015-11-20,28.675999
"4393","SEAFOOD",2017-03-02,19.636
"4394","SEAFOOD",2017-05-03,11.476
"4395","SEAFOOD",2015-10-27,106.002
"4396","SEAFOOD",2016-07-15,44.242
"4397","SEAFOOD",2015-10-31,106.178
"4398","SEAFOOD",2017-07-31,30.982
"4399","SEAFOOD",2016-10-15,161.475
"4400","SEAFOOD",2017-01-20,89.659
"4401","SEAFOOD",2016-06-03,41.754
"4402","SEAFOOD",2017-01-31,35.429
"4403","SEAFOOD",2016-12-29,6
"4404","SEAFOOD",2017-02-06,5
"4405","SEAFOOD",2016-04-04,12
"4406","SEAFOOD",2016-12-26,2
"4407","SEAFOOD",2017-02-05,3
"4408","SEAFOOD",2017-04-23,30.283
"4409","SEAFOOD",2016-01-27,100.86
"4410","SEAFOOD",2016-01-24,7
"4411","SEAFOOD",2016-04-26,50.940998
"4412","SEAFOOD",2015-11-21,59.981
"4413","SEAFOOD",2017-04-30,54.162
"4414","SEAFOOD",2016-01-30,69.625
"4415","SEAFOOD",2016-08-24,66.074
"4416","SEAFOOD",2016-01-17,10.136
"4417","SEAFOOD",2016-01-05,86.494995
"4418","SEAFOOD",2017-07-07,66.197
"4419","SEAFOOD",2017-01-06,124.862
"4420","SEAFOOD",2016-10-18,5.249
"4421","SEAFOOD",2017-03-16,180.125
"4422","SEAFOOD",2016-10-08,80.403
"4423","SEAFOOD",2016-08-31,63.342
"4424","SEAFOOD",2016-01-08,32.52
"4425","SEAFOOD",2017-03-30,85.187004
"4426","SEAFOOD",2016-12-03,56.98
"4427","SEAFOOD",2017-06-25,31.745
"4428","SEAFOOD",2017-01-03,34.653
"4429","SEAFOOD",2017-01-22,5
"4430","SEAFOOD",2017-06-27,44.946
"4431","SEAFOOD",2017-06-27,30.622
"4432","SEAFOOD",2016-08-03,42.716
"4433","SEAFOOD",2016-12-20,46.975
"4434","SEAFOOD",2017-05-21,47.323997
"4435","SEAFOOD",2017-03-22,49.104
"4436","SEAFOOD",2015-12-30,10.886
"4437","SEAFOOD",2017-06-30,50.218998
"4438","SEAFOOD",2016-08-11,46.372
"4439","SEAFOOD",2016-10-24,13.212999
"4440","SEAFOOD",2017-03-09,49.586
"4441","SEAFOOD",2016-01-04,43.721
"4442","SEAFOOD",2015-10-28,68.448
"4443","SEAFOOD",2017-06-23,46.664
"4444","SEAFOOD",2016-02-07,70.587
"4445","SEAFOOD",2015-12-10,68.019
"4446","SEAFOOD",2016-02-25,35.199
"4447","SEAFOOD",2017-02-19,8.34
"4448","SEAFOOD",2016-03-10,73.522
"4449","SEAFOOD",2016-05-23,21.552
"4450","SEAFOOD",2017-08-06,75.714
"4451","SEAFOOD",2016-07-13,2
"4452","SEAFOOD",2017-05-26,0
"4453","SEAFOOD",2017-01-24,13
"4454","SEAFOOD",2016-02-26,6.417
"4455","SEAFOOD",2017-03-09,73.923
"4456","SEAFOOD",2016-11-10,73.108
"4457","SEAFOOD",2016-10-12,77.938
"4458","SEAFOOD",2017-01-23,25.858
"4459","SEAFOOD",2016-11-27,25.712
"4460","SEAFOOD",2016-06-01,45.648
"4461","SEAFOOD",2017-07-10,20.037
"4462","SEAFOOD",2016-06-01,11.007999
"4463","SEAFOOD",2016-01-19,102.893
"4464","SEAFOOD",2017-06-30,132.517
"4465","SEAFOOD",2017-08-11,26.413
"4466","SEAFOOD",2016-05-22,16.241
"4467","SEAFOOD",2017-07-30,2
"4468","SEAFOOD",2016-08-04,11.76
"4469","SEAFOOD",2016-11-17,11
"4470","SEAFOOD",2016-12-15,46.699
"4471","SEAFOOD",2016-10-22,4.476
"4472","SEAFOOD",2017-08-09,64.095
"4473","SEAFOOD",2016-06-04,50.896
"4474","SEAFOOD",2015-12-25,24.298
"4475","SEAFOOD",2017-06-17,8.898
"4476","SEAFOOD",2016-07-04,33.223
"4477","SEAFOOD",2015-11-07,44.094997
"4478","SEAFOOD",2017-02-23,27.283
"4479","SEAFOOD",2016-08-07,95.957
"4480","SEAFOOD",2017-07-10,17
"4481","SEAFOOD",2015-09-16,15.146
"4482","SEAFOOD",2017-05-26,30.691
"4483","SEAFOOD",2017-05-09,55.233
"4484","SEAFOOD",2015-11-12,61.366
"4485","SEAFOOD",2016-03-26,34.89
"4486","SEAFOOD",2017-07-10,26.546
"4487","SEAFOOD",2017-06-27,11.879
"4488","SEAFOOD",2016-05-19,40.447998
"4489","SEAFOOD",2016-11-29,21.307
"4490","SEAFOOD",2017-03-08,6
"4491","SEAFOOD",2015-12-07,89.19
"4492","SEAFOOD",2016-11-18,26
"4493","SEAFOOD",2017-03-05,35.844
"4494","SEAFOOD",2016-10-13,43.785
"4495","SEAFOOD",2016-06-12,28.109
"4496","SEAFOOD",2017-01-05,53.516
"4497","SEAFOOD",2016-01-21,18.29
"4498","SEAFOOD",2017-02-13,1
"4499","SEAFOOD",2017-05-22,11.071
"4500","SEAFOOD",2016-11-03,47.412
"4501","SEAFOOD",2017-02-10,41.202
"4502","SEAFOOD",2017-02-03,55.606003
"4503","SEAFOOD",2015-12-03,41.576
"4504","SEAFOOD",2015-12-19,14.4
"4505","SEAFOOD",2016-02-15,41.11
"4506","SEAFOOD",2016-01-09,13.752
"4507","SEAFOOD",2017-08-12,34.833
"4508","SEAFOOD",2016-03-27,15.933
"4509","SEAFOOD",2016-08-20,71.107
"4510","SEAFOOD",2015-10-14,44.477
"4511","SEAFOOD",2016-12-13,13
"4512","SEAFOOD",2016-03-21,11.6
"4513","SEAFOOD",2016-07-03,8
"4514","SEAFOOD",2016-10-06,91.022
"4515","SEAFOOD",2017-04-18,46.792
"4516","SEAFOOD",2016-04-13,2
"4517","SEAFOOD",2016-08-29,1
"4518","SEAFOOD",2017-08-05,50.847
"4519","SEAFOOD",2016-04-27,6.267
"4520","SEAFOOD",2015-11-02,12.691999
"4521","SEAFOOD",2016-03-27,7.678
"4522","SEAFOOD",2016-06-30,69.508
"4523","SEAFOOD",2017-08-02,17.887
"4524","SEAFOOD",2016-08-11,124.632
"4525","SEAFOOD",2016-08-08,16.522
"4526","SEAFOOD",2016-07-26,42.376
"4527","SEAFOOD",2016-06-27,38.127
"4528","SEAFOOD",2017-04-14,3
"4529","SEAFOOD",2016-11-20,13.106
"4530","SEAFOOD",2016-03-13,99.916
"4531","SEAFOOD",2017-06-05,39.055
"4532","SEAFOOD",2017-02-11,110.262
"4533","SEAFOOD",2016-12-15,31.368
"4534","SEAFOOD",2017-04-12,1
"4535","SEAFOOD",2015-11-23,2
"4536","SEAFOOD",2017-07-27,121.465
"4537","SEAFOOD",2016-03-01,19.621
"4538","SEAFOOD",2017-07-29,40.52
"4539","SEAFOOD",2015-12-27,10.132
"4540","SEAFOOD",2016-11-05,13.399
"4541","SEAFOOD",2016-09-01,38.190998
"4542","SEAFOOD",2015-10-20,73.486
"4543","SEAFOOD",2016-10-28,26.553
"4544","SEAFOOD",2016-08-25,98.004
"4545","SEAFOOD",2016-01-02,156.05
"4546","SEAFOOD",2016-12-30,3
"4547","SEAFOOD",2016-09-03,78.716
"4548","SEAFOOD",2015-10-13,4
"4549","SEAFOOD",2016-09-05,56.1
"4550","SEAFOOD",2017-06-12,23.795
"4551","SEAFOOD",2016-10-30,5
"4552","SEAFOOD",2016-01-15,60.981
"4553","SEAFOOD",2016-05-07,44.328
"4554","SEAFOOD",2016-04-22,30.816
"4555","SEAFOOD",2015-11-21,26.514
"4556","SEAFOOD",2015-09-16,39.156998
"4557","SEAFOOD",2017-04-05,1
"4558","SEAFOOD",2016-07-25,2
"4559","SEAFOOD",2017-05-05,42.947
"4560","SEAFOOD",2016-12-06,116.919
"4561","SEAFOOD",2016-11-30,51.618
"4562","SEAFOOD",2017-01-02,43.533
"4563","SEAFOOD",2016-02-18,45.601
"4564","SEAFOOD",2016-07-27,7.158
"4565","SEAFOOD",2016-07-24,42.309002
"4566","SEAFOOD",2016-07-31,17.378
"4567","SEAFOOD",2015-12-09,46.868
"4568","SEAFOOD",2017-03-17,142.438
"4569","SEAFOOD",2016-11-10,41.739
"4570","SEAFOOD",2016-11-16,14
"4571","SEAFOOD",2016-12-06,33.346
"4572","SEAFOOD",2017-04-19,10.296
"4573","SEAFOOD",2015-09-17,3
"4574","SEAFOOD",2016-10-17,11
"4575","SEAFOOD",2017-04-17,57.027
"4576","SEAFOOD",2015-11-21,6
"4577","SEAFOOD",2016-06-13,36.382
"4578","SEAFOOD",2016-03-18,45.231
"4579","SEAFOOD",2016-06-05,106.996
"4580","SEAFOOD",2016-03-23,48.869
"4581","SEAFOOD",2016-02-07,24.852
"4582","SEAFOOD",2017-03-18,89.555
"4583","SEAFOOD",2016-09-01,66.318
"4584","SEAFOOD",2016-02-21,71.046
"4585","SEAFOOD",2016-04-01,68.955
"4586","SEAFOOD",2016-02-15,118.58
"4587","SEAFOOD",2017-06-23,26
"4588","SEAFOOD",2016-12-16,19
"4589","SEAFOOD",2017-02-23,34.159
"4590","SEAFOOD",2017-08-14,46.507
"4591","SEAFOOD",2016-06-26,9.882
"4592","SEAFOOD",2017-02-21,37.205
"4593","SEAFOOD",2016-08-31,77.798004
"4594","SEAFOOD",2017-02-10,60.007
"4595","SEAFOOD",2016-06-11,61.678
"4596","SEAFOOD",2016-06-13,22.739
"4597","SEAFOOD",2015-09-27,32.299
"4598","SEAFOOD",2015-11-13,27.434
"4599","SEAFOOD",2016-04-08,30.479
"4600","SEAFOOD",2015-10-21,87.152
"4601","SEAFOOD",2017-03-23,11.578
"4602","SEAFOOD",2017-01-02,134.033
"4603","SEAFOOD",2016-04-25,35.53
"4604","SEAFOOD",2017-03-30,28.024
"4605","SEAFOOD",2017-05-11,138.181
"4606","SEAFOOD",2015-10-28,38.183
"4607","SEAFOOD",2016-08-23,39.865
"4608","SEAFOOD",2015-10-21,29.666
"4609","SEAFOOD",2015-10-20,57.063
"4610","SEAFOOD",2016-01-29,46.841
"4611","SEAFOOD",2015-10-23,8
"4612","SEAFOOD",2016-06-02,34.113
"4613","SEAFOOD",2016-07-23,9.128
"4614","SEAFOOD",2016-11-26,62.822
"4615","SEAFOOD",2015-12-04,14.74
"4616","SEAFOOD",2015-09-29,29.097
"4617","SEAFOOD",2016-07-28,12.958
"4618","SEAFOOD",2016-12-05,48.829
"4619","SEAFOOD",2017-05-02,41.995
"4620","SEAFOOD",2015-09-25,38.636
"4621","SEAFOOD",2016-11-11,30.551
"4622","SEAFOOD",2016-02-05,48.697
"4623","SEAFOOD",2017-07-22,50.93
"4624","SEAFOOD",2016-06-09,75.542
"4625","SEAFOOD",2015-10-21,7.8059998
"4626","SEAFOOD",2016-02-04,7.7019997
"4627","SEAFOOD",2017-02-20,45.87
"4628","SEAFOOD",2015-12-03,75.404
"4629","SEAFOOD",2015-10-08,39.052
"4630","SEAFOOD",2016-10-05,43.586
"4631","SEAFOOD",2017-04-23,53.641
"4632","SEAFOOD",2016-03-25,13
"4633","SEAFOOD",2016-05-13,43.596
"4634","SEAFOOD",2016-06-11,19.367
"4635","SEAFOOD",2016-03-26,33.614
"4636","SEAFOOD",2017-06-03,0
"4637","SEAFOOD",2016-07-02,14.867001
"4638","SEAFOOD",2017-08-12,33.648
"4639","SEAFOOD",2017-05-24,20.976
"4640","SEAFOOD",2016-01-23,38.461
"4641","SEAFOOD",2016-11-07,60.599
"4642","SEAFOOD",2017-07-21,37.536
"4643","SEAFOOD",2015-09-25,51.705
"4644","SEAFOOD",2016-05-11,19.244999
"4645","SEAFOOD",2017-01-03,0
"4646","SEAFOOD",2016-04-06,6.211
"4647","SEAFOOD",2017-06-01,25.15
"4648","SEAFOOD",2016-08-21,10.632
"4649","SEAFOOD",2015-12-18,34.446
"4650","SEAFOOD",2017-06-26,10.662
"4651","SEAFOOD",2016-06-24,45.192
"4652","SEAFOOD",2015-09-30,20.848
"4653","SEAFOOD",2016-05-13,10
"4654","SEAFOOD",2016-03-29,81.689
"4655","SEAFOOD",2016-12-20,31.789
"4656","SEAFOOD",2016-06-06,7
"4657","SEAFOOD",2016-06-19,20.169
"4658","SEAFOOD",2017-07-26,16.821
"4659","SEAFOOD",2016-01-22,35.785
"4660","SEAFOOD",2017-01-20,63.82
"4661","SEAFOOD",2016-04-15,37.161
"4662","SEAFOOD",2016-07-29,32.564
"4663","SEAFOOD",2016-10-20,63.477997
"4664","SEAFOOD",2016-01-17,25.050001
"4665","SEAFOOD",2015-10-27,3
"4666","SEAFOOD",2017-06-08,118.36
"4667","SEAFOOD",2016-04-02,72.476
"4668","SEAFOOD",2016-11-19,84.396996
"4669","SEAFOOD",2015-10-05,30.517
"4670","SEAFOOD",2015-10-29,37.641
"4671","SEAFOOD",2017-08-04,26.146
"4672","SEAFOOD",2015-12-05,20.615
"4673","SEAFOOD",2016-04-22,42.13
"4674","SEAFOOD",2017-04-26,14.396
"4675","SEAFOOD",2016-06-20,29.844
"4676","SEAFOOD",2016-05-20,52.244
"4677","SEAFOOD",2017-07-07,3
"4678","SEAFOOD",2016-01-15,38.758
"4679","SEAFOOD",2016-09-10,76.918
"4680","SEAFOOD",2016-07-17,87.34
"4681","SEAFOOD",2016-07-11,5
"4682","SEAFOOD",2016-07-15,27.446
"4683","SEAFOOD",2016-07-21,63.942
"4684","SEAFOOD",2017-01-18,1
"4685","SEAFOOD",2016-12-10,4
"4686","SEAFOOD",2016-10-02,8
"4687","SEAFOOD",2017-05-19,134.034
"4688","SEAFOOD",2016-01-30,56.469
"4689","SEAFOOD",2016-09-09,29.968
"4690","SEAFOOD",2017-08-04,17.625
"4691","SEAFOOD",2016-04-19,57.902
"4692","SEAFOOD",2017-03-29,29.3
"4693","SEAFOOD",2017-05-29,15.0130005
"4694","SEAFOOD",2017-01-15,39.17
"4695","SEAFOOD",2016-03-16,57.043
"4696","SEAFOOD",2016-09-08,68.341995
"4697","SEAFOOD",2016-08-05,17.706
"4698","SEAFOOD",2017-03-05,0
"4699","SEAFOOD",2016-10-09,38.926
"4700","SEAFOOD",2016-03-19,31.625
"4701","SEAFOOD",2017-07-13,35.053
"4702","SEAFOOD",2016-11-22,11.098
"4703","SEAFOOD",2016-05-21,58.704
"4704","SEAFOOD",2016-07-18,37.407
"4705","SEAFOOD",2016-01-02,21.277
"4706","SEAFOOD",2017-03-24,37.283
"4707","SEAFOOD",2016-01-11,9.280001
"4708","SEAFOOD",2017-07-31,18.982
"4709","SEAFOOD",2017-02-04,7
"4710","SEAFOOD",2017-04-11,38.148
"4711","SEAFOOD",2015-10-01,98.772
"4712","SEAFOOD",2017-01-14,11
"4713","SEAFOOD",2016-03-27,60.427002
"4714","SEAFOOD",2017-07-03,36.024002
"4715","SEAFOOD",2016-08-14,114.295
"4716","SEAFOOD",2015-11-10,41.13
"4717","SEAFOOD",2015-11-13,63.132
"4718","SEAFOOD",2016-02-06,83.115
"4719","SEAFOOD",2016-12-12,2
"4720","SEAFOOD",2016-01-02,18.81
"4721","SEAFOOD",2017-06-25,17.846
"4722","SEAFOOD",2016-08-21,27.572
"4723","SEAFOOD",2015-12-22,25.01
"4724","SEAFOOD",2017-04-30,16.694
"4725","SEAFOOD",2016-02-14,34.364
"4726","SEAFOOD",2016-02-12,13.106
"4727","SEAFOOD",2017-06-10,52.058
"4728","SEAFOOD",2017-04-06,1
"4729","SEAFOOD",2016-10-18,45.807
"4730","SEAFOOD",2016-09-25,11.578
"4731","SEAFOOD",2016-02-20,159.061
"4732","SEAFOOD",2015-12-11,5.528
"4733","SEAFOOD",2017-01-12,5
"4734","SEAFOOD",2016-08-13,54.484
"4735","SEAFOOD",2016-11-15,10.214
"4736","SEAFOOD",2016-03-20,55.348
"4737","SEAFOOD",2015-11-29,25.817
"4738","SEAFOOD",2016-06-18,69.345
"4739","SEAFOOD",2015-10-05,18.951
"4740","SEAFOOD",2017-03-14,27
"4741","SEAFOOD",2016-08-21,63.08
"4742","SEAFOOD",2017-01-21,16.549
"4743","SEAFOOD",2016-07-05,39.489
"4744","SEAFOOD",2016-07-01,8
"4745","SEAFOOD",2017-06-14,26.899
"4746","SEAFOOD",2016-10-22,45.764
"4747","SEAFOOD",2017-07-18,13.489
"4748","SEAFOOD",2016-05-12,17.827
"4749","SEAFOOD",2017-01-20,46.106
"4750","SEAFOOD",2016-12-07,10
"4751","SEAFOOD",2015-12-15,87.63
"4752","SEAFOOD",2016-08-22,37.959
"4753","SEAFOOD",2016-07-07,27
"4754","SEAFOOD",2016-06-26,3
"4755","SEAFOOD",2017-02-21,5.6549997
"4756","SEAFOOD",2016-02-04,117.781006
"4757","SEAFOOD",2016-05-18,31.435
"4758","SEAFOOD",2017-02-01,14
"4759","SEAFOOD",2017-05-26,38.394
"4760","SEAFOOD",2017-03-13,35.866
"4761","SEAFOOD",2015-10-26,32.842
"4762","SEAFOOD",2016-04-30,57.439
"4763","SEAFOOD",2015-10-27,37.095
"4764","SEAFOOD",2016-07-12,6.802
"4765","SEAFOOD",2016-04-21,32.148
"4766","SEAFOOD",2016-12-26,32.038
"4767","SEAFOOD",2017-01-10,8.056
"4768","SEAFOOD",2016-08-10,19.287
"4769","SEAFOOD",2016-06-14,77.511
"4770","SEAFOOD",2016-06-16,12.283
"4771","SEAFOOD",2017-04-12,32.765
"4772","SEAFOOD",2017-04-06,26.904
"4773","SEAFOOD",2016-04-02,59.046997
"4774","SEAFOOD",2016-09-28,4.7860003
"4775","SEAFOOD",2015-12-06,14.452
"4776","SEAFOOD",2017-01-05,73.798
"4777","SEAFOOD",2016-01-09,9
"4778","SEAFOOD",2017-01-06,12
"4779","SEAFOOD",2016-07-20,31.195
"4780","SEAFOOD",2017-05-12,68.516
"4781","SEAFOOD",2017-01-06,45.518
"4782","SEAFOOD",2016-07-12,32.36
"4783","SEAFOOD",2015-11-23,72.756996
"4784","SEAFOOD",2016-07-25,5.922
"4785","SEAFOOD",2017-08-06,31.048
"4786","SEAFOOD",2016-01-10,76.743
"4787","SEAFOOD",2017-02-07,33.384
"4788","SEAFOOD",2017-06-30,58.276
"4789","SEAFOOD",2017-06-02,55.416
"4790","SEAFOOD",2017-07-09,13.2560005
"4791","SEAFOOD",2016-04-24,26.783
"4792","SEAFOOD",2016-05-04,18.765
"4793","SEAFOOD",2016-06-22,23.814
"4794","SEAFOOD",2015-11-26,136.86
"4795","SEAFOOD",2017-05-17,14.039
"4796","SEAFOOD",2016-04-23,7
"4797","SEAFOOD",2016-11-29,41.807
"4798","SEAFOOD",2016-01-16,21.718
"4799","SEAFOOD",2016-05-15,52.206
"4800","SEAFOOD",2016-01-25,21.81
"4801","SEAFOOD",2016-11-04,35.199
"4802","SEAFOOD",2016-05-26,68.654
"4803","SEAFOOD",2017-06-06,31.97
"4804","SEAFOOD",2016-01-23,7
"4805","SEAFOOD",2016-06-12,15.733
"4806","SEAFOOD",2015-11-03,88.81
"4807","SEAFOOD",2016-04-20,9.671
"4808","SEAFOOD",2016-07-24,5
"4809","SEAFOOD",2016-12-30,33.643
"4810","SEAFOOD",2017-04-12,44.598
"4811","SEAFOOD",2016-05-21,52.185
"4812","SEAFOOD",2017-06-16,24.749
"4813","SEAFOOD",2017-07-03,6
"4814","SEAFOOD",2017-02-14,16
"4815","SEAFOOD",2016-04-23,70.086
"4816","SEAFOOD",2016-12-03,65.578
"4817","SEAFOOD",2017-05-12,50.328
"4818","SEAFOOD",2016-06-25,3
"4819","SEAFOOD",2015-10-19,25.967001
"4820","SEAFOOD",2017-05-30,0
"4821","SEAFOOD",2016-08-02,30.279
"4822","SEAFOOD",2016-05-07,46.041
"4823","SEAFOOD",2016-05-05,5.526
"4824","SEAFOOD",2015-10-21,7.796
"4825","SEAFOOD",2016-01-31,26.241001
"4826","SEAFOOD",2015-10-11,42.975998
"4827","SEAFOOD",2015-09-21,36.12
"4828","SEAFOOD",2016-06-10,60.695
"4829","SEAFOOD",2016-01-23,79.097
"4830","SEAFOOD",2016-05-03,53.104
"4831","SEAFOOD",2016-10-18,35.974
"4832","SEAFOOD",2016-11-30,5
"4833","SEAFOOD",2017-04-26,33.187
"4834","SEAFOOD",2016-07-05,129.642
"4835","SEAFOOD",2016-10-01,161.673
"4836","SEAFOOD",2016-04-11,72.362
"4837","SEAFOOD",2016-03-30,26.209
"4838","SEAFOOD",2015-09-21,12.476
"4839","SEAFOOD",2016-10-01,57.072
"4840","SEAFOOD",2016-01-25,11.653
"4841","SEAFOOD",2017-04-11,51.739
"4842","SEAFOOD",2016-10-08,53.217
"4843","SEAFOOD",2017-04-27,49.251
"4844","SEAFOOD",2016-02-09,55.559998
"4845","SEAFOOD",2016-05-19,91.588
"4846","SEAFOOD",2016-05-01,77.728
"4847","SEAFOOD",2017-06-17,46.809
"4848","SEAFOOD",2015-10-07,25.380001
"4849","SEAFOOD",2016-05-16,3
"4850","SEAFOOD",2015-12-06,56.343
"4851","SEAFOOD",2016-02-03,2
"4852","SEAFOOD",2017-03-12,87.091
"4853","SEAFOOD",2016-06-13,70.302
"4854","SEAFOOD",2015-12-27,42.508
"4855","SEAFOOD",2017-04-18,50.238
"4856","SEAFOOD",2017-06-18,69.957
"4857","SEAFOOD",2016-01-20,33.161
"4858","SEAFOOD",2015-11-01,12.805
"4859","SEAFOOD",2017-02-15,23.361
"4860","SEAFOOD",2017-05-04,137.732
"4861","SEAFOOD",2017-02-01,11.74
"4862","SEAFOOD",2016-08-01,49.267002
"4863","SEAFOOD",2017-01-17,6
"4864","SEAFOOD",2016-03-26,17.828
"4865","SEAFOOD",2017-07-20,119.339005
"4866","SEAFOOD",2016-10-13,73.409
"4867","SEAFOOD",2017-07-05,0
"4868","SEAFOOD",2017-03-28,63.024002
"4869","SEAFOOD",2016-03-20,84.905
"4870","SEAFOOD",2016-08-11,56.217
"4871","SEAFOOD",2016-11-16,18.978
"4872","SEAFOOD",2017-04-15,36.782
"4873","SEAFOOD",2017-03-07,38.021
"4874","SEAFOOD",2016-08-21,99.457
"4875","SEAFOOD",2016-06-10,9.452
"4876","SEAFOOD",2015-11-20,86.67
"4877","SEAFOOD",2017-04-17,22.454
"4878","SEAFOOD",2017-01-06,6
"4879","SEAFOOD",2017-06-25,32.663
"4880","SEAFOOD",2015-10-07,26.222
"4881","SEAFOOD",2017-03-27,41.674
"4882","SEAFOOD",2017-05-14,19.619999
"4883","SEAFOOD",2017-07-22,0
"4884","SEAFOOD",2015-12-13,16.13
"4885","SEAFOOD",2016-07-30,48.562
"4886","SEAFOOD",2016-03-24,21.301
"4887","SEAFOOD",2017-04-21,41.192
"4888","SEAFOOD",2015-10-02,30.073
"4889","SEAFOOD",2017-02-19,15.724
"4890","SEAFOOD",2016-02-10,25.439
"4891","SEAFOOD",2017-06-21,40.764
"4892","SEAFOOD",2016-05-29,58.801
"4893","SEAFOOD",2016-06-01,17.734001
"4894","SEAFOOD",2017-03-02,16
"4895","SEAFOOD",2017-03-18,29
"4896","SEAFOOD",2017-04-11,91.591
"4897","SEAFOOD",2015-10-20,101.266
"4898","SEAFOOD",2017-02-22,32.209
"4899","SEAFOOD",2016-07-30,104.721
"4900","SEAFOOD",2016-07-25,36.089
"4901","SEAFOOD",2016-04-20,26.712
"4902","SEAFOOD",2017-02-06,84.767
"4903","SEAFOOD",2016-07-20,10.512
"4904","SEAFOOD",2017-02-27,71.239
"4905","SEAFOOD",2016-02-16,10.348
"4906","SEAFOOD",2017-07-09,16.466
"4907","SEAFOOD",2017-04-04,39.366
"4908","SEAFOOD",2016-06-13,65.719
"4909","SEAFOOD",2015-11-30,109.186
"4910","SEAFOOD",2017-05-15,47.059998
"4911","SEAFOOD",2015-11-24,40.316
"4912","SEAFOOD",2017-05-30,16.851
"4913","SEAFOOD",2017-05-11,2
"4914","SEAFOOD",2016-01-09,57.159
"4915","SEAFOOD",2016-10-27,75.486
"4916","SEAFOOD",2017-04-25,4
"4917","SEAFOOD",2017-05-08,9.648
"4918","SEAFOOD",2017-01-30,34.863
"4919","SEAFOOD",2017-04-30,45.091
"4920","SEAFOOD",2016-08-01,14.189
"4921","SEAFOOD",2016-03-11,63.017002
"4922","SEAFOOD",2016-07-06,5
"4923","SEAFOOD",2016-06-12,6.836
"4924","SEAFOOD",2016-05-02,6
"4925","SEAFOOD",2017-01-21,46.826
"4926","SEAFOOD",2016-04-19,73.131
"4927","SEAFOOD",2015-11-11,3
"4928","SEAFOOD",2015-12-23,36.59
"4929","SEAFOOD",2016-10-06,175.795
"4930","SEAFOOD",2017-07-17,31.76
"4931","SEAFOOD",2016-09-30,74.433
"4932","SEAFOOD",2016-03-12,2
"4933","SEAFOOD",2017-04-02,35.379
"4934","SEAFOOD",2016-08-19,42.828
"4935","SEAFOOD",2017-06-06,0
"4936","SEAFOOD",2017-05-26,15.827
"4937","SEAFOOD",2015-10-04,46.209
"4938","SEAFOOD",2016-08-14,20.683
"4939","SEAFOOD",2016-09-04,71.407
"4940","SEAFOOD",2017-01-28,11.113
"4941","SEAFOOD",2017-03-08,32.256
"4942","SEAFOOD",2016-10-17,8.221
"4943","SEAFOOD",2017-07-30,37.934002
"4944","SEAFOOD",2017-03-05,19.544
"4945","SEAFOOD",2017-05-16,37.498
"4946","SEAFOOD",2016-03-23,63.23
"4947","SEAFOOD",2016-12-08,10
"4948","SEAFOOD",2016-01-02,67.413
"4949","SEAFOOD",2015-12-11,1
"4950","SEAFOOD",2016-02-02,40.298
"4951","SEAFOOD",2017-03-16,60.874
"4952","SEAFOOD",2017-01-26,47.592
"4953","SEAFOOD",2017-02-27,8.2439995
"4954","SEAFOOD",2016-11-20,6
"4955","SEAFOOD",2017-01-04,15
"4956","SEAFOOD",2016-06-23,131.483
"4957","SEAFOOD",2015-11-06,100.93
"4958","SEAFOOD",2015-12-31,0
"4959","SEAFOOD",2016-06-30,32.616
"4960","SEAFOOD",2015-11-22,95.097
"4961","SEAFOOD",2017-04-26,8.931
"4962","SEAFOOD",2016-10-08,68.994
"4963","SEAFOOD",2017-05-22,54.447
"4964","SEAFOOD",2016-02-23,22.614
"4965","SEAFOOD",2016-03-05,47.967
"4966","SEAFOOD",2017-01-26,69.943
"4967","SEAFOOD",2015-12-23,2
"4968","SEAFOOD",2015-12-29,26.002
"4969","SEAFOOD",2015-09-29,96.609
"4970","SEAFOOD",2017-04-25,22.34
"4971","SEAFOOD",2016-07-10,7
"4972","SEAFOOD",2015-10-20,6.5550003
"4973","SEAFOOD",2016-09-06,36.994
"4974","SEAFOOD",2015-11-30,11.118
"4975","SEAFOOD",2017-02-13,17.913
"4976","SEAFOOD",2017-05-16,10.808
"4977","SEAFOOD",2016-08-19,8.89
"4978","SEAFOOD",2015-11-26,2
"4979","SEAFOOD",2017-03-29,13.036
"4980","SEAFOOD",2016-07-22,37.27
"4981","SEAFOOD",2017-07-16,32.649002
"4982","SEAFOOD",2017-02-18,35.403
"4983","SEAFOOD",2017-07-28,9
"4984","SEAFOOD",2016-02-01,9.532
"4985","SEAFOOD",2017-02-15,16.754
"4986","SEAFOOD",2017-01-06,57.1
"4987","SEAFOOD",2017-04-12,30.758999
"4988","SEAFOOD",2015-12-25,23.877
"4989","SEAFOOD",2017-04-08,18.485
"4990","SEAFOOD",2016-12-25,28.516
"4991","SEAFOOD",2016-03-28,21.227001
"4992","SEAFOOD",2017-05-18,101.029
"4993","SEAFOOD",2016-03-20,66.927
"4994","SEAFOOD",2016-05-16,39.166
"4995","SEAFOOD",2016-03-03,79.547005
"4996","SEAFOOD",2016-01-31,38.362
"4997","SEAFOOD",2016-08-26,19.385
"4998","SEAFOOD",2017-03-10,64.155
"4999","SEAFOOD",2017-01-13,14.552
"5000","SEAFOOD",2017-04-14,47.853
"5001","SEAFOOD",2015-12-10,23.029
"5002","SEAFOOD",2015-11-18,5
"5003","SEAFOOD",2015-10-01,52.849
"5004","SEAFOOD",2016-04-22,5
"5005","SEAFOOD",2016-10-31,17
"5006","SEAFOOD",2017-05-24,45.044
"5007","SEAFOOD",2016-01-22,23.493
"5008","SEAFOOD",2016-05-29,40.858
"5009","SEAFOOD",2017-06-29,41.181
"5010","SEAFOOD",2016-09-02,7.646
"5011","SEAFOOD",2017-02-12,11.7369995
"5012","SEAFOOD",2016-06-15,34.269
"5013","SEAFOOD",2017-02-16,59.887
"5014","SEAFOOD",2017-05-16,64.363
"5015","SEAFOOD",2016-07-25,17.567
"5016","SEAFOOD",2016-06-12,102.294
"5017","SEAFOOD",2016-02-25,32.996
"5018","SEAFOOD",2016-06-06,34.586002
"5019","SEAFOOD",2016-06-02,164.393
"5020","SEAFOOD",2016-04-10,15.603001
"5021","SEAFOOD",2016-11-21,38.863
"5022","SEAFOOD",2016-02-19,136.67
"5023","SEAFOOD",2016-07-30,12.314
"5024","SEAFOOD",2016-11-04,57.516
"5025","SEAFOOD",2017-06-29,22.438
"5026","SEAFOOD",2016-11-06,59.129
"5027","SEAFOOD",2017-03-04,59.103
"5028","SEAFOOD",2016-08-27,34.198
"5029","SEAFOOD",2015-09-20,108.818
"5030","SEAFOOD",2016-06-10,55.373
"5031","SEAFOOD",2016-09-02,26.656
"5032","SEAFOOD",2016-06-07,32.104
"5033","SEAFOOD",2016-01-10,45.327
"5034","SEAFOOD",2016-04-18,47.791
"5035","SEAFOOD",2017-06-28,39.458
"5036","SEAFOOD",2017-08-07,10.88
"5037","SEAFOOD",2016-04-11,12.951
"5038","SEAFOOD",2017-06-12,7.084
"5039","SEAFOOD",2016-12-12,5.348
"5040","SEAFOOD",2016-02-07,11.346
"5041","SEAFOOD",2017-07-31,32.584
"5042","SEAFOOD",2016-09-12,51.604
"5043","SEAFOOD",2017-07-26,12.984
"5044","SEAFOOD",2017-02-25,65.088
"5045","SEAFOOD",2017-03-16,81.338
"5046","SEAFOOD",2017-07-06,51.047
"5047","SEAFOOD",2016-06-17,139.37799
"5048","SEAFOOD",2016-10-01,2
"5049","SEAFOOD",2016-01-18,41.059
"5050","SEAFOOD",2016-09-09,8
"5051","SEAFOOD",2015-09-21,114.326
"5052","SEAFOOD",2016-04-06,30.254
"5053","SEAFOOD",2016-07-29,1
"5054","SEAFOOD",2016-05-16,57.503
"5055","SEAFOOD",2016-08-29,7.25
"5056","SEAFOOD",2016-04-20,51.664
"5057","SEAFOOD",2016-07-08,113.587006
"5058","SEAFOOD",2017-04-20,1
"5059","SEAFOOD",2016-12-10,37.229
"5060","SEAFOOD",2017-05-14,92.507996
"5061","SEAFOOD",2015-12-26,38.406
"5062","SEAFOOD",2016-01-10,31.704
"5063","SEAFOOD",2016-04-14,12.229
"5064","SEAFOOD",2016-11-14,42.797
"5065","SEAFOOD",2016-10-11,9
"5066","SEAFOOD",2015-10-05,36.19
"5067","SEAFOOD",2016-09-03,72.034
"5068","SEAFOOD",2016-03-06,8.414
"5069","SEAFOOD",2016-03-05,12.218
"5070","SEAFOOD",2017-06-29,32.621998
"5071","SEAFOOD",2016-08-20,11
"5072","SEAFOOD",2016-04-13,13.274
"5073","SEAFOOD",2016-05-01,33.36
"5074","SEAFOOD",2017-06-30,0
"5075","SEAFOOD",2016-04-30,66.203
"5076","SEAFOOD",2016-12-14,16
"5077","SEAFOOD",2016-05-14,82.963
"5078","SEAFOOD",2016-05-20,45.414
"5079","SEAFOOD",2017-03-10,18
"5080","SEAFOOD",2016-08-04,60.563
"5081","SEAFOOD",2016-05-02,25.536999
"5082","SEAFOOD",2017-04-10,19.358
"5083","SEAFOOD",2017-04-07,23.056
"5084","SEAFOOD",2016-03-03,7.44
"5085","SEAFOOD",2016-01-30,69.807
"5086","SEAFOOD",2017-01-02,4
"5087","SEAFOOD",2017-07-02,42.555
"5088","SEAFOOD",2016-10-23,11
"5089","SEAFOOD",2016-08-12,13.798
"5090","SEAFOOD",2017-01-10,56.067
"5091","SEAFOOD",2017-02-01,1
"5092","SEAFOOD",2016-09-04,98.483
"5093","SEAFOOD",2016-05-28,36.305
"5094","SEAFOOD",2015-12-01,94.125
"5095","SEAFOOD",2016-11-09,8.998
"5096","SEAFOOD",2016-12-04,73.082
"5097","SEAFOOD",2017-07-11,32.886
"5098","SEAFOOD",2015-12-16,8.503
"5099","SEAFOOD",2017-03-06,58.265
"5100","SEAFOOD",2015-09-28,27.447
"5101","SEAFOOD",2016-11-01,6
"5102","SEAFOOD",2016-10-02,25.098
"5103","SEAFOOD",2016-05-16,49.361
"5104","SEAFOOD",2015-10-12,12.597
"5105","SEAFOOD",2016-05-22,52.329
"5106","SEAFOOD",2016-11-15,41.447
"5107","SEAFOOD",2017-05-27,11.57
"5108","SEAFOOD",2015-12-15,5.453
"5109","SEAFOOD",2016-06-01,34.439
"5110","SEAFOOD",2016-02-18,58.934
"5111","SEAFOOD",2015-11-25,25.935
"5112","SEAFOOD",2015-12-04,39.498
"5113","SEAFOOD",2016-12-05,100.846
"5114","SEAFOOD",2015-12-25,31.799
"5115","SEAFOOD",2017-07-08,20.111
"5116","SEAFOOD",2016-09-01,22.221
"5117","SEAFOOD",2017-07-11,20.155
"5118","SEAFOOD",2017-04-16,29.545
"5119","SEAFOOD",2016-03-20,19.487999
"5120","SEAFOOD",2016-11-30,37.942
"5121","SEAFOOD",2015-10-11,23.201
"5122","SEAFOOD",2017-07-14,2
"5123","SEAFOOD",2017-03-21,91.020996
"5124","SEAFOOD",2017-07-16,10.147
"5125","SEAFOOD",2016-02-20,64.12
"5126","SEAFOOD",2016-12-01,93.221
"5127","SEAFOOD",2017-03-10,30.675
"5128","SEAFOOD",2016-03-18,32.045
"5129","SEAFOOD",2017-02-21,13
"5130","SEAFOOD",2015-12-07,17.852
"5131","SEAFOOD",2017-06-21,34.502
"5132","SEAFOOD",2016-02-13,12.382
"5133","SEAFOOD",2017-03-13,39.776
"5134","SEAFOOD",2016-05-09,16.66
"5135","SEAFOOD",2016-12-23,33.506
"5136","SEAFOOD",2016-01-14,38.149
"5137","SEAFOOD",2017-07-22,86.997
"5138","SEAFOOD",2016-10-16,0
"5139","SEAFOOD",2016-10-19,41.447
"5140","SEAFOOD",2016-04-17,57.042
"5141","SEAFOOD",2017-02-05,31.271
"5142","SEAFOOD",2016-02-09,59.401
"5143","SEAFOOD",2016-09-26,41.689
"5144","SEAFOOD",2016-02-21,69.309
"5145","SEAFOOD",2015-10-18,2
"5146","SEAFOOD",2016-01-17,28.941
"5147","SEAFOOD",2016-01-19,51.222
"5148","SEAFOOD",2016-09-22,11.03
"5149","SEAFOOD",2016-04-24,1
"5150","SEAFOOD",2017-05-30,53.459
"5151","SEAFOOD",2016-11-23,39.261
"5152","SEAFOOD",2016-03-18,36.691998
"5153","SEAFOOD",2016-05-28,51.742
"5154","SEAFOOD",2016-05-11,17.276001
"5155","SEAFOOD",2016-12-10,0
"5156","SEAFOOD",2015-10-19,61.616997
"5157","SEAFOOD",2015-11-12,73.576996
"5158","SEAFOOD",2017-06-04,0
"5159","SEAFOOD",2017-02-26,22.119
"5160","SEAFOOD",2016-12-01,44.843
"5161","SEAFOOD",2016-01-05,53.191
"5162","SEAFOOD",2016-11-27,35.07
"5163","SEAFOOD",2017-07-04,18.468
"5164","SEAFOOD",2016-09-25,11
"5165","SEAFOOD",2017-02-26,50.729
"5166","SEAFOOD",2017-04-17,30.326
"5167","SEAFOOD",2016-06-09,96.936005
"5168","SEAFOOD",2016-12-21,17.586
"5169","SEAFOOD",2016-04-25,22.663
"5170","SEAFOOD",2016-03-06,2
"5171","SEAFOOD",2016-07-03,11.929
"5172","SEAFOOD",2016-11-11,18.678
"5173","SEAFOOD",2017-07-11,5
"5174","SEAFOOD",2016-02-05,26.762001
"5175","SEAFOOD",2017-03-09,51.195
"5176","SEAFOOD",2017-03-24,38.336
"5177","SEAFOOD",2016-04-04,48.190002
"5178","SEAFOOD",2016-10-10,35.023
"5179","SEAFOOD",2015-12-26,75.701996
"5180","SEAFOOD",2017-05-06,7.853
"5181","SEAFOOD",2015-10-15,4
"5182","SEAFOOD",2015-10-17,48.949
"5183","SEAFOOD",2016-01-16,20.098999
"5184","SEAFOOD",2017-03-21,0
"5185","SEAFOOD",2017-07-09,44.059
"5186","SEAFOOD",2015-12-30,0
"5187","SEAFOOD",2016-05-01,18.033
"5188","SEAFOOD",2016-03-18,123.2
"5189","SEAFOOD",2017-02-13,42.647
"5190","SEAFOOD",2016-09-03,41.957
"5191","SEAFOOD",2016-10-03,48.781
"5192","SEAFOOD",2017-02-14,87.304
"5193","SEAFOOD",2016-04-16,24.583
"5194","SEAFOOD",2016-12-17,45.485
"5195","SEAFOOD",2016-05-09,26.195
"5196","SEAFOOD",2016-03-01,70.231
"5197","SEAFOOD",2016-07-17,0
"5198","SEAFOOD",2016-04-12,32.164
"5199","SEAFOOD",2017-05-05,117.874
"5200","SEAFOOD",2016-02-08,47.703
"5201","SEAFOOD",2016-10-04,76.56
"5202","SEAFOOD",2016-08-10,36.339
"5203","SEAFOOD",2016-04-23,55.693
"5204","SEAFOOD",2016-05-27,52.355
"5205","SEAFOOD",2017-01-13,29.448
"5206","SEAFOOD",2016-02-01,36.144
"5207","SEAFOOD",2016-09-12,2
"5208","SEAFOOD",2016-11-21,8
"5209","SEAFOOD",2015-10-17,27.241001
"5210","SEAFOOD",2016-11-13,16.552
"5211","SEAFOOD",2016-08-25,53.722
"5212","SEAFOOD",2016-10-16,26.123001
"5213","SEAFOOD",2015-12-06,27.494
"5214","SEAFOOD",2016-08-05,97.26
"5215","SEAFOOD",2016-03-24,6.074
"5216","SEAFOOD",2016-09-09,58.139
"5217","SEAFOOD",2016-12-15,64.06
"5218","SEAFOOD",2017-02-09,32.547
"5219","SEAFOOD",2016-12-23,42.9
"5220","SEAFOOD",2016-05-07,108.631996
"5221","SEAFOOD",2015-10-30,30.226
"5222","SEAFOOD",2016-11-25,42.968002
"5223","SEAFOOD",2017-07-04,81.652
"5224","SEAFOOD",2017-05-20,161.292
"5225","SEAFOOD",2017-04-16,20.446
"5226","SEAFOOD",2016-08-20,8.94
"5227","SEAFOOD",2015-10-18,10.939
"5228","SEAFOOD",2017-06-19,32.858
"5229","SEAFOOD",2015-12-19,75.628
"5230","SEAFOOD",2016-01-14,32.382
"5231","SEAFOOD",2017-05-01,87.703
"5232","SEAFOOD",2016-03-01,36.588
"5233","SEAFOOD",2017-07-31,3
"5234","SEAFOOD",2017-07-23,44.201
"5235","SEAFOOD",2017-01-20,1
"5236","SEAFOOD",2016-11-09,22.735
"5237","SEAFOOD",2015-10-28,21.348
"5238","SEAFOOD",2016-08-06,52.28
"5239","SEAFOOD",2016-03-05,145.281
"5240","SEAFOOD",2017-04-24,24.357
"5241","SEAFOOD",2017-05-05,42.478
"5242","SEAFOOD",2016-02-28,21.379
"5243","SEAFOOD",2015-12-26,37.051003
"5244","SEAFOOD",2016-09-13,26.5
"5245","SEAFOOD",2016-07-09,43.907
"5246","SEAFOOD",2017-03-22,21.258
"5247","SEAFOOD",2017-07-06,51.863
"5248","SEAFOOD",2016-12-13,32.599
"5249","SEAFOOD",2016-02-12,14.1310005
"5250","SEAFOOD",2015-12-14,15.196
"5251","SEAFOOD",2016-05-27,43.861
"5252","SEAFOOD",2016-03-19,136.47
"5253","SEAFOOD",2016-01-20,21.209
"5254","SEAFOOD",2016-09-29,47.87
"5255","SEAFOOD",2015-10-16,5
"5256","SEAFOOD",2016-08-09,12.821
"5257","SEAFOOD",2016-05-13,28.722
"5258","SEAFOOD",2015-10-07,10.464001
"5259","SEAFOOD",2016-10-14,5.908
"5260","SEAFOOD",2017-07-22,43.427002
"5261","SEAFOOD",2016-08-29,10.5
"5262","SEAFOOD",2015-09-20,7
"5263","SEAFOOD",2015-11-28,44.632
"5264","SEAFOOD",2017-05-02,16.125
"5265","SEAFOOD",2017-06-07,59.155
"5266","SEAFOOD",2016-04-30,4
"5267","SEAFOOD",2016-12-23,22.797
"5268","SEAFOOD",2016-11-30,93.687
"5269","SEAFOOD",2017-02-02,1
"5270","SEAFOOD",2017-02-03,6.367
"5271","SEAFOOD",2017-06-29,7.1940002
"5272","SEAFOOD",2016-08-05,45.635002
"5273","SEAFOOD",2015-11-07,87.514
"5274","SEAFOOD",2017-01-07,59.385002
"5275","SEAFOOD",2016-08-15,6.152
"5276","SEAFOOD",2017-04-11,16.36
"5277","SEAFOOD",2016-12-12,16.464
"5278","SEAFOOD",2016-02-09,19.876
"5279","SEAFOOD",2016-04-19,28.432001
"5280","SEAFOOD",2016-07-10,23.145
"5281","SEAFOOD",2017-03-27,28.551
"5282","SEAFOOD",2017-07-28,5
"5283","SEAFOOD",2015-12-05,7
"5284","SEAFOOD",2016-05-28,129.412
"5285","SEAFOOD",2017-04-04,39.153
"5286","SEAFOOD",2017-02-19,49.7
"5287","SEAFOOD",2015-12-12,50.423
"5288","SEAFOOD",2016-01-12,39.814
"5289","SEAFOOD",2016-03-28,68.479996
"5290","SEAFOOD",2016-10-02,105.578
"5291","SEAFOOD",2017-03-30,15.257999
"5292","SEAFOOD",2017-02-08,20.24
"5293","SEAFOOD",2016-11-09,25.839
"5294","SEAFOOD",2016-06-27,59.689
"5295","SEAFOOD",2015-12-16,60.454
"5296","SEAFOOD",2015-10-24,18.616
"5297","SEAFOOD",2016-11-01,10.465
"5298","SEAFOOD",2016-01-26,5.674
"5299","SEAFOOD",2016-05-27,35.959
"5300","SEAFOOD",2015-11-26,42.456
"5301","SEAFOOD",2015-11-28,22.49
"5302","SEAFOOD",2016-12-29,0
"5303","SEAFOOD",2016-11-13,0
"5304","SEAFOOD",2015-12-19,24.976
"5305","SEAFOOD",2017-06-19,13.8880005
"5306","SEAFOOD",2017-06-03,35.361
"5307","SEAFOOD",2017-04-28,27.765999
"5308","SEAFOOD",2017-06-07,1
"5309","SEAFOOD",2017-07-14,91.715996
"5310","SEAFOOD",2015-09-16,22.289
"5311","SEAFOOD",2016-05-23,15.044
"5312","SEAFOOD",2015-11-18,90.534
"5313","SEAFOOD",2016-10-06,54.877
"5314","SEAFOOD",2016-09-30,54.823
"5315","SEAFOOD",2016-08-26,59.977
"5316","SEAFOOD",2016-01-28,68.221
"5317","SEAFOOD",2016-06-27,18.466
"5318","SEAFOOD",2017-01-03,39.748
"5319","SEAFOOD",2016-12-16,22.89
"5320","SEAFOOD",2016-09-04,13
"5321","SEAFOOD",2016-10-16,45.57
"5322","SEAFOOD",2015-11-26,33.301
"5323","SEAFOOD",2016-09-16,63.785
"5324","SEAFOOD",2017-01-30,5.744
"5325","SEAFOOD",2017-01-08,102.543
"5326","SEAFOOD",2016-03-14,9.582
"5327","SEAFOOD",2016-09-10,7.7060003
"5328","SEAFOOD",2016-11-09,1
"5329","SEAFOOD",2016-11-25,31.775
"5330","SEAFOOD",2017-07-31,40.718998
"5331","SEAFOOD",2016-10-15,49.39
"5332","SEAFOOD",2015-11-28,148.756
"5333","SEAFOOD",2016-05-29,18.092
"5334","SEAFOOD",2017-05-25,1
"5335","SEAFOOD",2017-05-31,39.831
"5336","SEAFOOD",2015-10-07,18.064
"5337","SEAFOOD",2016-09-02,72.96
"5338","SEAFOOD",2016-06-20,4
"5339","SEAFOOD",2015-09-26,45.368
"5340","SEAFOOD",2016-11-23,1
"5341","SEAFOOD",2016-10-24,10
"5342","SEAFOOD",2017-01-01,46.284
"5343","SEAFOOD",2017-02-01,23.109
"5344","SEAFOOD",2016-09-10,149.685
"5345","SEAFOOD",2015-10-09,81.106
"5346","SEAFOOD",2016-03-26,44.877
"5347","SEAFOOD",2016-08-07,50.589
"5348","SEAFOOD",2016-08-25,42.569
"5349","SEAFOOD",2017-04-23,27.497
"5350","SEAFOOD",2016-07-02,67.471
"5351","SEAFOOD",2015-12-11,42.494
"5352","SEAFOOD",2016-10-15,59.574
"5353","SEAFOOD",2016-01-20,24.206
"5354","SEAFOOD",2017-01-09,73.318
"5355","SEAFOOD",2016-06-21,23.369999
"5356","SEAFOOD",2017-03-28,81.113
"5357","SEAFOOD",2016-03-03,10.912
"5358","SEAFOOD",2015-11-20,44.969
"5359","SEAFOOD",2016-03-24,34.939
"5360","SEAFOOD",2016-04-16,10.877
"5361","SEAFOOD",2016-08-10,27.201
"5362","SEAFOOD",2017-04-30,78.395004
"5363","SEAFOOD",2016-10-26,0
"5364","SEAFOOD",2015-12-04,46.441
"5365","SEAFOOD",2017-05-22,31.115
"5366","SEAFOOD",2016-05-21,38.638
"5367","SEAFOOD",2015-10-15,52.832
"5368","SEAFOOD",2016-04-07,20.408
"5369","SEAFOOD",2015-10-29,53.968
"5370","SEAFOOD",2016-10-19,34.308
"5371","SEAFOOD",2016-09-04,54.409
"5372","SEAFOOD",2016-09-08,30.047
"5373","SEAFOOD",2017-05-05,42.81
"5374","SEAFOOD",2016-09-03,164.477
"5375","SEAFOOD",2016-07-04,79.247
"5376","SEAFOOD",2016-02-13,53.295
"5377","SEAFOOD",2017-06-04,112.406
"5378","SEAFOOD",2016-06-24,112.83
"5379","SEAFOOD",2017-02-14,7.204
"5380","SEAFOOD",2016-07-28,70.135
"5381","SEAFOOD",2017-04-28,35.8
"5382","SEAFOOD",2016-05-29,6
"5383","SEAFOOD",2017-07-19,27.035
"5384","SEAFOOD",2016-06-21,15.123
"5385","SEAFOOD",2017-04-25,11.928
"5386","SEAFOOD",2017-04-16,75.853
"5387","SEAFOOD",2016-01-26,56.186
"5388","SEAFOOD",2016-02-02,6
"5389","SEAFOOD",2017-01-27,28.67
"5390","SEAFOOD",2017-06-19,27.59
"5391","SEAFOOD",2016-04-24,46.943
"5392","SEAFOOD",2015-11-07,31.346
"5393","SEAFOOD",2016-01-13,29.593
"5394","SEAFOOD",2016-07-14,132.768
"5395","SEAFOOD",2016-05-24,42.766
"5396","SEAFOOD",2016-02-03,19.638
"5397","SEAFOOD",2017-06-13,24.826
"5398","SEAFOOD",2016-03-28,17.524
"5399","SEAFOOD",2015-09-19,84.334
"5400","SEAFOOD",2016-04-20,22.511
"5401","SEAFOOD",2016-06-29,14.512
"5402","SEAFOOD",2016-05-14,37.659
"5403","SEAFOOD",2016-09-08,14.654
"5404","SEAFOOD",2017-05-17,0
"5405","SEAFOOD",2017-06-28,15.037
"5406","SEAFOOD",2016-07-31,103.262
"5407","SEAFOOD",2016-10-28,29.136
"5408","SEAFOOD",2017-03-14,43.594
"5409","SEAFOOD",2016-11-06,12.934
"5410","SEAFOOD",2017-05-18,141.837
"5411","SEAFOOD",2016-04-23,11.908
"5412","SEAFOOD",2017-05-10,0
"5413","SEAFOOD",2015-10-11,7.87
"5414","SEAFOOD",2016-05-20,120.057
"5415","SEAFOOD",2017-06-14,50.601
"5416","SEAFOOD",2015-10-02,93.756996
"5417","SEAFOOD",2016-07-20,20.727001
"5418","SEAFOOD",2016-09-02,39.221
"5419","SEAFOOD",2017-07-04,38.997
"5420","SEAFOOD",2016-10-23,36.513
"5421","SEAFOOD",2016-07-05,23.526001
"5422","SEAFOOD",2016-09-11,44.801003
"5423","SEAFOOD",2016-11-08,5
"5424","SEAFOOD",2017-08-06,25.204
"5425","SEAFOOD",2017-03-25,54.850998
"5426","SEAFOOD",2016-11-01,37.379
"5427","SEAFOOD",2016-12-31,0
"5428","SEAFOOD",2017-07-19,35.959
"5429","SEAFOOD",2017-04-26,17.303
"5430","SEAFOOD",2016-05-24,64.61
"5431","SEAFOOD",2016-11-17,40.237
"5432","SEAFOOD",2017-01-07,54.044
"5433","SEAFOOD",2017-07-06,23.029
"5434","SEAFOOD",2016-08-03,12.902
"5435","SEAFOOD",2017-04-09,11.114
"5436","SEAFOOD",2017-02-25,13.528
"5437","SEAFOOD",2016-06-28,7.926
"5438","SEAFOOD",2015-09-28,44.753
"5439","SEAFOOD",2016-05-30,61.581
"5440","SEAFOOD",2015-09-18,64.953
"5441","SEAFOOD",2016-09-22,65.621
"5442","SEAFOOD",2017-01-08,38.148003
"5443","SEAFOOD",2016-10-19,31.631
"5444","SEAFOOD",2016-02-18,44.05
"5445","SEAFOOD",2016-11-18,59.211998
"5446","SEAFOOD",2016-01-27,53.937
"5447","SEAFOOD",2017-03-07,32.725
"5448","SEAFOOD",2016-01-06,11.957
"5449","SEAFOOD",2017-02-28,98.182
"5450","SEAFOOD",2017-02-27,44.447
"5451","SEAFOOD",2016-10-23,36.672
"5452","SEAFOOD",2016-09-23,41.461
"5453","SEAFOOD",2016-09-20,19.628
"5454","SEAFOOD",2015-10-31,30
"5455","SEAFOOD",2016-11-07,33.185
"5456","SEAFOOD",2015-10-31,41.078
"5457","SEAFOOD",2016-12-01,13
"5458","SEAFOOD",2016-02-28,1
"5459","SEAFOOD",2016-11-14,42.197
"5460","SEAFOOD",2017-01-25,33.156002
"5461","SEAFOOD",2016-02-15,10.97
"5462","SEAFOOD",2016-06-30,5.006
"5463","SEAFOOD",2017-02-07,60.510002
"5464","SEAFOOD",2016-03-26,104.683
"5465","SEAFOOD",2015-11-30,32.016
"5466","SEAFOOD",2016-01-13,68.241
"5467","SEAFOOD",2015-11-05,162.52899
"5468","SEAFOOD",2016-11-08,125.300995
"5469","SEAFOOD",2015-12-03,57.842
"5470","SEAFOOD",2016-07-25,74.183
"5471","SEAFOOD",2016-04-24,16.07
"5472","SEAFOOD",2016-05-05,11.54
"5473","SEAFOOD",2017-04-25,34.501
"5474","SEAFOOD",2016-03-29,33.357002
"5475","SEAFOOD",2016-12-17,13
"5476","SEAFOOD",2017-07-22,17.868
"5477","SEAFOOD",2017-03-03,46.59
"5478","SEAFOOD",2015-11-29,21.742
"5479","SEAFOOD",2016-06-07,40.259
"5480","SEAFOOD",2016-08-28,31.423
"5481","SEAFOOD",2017-07-26,8.642
"5482","SEAFOOD",2015-09-27,64.451004
"5483","SEAFOOD",2016-01-05,35.972
"5484","SEAFOOD",2017-06-22,36.331
"5485","SEAFOOD",2015-11-16,14.04
"5486","SEAFOOD",2017-06-16,43.691
"5487","SEAFOOD",2016-12-21,0
"5488","SEAFOOD",2016-04-20,79.075
"5489","SEAFOOD",2017-01-29,54.044003
"5490","SEAFOOD",2016-08-16,32.294
"5491","SEAFOOD",2016-08-08,81.706
"5492","SEAFOOD",2016-07-31,15.094
"5493","SEAFOOD",2017-07-23,71.066
"5494","SEAFOOD",2017-04-05,19.717001
"5495","SEAFOOD",2015-12-17,13.764999
"5496","SEAFOOD",2015-09-24,16.608
"5497","SEAFOOD",2016-04-21,22.846
"5498","SEAFOOD",2016-10-07,5.071
"5499","SEAFOOD",2016-02-10,18.835
"5500","SEAFOOD",2016-10-06,13.052
"5501","SEAFOOD",2017-06-03,47.134
"5502","SEAFOOD",2015-10-21,20.767
"5503","SEAFOOD",2016-08-21,8.423
"5504","SEAFOOD",2015-09-29,24.487
"5505","SEAFOOD",2016-04-01,132.48
"5506","SEAFOOD",2016-06-19,18.279
"5507","SEAFOOD",2016-11-25,44.055
"5508","SEAFOOD",2017-06-02,2
"5509","SEAFOOD",2017-03-12,50.781998
"5510","SEAFOOD",2016-01-21,85.576004
"5511","SEAFOOD",2016-07-26,3
"5512","SEAFOOD",2015-11-27,38.902
"5513","SEAFOOD",2017-05-01,21.362
"5514","SEAFOOD",2016-02-06,56.166
"5515","SEAFOOD",2016-07-08,31.454
"5516","SEAFOOD",2017-04-26,65.109
"5517","SEAFOOD",2017-01-24,21.958
"5518","SEAFOOD",2017-04-01,45.179
"5519","SEAFOOD",2016-08-13,43.339
"5520","SEAFOOD",2016-11-11,75.798
"5521","SEAFOOD",2016-08-01,34.921
"5522","SEAFOOD",2015-09-23,17.509
"5523","SEAFOOD",2016-09-23,102.723
"5524","SEAFOOD",2017-07-31,6
"5525","SEAFOOD",2017-03-11,143.006
"5526","SEAFOOD",2016-04-12,18.74
"5527","SEAFOOD",2017-06-07,10.205999
"5528","SEAFOOD",2017-05-27,56.792
"5529","SEAFOOD",2016-12-13,6.034
"5530","SEAFOOD",2016-10-26,13.596001
"5531","SEAFOOD",2016-11-17,66.095
"5532","SEAFOOD",2017-05-10,26.792
"5533","SEAFOOD",2015-10-29,6
"5534","SEAFOOD",2015-12-11,99.630005
"5535","SEAFOOD",2017-02-16,12
"5536","SEAFOOD",2016-08-19,60.593
"5537","SEAFOOD",2016-11-22,39.239
"5538","SEAFOOD",2017-04-02,34.735
"5539","SEAFOOD",2017-07-18,69.871
"5540","SEAFOOD",2016-08-01,26.34
"5541","SEAFOOD",2016-10-24,50.275
"5542","SEAFOOD",2017-01-10,37.925
"5543","SEAFOOD",2016-01-07,78.717
"5544","SEAFOOD",2016-07-27,24.325
"5545","SEAFOOD",2016-09-13,67.532
"5546","SEAFOOD",2016-06-18,22.078
"5547","SEAFOOD",2017-05-23,5.424
"5548","SEAFOOD",2015-10-13,15.483
"5549","SEAFOOD",2016-10-19,7.8
"5550","SEAFOOD",2016-10-07,47.307
"5551","SEAFOOD",2017-01-12,50.286
"5552","SEAFOOD",2017-05-16,14.505
"5553","SEAFOOD",2017-03-30,137.92801
"5554","SEAFOOD",2016-10-26,8
"5555","SEAFOOD",2017-01-17,68.146
"5556","SEAFOOD",2016-11-05,28
"5557","SEAFOOD",2016-09-10,58.907
"5558","SEAFOOD",2015-12-07,6.804
"5559","SEAFOOD",2017-01-03,39.352
"5560","SEAFOOD",2017-03-22,27.415
"5561","SEAFOOD",2016-08-17,29.636
"5562","SEAFOOD",2015-11-14,93.83
"5563","SEAFOOD",2016-11-06,55.501
"5564","SEAFOOD",2016-03-22,71.336
"5565","SEAFOOD",2015-12-25,37.736
"5566","SEAFOOD",2016-11-07,6.472
"5567","SEAFOOD",2015-10-10,16.966
"5568","SEAFOOD",2015-09-20,76.642
"5569","SEAFOOD",2015-10-05,16.112999
"5570","SEAFOOD",2016-06-18,4
"5571","SEAFOOD",2017-05-24,36.045
"5572","SEAFOOD",2016-10-13,1
"5573","SEAFOOD",2016-05-23,36.211
"5574","SEAFOOD",2015-11-28,38.694
"5575","SEAFOOD",2017-06-26,14.118
"5576","SEAFOOD",2017-07-08,64.928
"5577","SEAFOOD",2017-02-11,61.399
"5578","SEAFOOD",2017-02-20,5.664
"5579","SEAFOOD",2015-10-12,30.635
"5580","SEAFOOD",2016-04-20,26.028
"5581","SEAFOOD",2017-04-12,106.666
"5582","SEAFOOD",2015-12-13,27.077
"5583","SEAFOOD",2016-07-30,47.773
"5584","SEAFOOD",2016-08-18,35.416
"5585","SEAFOOD",2016-07-15,48.177002
"5586","SEAFOOD",2016-12-25,12
"5587","SEAFOOD",2016-04-15,76.601
"5588","SEAFOOD",2016-10-02,59.655
"5589","SEAFOOD",2017-05-31,0
"5590","SEAFOOD",2016-10-27,14.544001
"5591","SEAFOOD",2017-03-26,51.276
"5592","SEAFOOD",2017-07-25,22.753
"5593","SEAFOOD",2016-09-27,26.902
"5594","SEAFOOD",2017-04-04,34.736
"5595","SEAFOOD",2017-05-25,53.94
"5596","SEAFOOD",2016-03-25,7.545
"5597","SEAFOOD",2016-12-13,2
"5598","SEAFOOD",2016-03-02,7.273
"5599","SEAFOOD",2017-07-12,61.136
"5600","SEAFOOD",2017-05-03,46.642998
"5601","SEAFOOD",2016-05-01,66.586
"5602","SEAFOOD",2017-06-22,133.483
"5603","SEAFOOD",2016-12-21,42.305
"5604","SEAFOOD",2017-04-09,27.141
"5605","SEAFOOD",2016-06-01,24.797
"5606","SEAFOOD",2015-10-25,57.786
"5607","SEAFOOD",2016-05-25,34.636
"5608","SEAFOOD",2016-10-22,44.785
"5609","SEAFOOD",2016-05-02,82.333
"5610","SEAFOOD",2016-05-24,17.08
"5611","SEAFOOD",2015-09-24,3
"5612","SEAFOOD",2017-05-30,78.87
"5613","SEAFOOD",2017-05-18,8.654
"5614","SEAFOOD",2017-07-26,57.596
"5615","SEAFOOD",2017-01-24,61.843002
"5616","SEAFOOD",2015-10-24,49.134
"5617","SEAFOOD",2015-10-25,102.96
"5618","SEAFOOD",2016-10-23,44.607998
"5619","SEAFOOD",2017-01-14,139.856
"5620","SEAFOOD",2017-07-30,103.956
"5621","SEAFOOD",2017-02-25,10.172
"5622","SEAFOOD",2016-09-06,54.803
"5623","SEAFOOD",2016-07-03,41.356
"5624","SEAFOOD",2017-01-07,78.111
"5625","SEAFOOD",2016-05-24,21.131
"5626","SEAFOOD",2017-06-04,27.948
"5627","SEAFOOD",2016-08-16,61.079
"5628","SEAFOOD",2016-08-16,37.04
"5629","SEAFOOD",2017-03-18,160.157
"5630","SEAFOOD",2015-11-16,87.708
"5631","SEAFOOD",2016-05-27,107.499
"5632","SEAFOOD",2016-01-14,36.941
"5633","SEAFOOD",2015-10-17,3
"5634","SEAFOOD",2015-11-19,54.595
"5635","SEAFOOD",2016-12-19,2
"5636","SEAFOOD",2017-01-27,42.352
"5637","SEAFOOD",2016-01-06,35.352
"5638","SEAFOOD",2016-02-10,60.714
"5639","SEAFOOD",2015-11-10,38.533
"5640","SEAFOOD",2015-12-10,6.067
"5641","SEAFOOD",2017-02-26,9.657
"5642","SEAFOOD",2017-08-09,7.0959997
"5643","SEAFOOD",2016-04-25,23.904
"5644","SEAFOOD",2016-11-06,22.703
"5645","SEAFOOD",2016-01-11,49.902
"5646","SEAFOOD",2017-03-04,14.918
"5647","SEAFOOD",2015-11-24,36.683
"5648","SEAFOOD",2016-05-29,12.347
"5649","SEAFOOD",2015-10-06,41.065998
"5650","SEAFOOD",2016-02-10,27.831001
"5651","SEAFOOD",2017-04-28,9.318
"5652","SEAFOOD",2016-08-04,65.666
"5653","SEAFOOD",2015-12-18,42.113
"5654","SEAFOOD",2015-10-08,13.866
"5655","SEAFOOD",2017-02-16,58.478
"5656","SEAFOOD",2016-07-30,3
"5657","SEAFOOD",2016-05-12,36.409
"5658","SEAFOOD",2016-11-07,74.782
"5659","SEAFOOD",2016-04-21,24.686
"5660","SEAFOOD",2016-04-17,62.906
"5661","SEAFOOD",2016-10-17,41.468002
"5662","SEAFOOD",2017-02-15,28.597
"5663","SEAFOOD",2015-11-13,35.211998
"5664","SEAFOOD",2016-06-16,71.512
"5665","SEAFOOD",2016-01-10,13.315001
"5666","SEAFOOD",2016-07-23,82.316
"5667","SEAFOOD",2016-09-28,26.331
"5668","SEAFOOD",2016-10-04,59.754
"5669","SEAFOOD",2016-09-11,23.762
"5670","SEAFOOD",2017-07-04,8
"5671","SEAFOOD",2016-09-27,28.314
"5672","SEAFOOD",2016-04-03,15.625
"5673","SEAFOOD",2017-01-17,26.945
"5674","SEAFOOD",2016-05-08,95.809006
"5675","SEAFOOD",2017-05-29,23.872
"5676","SEAFOOD",2016-11-28,47.288
"5677","SEAFOOD",2016-06-23,8
"5678","SEAFOOD",2016-01-23,131.442
"5679","SEAFOOD",2015-09-19,81.315
"5680","SEAFOOD",2016-06-10,30.646
"5681","SEAFOOD",2017-03-20,27.486
"5682","SEAFOOD",2015-11-19,44.249
"5683","SEAFOOD",2016-07-28,28.289
"5684","SEAFOOD",2016-09-13,39.22
"5685","SEAFOOD",2017-02-15,35.97
"5686","SEAFOOD",2017-03-27,15
"5687","SEAFOOD",2016-02-24,8.382
"5688","SEAFOOD",2016-02-17,43.126
"5689","SEAFOOD",2016-02-08,58.637
"5690","SEAFOOD",2015-12-28,21.204
"5691","SEAFOOD",2016-10-06,66.591
"5692","SEAFOOD",2016-01-16,61.438
"5693","SEAFOOD",2017-05-27,54.458
"5694","SEAFOOD",2017-04-24,2
"5695","SEAFOOD",2017-03-28,34.204
"5696","SEAFOOD",2016-05-10,26.396
"5697","SEAFOOD",2017-01-04,46.819
"5698","SEAFOOD",2017-02-11,10.844
"5699","SEAFOOD",2016-01-21,52.248
"5700","SEAFOOD",2017-08-13,17
"5701","SEAFOOD",2017-01-18,37.141
"5702","SEAFOOD",2017-07-05,41.208
"5703","SEAFOOD",2017-02-07,22.871
"5704","SEAFOOD",2017-07-20,0
"5705","SEAFOOD",2016-01-01,16.202
"5706","SEAFOOD",2017-06-09,38.935
"5707","SEAFOOD",2017-07-04,11.461
"5708","SEAFOOD",2015-10-22,86.106
"5709","SEAFOOD",2015-11-04,17.572
"5710","SEAFOOD",2016-09-26,36.964
"5711","SEAFOOD",2015-09-29,19.692
"5712","SEAFOOD",2016-01-10,35.413
"5713","SEAFOOD",2016-01-07,11.964
"5714","SEAFOOD",2016-07-03,30.768
"5715","SEAFOOD",2015-11-15,31.58
"5716","SEAFOOD",2017-07-16,67.078
"5717","SEAFOOD",2015-09-29,72.528
"5718","SEAFOOD",2017-03-19,4
"5719","SEAFOOD",2016-06-17,4
"5720","SEAFOOD",2017-01-12,61.553
"5721","SEAFOOD",2015-09-27,13.181
"5722","SEAFOOD",2016-03-08,8.262
"5723","SEAFOOD",2017-07-08,16.617
"5724","SEAFOOD",2016-01-19,35.838
"5725","SEAFOOD",2016-06-22,27.785
"5726","SEAFOOD",2015-11-06,65.318
"5727","SEAFOOD",2016-11-29,24.933
"5728","SEAFOOD",2015-09-30,3
"5729","SEAFOOD",2016-02-27,64.207
"5730","SEAFOOD",2016-06-30,79.15
"5731","SEAFOOD",2015-10-19,35.885002
"5732","SEAFOOD",2016-08-18,38.247
"5733","SEAFOOD",2016-09-07,58.531002
"5734","SEAFOOD",2015-12-10,61.155
"5735","SEAFOOD",2017-03-03,24
"5736","SEAFOOD",2017-07-20,9.54
"5737","SEAFOOD",2017-05-13,14.614
"5738","SEAFOOD",2017-06-09,4.386
"5739","SEAFOOD",2016-03-30,21.383
"5740","SEAFOOD",2016-03-19,5
"5741","SEAFOOD",2016-05-25,15.88
"5742","SEAFOOD",2017-06-21,1
"5743","SEAFOOD",2016-01-14,103.466
"5744","SEAFOOD",2017-02-02,17
"5745","SEAFOOD",2016-08-05,28.324999
"5746","SEAFOOD",2016-05-14,67.884
"5747","SEAFOOD",2016-07-03,34.992
"5748","SEAFOOD",2016-02-26,34.781
"5749","SEAFOOD",2017-04-05,55.662003
"5750","SEAFOOD",2017-04-10,16
"5751","SEAFOOD",2016-06-13,24.333
"5752","SEAFOOD",2016-03-25,26.159
"5753","SEAFOOD",2016-06-27,33.278
"5754","SEAFOOD",2015-12-05,58.467
"5755","SEAFOOD",2017-02-21,0
"5756","SEAFOOD",2016-04-07,3
"5757","SEAFOOD",2016-09-13,2
"5758","SEAFOOD",2016-06-08,34.575
"5759","SEAFOOD",2017-03-20,0
"5760","SEAFOOD",2016-12-01,39.702
"5761","SEAFOOD",2016-09-22,11
"5762","SEAFOOD",2017-06-10,113.837
"5763","SEAFOOD",2016-04-07,40.028
"5764","SEAFOOD",2016-11-12,67.185
"5765","SEAFOOD",2016-08-29,45.971
"5766","SEAFOOD",2017-04-15,1
"5767","SEAFOOD",2015-10-17,68.358
"5768","SEAFOOD",2017-06-29,76.872
"5769","SEAFOOD",2017-01-18,74.783
"5770","SEAFOOD",2017-07-25,0
"5771","SEAFOOD",2016-12-03,39
"5772","SEAFOOD",2016-03-09,0
"5773","SEAFOOD",2015-12-21,83.043
"5774","SEAFOOD",2016-08-11,10.257
"5775","SEAFOOD",2016-11-24,41.28
"5776","SEAFOOD",2016-11-27,83.027
"5777","SEAFOOD",2016-09-29,4
"5778","SEAFOOD",2016-04-21,56.683
"5779","SEAFOOD",2016-06-26,42.006
"5780","SEAFOOD",2016-08-14,51.817
"5781","SEAFOOD",2016-02-04,88.602005
"5782","SEAFOOD",2015-12-06,32.32
"5783","SEAFOOD",2015-10-30,73.21
"5784","SEAFOOD",2017-04-02,22.888
"5785","SEAFOOD",2016-01-07,9
"5786","SEAFOOD",2016-02-19,49.478
"5787","SEAFOOD",2017-04-22,59.155
"5788","SEAFOOD",2017-06-04,29.616
"5789","SEAFOOD",2017-04-27,30.441
"5790","SEAFOOD",2017-08-05,25.008999
"5791","SEAFOOD",2016-10-23,26.431
"5792","SEAFOOD",2016-07-20,22.576
"5793","SEAFOOD",2016-10-14,116.719
"5794","SEAFOOD",2017-05-08,80.543
"5795","SEAFOOD",2017-02-24,10
"5796","SEAFOOD",2016-08-13,38.336
"5797","SEAFOOD",2016-12-26,10
"5798","SEAFOOD",2016-06-11,49.925
"5799","SEAFOOD",2016-11-20,57.7
"5800","SEAFOOD",2017-05-14,37.686
"5801","SEAFOOD",2017-03-22,30.486
"5802","SEAFOOD",2017-04-29,59.138
"5803","SEAFOOD",2015-11-03,29.960001
"5804","SEAFOOD",2017-02-03,38.364
"5805","SEAFOOD",2017-07-15,41.076
"5806","SEAFOOD",2017-02-26,20.24
"5807","SEAFOOD",2015-11-10,29.917
"5808","SEAFOOD",2017-04-29,32.382
"5809","SEAFOOD",2016-05-19,38.564
"5810","SEAFOOD",2016-11-04,20.616
"5811","SEAFOOD",2017-01-20,39.34
"5812","SEAFOOD",2016-04-24,4.643
"5813","SEAFOOD",2016-10-11,27.501
"5814","SEAFOOD",2016-01-07,10.044
"5815","SEAFOOD",2016-04-11,32.661
"5816","SEAFOOD",2017-04-08,53.125
"5817","SEAFOOD",2016-03-04,40.796
"5818","SEAFOOD",2016-01-18,2
"5819","SEAFOOD",2017-06-01,0
"5820","SEAFOOD",2016-06-02,6
"5821","SEAFOOD",2017-04-25,32.012
"5822","SEAFOOD",2016-08-20,118.265
"5823","SEAFOOD",2016-02-16,38.805
"5824","SEAFOOD",2017-07-17,23.29
"5825","SEAFOOD",2016-10-14,42.744
"5826","SEAFOOD",2016-12-15,10
"5827","SEAFOOD",2017-05-19,16.249
"5828","SEAFOOD",2016-01-02,71.384
"5829","SEAFOOD",2017-07-17,29.153
"5830","SEAFOOD",2017-02-23,67.566
"5831","SEAFOOD",2016-10-02,38.517
"5832","SEAFOOD",2016-03-03,43.394
"5833","SEAFOOD",2017-02-10,33
"5834","SEAFOOD",2017-04-08,8.04
"5835","SEAFOOD",2017-07-20,17.484
"5836","SEAFOOD",2016-12-16,6.6540003
"5837","SEAFOOD",2016-09-09,27.398
"5838","SEAFOOD",2016-08-25,27.993
"5839","SEAFOOD",2016-11-22,3
"5840","SEAFOOD",2017-01-19,119.127
"5841","SEAFOOD",2016-07-26,56.114
"5842","SEAFOOD",2016-05-11,67.645
"5843","SEAFOOD",2017-05-30,48.443
"5844","SEAFOOD",2016-03-08,94.353
"5845","SEAFOOD",2017-01-09,44.457
"5846","SEAFOOD",2015-10-10,150.729
"5847","SEAFOOD",2016-09-14,2
"5848","SEAFOOD",2016-12-27,35.838
"5849","SEAFOOD",2017-05-22,1
"5850","SEAFOOD",2016-04-04,64.908
"5851","SEAFOOD",2016-05-03,105.207
"5852","SEAFOOD",2016-06-03,142.09
"5853","SEAFOOD",2016-02-12,37.193
"5854","SEAFOOD",2017-01-12,41.63
"5855","SEAFOOD",2015-10-20,4
"5856","SEAFOOD",2016-07-24,11.554
"5857","SEAFOOD",2017-08-12,58.47
"5858","SEAFOOD",2016-09-11,50.748
"5859","SEAFOOD",2016-04-03,9
"5860","SEAFOOD",2015-10-03,78.949
"5861","SEAFOOD",2016-06-23,52.047
"5862","SEAFOOD",2015-09-29,111.862
"5863","SEAFOOD",2016-01-20,6.864
"5864","SEAFOOD",2016-09-15,54.523
"5865","SEAFOOD",2016-06-19,111.452995
"5866","SEAFOOD",2016-04-22,49.183
"5867","SEAFOOD",2017-05-04,7.312
"5868","SEAFOOD",2017-01-19,33.964
"5869","SEAFOOD",2016-01-16,48.447
"5870","SEAFOOD",2016-05-09,84.311005
"5871","SEAFOOD",2015-12-16,18.037
"5872","SEAFOOD",2017-02-05,48.817
"5873","SEAFOOD",2017-04-27,55.723
"5874","SEAFOOD",2016-12-27,7
"5875","SEAFOOD",2017-04-08,35.206
"5876","SEAFOOD",2017-02-09,48.428
"5877","SEAFOOD",2016-06-29,17.663
"5878","SEAFOOD",2015-12-21,50.304
"5879","SEAFOOD",2016-12-13,39.274
"5880","SEAFOOD",2016-05-15,64.489
"5881","SEAFOOD",2016-06-17,54.786
"5882","SEAFOOD",2016-03-29,4
"5883","SEAFOOD",2015-10-12,13.076
"5884","SEAFOOD",2016-03-06,69.28
"5885","SEAFOOD",2016-11-06,24.013
"5886","SEAFOOD",2017-05-31,42.468002
"5887","SEAFOOD",2016-02-28,21.765999
"5888","SEAFOOD",2017-04-13,20.706
"5889","SEAFOOD",2015-11-13,52.835
"5890","SEAFOOD",2017-03-08,34.436
"5891","SEAFOOD",2017-06-14,8.112
"5892","SEAFOOD",2017-07-28,31.011
"5893","SEAFOOD",2016-08-22,2
"5894","SEAFOOD",2016-10-30,7
"5895","SEAFOOD",2015-09-19,174.23401
"5896","SEAFOOD",2015-10-02,44.397
"5897","SEAFOOD",2016-02-17,23.812
"5898","SEAFOOD",2017-05-25,20.466
"5899","SEAFOOD",2017-01-01,26.626
"5900","SEAFOOD",2015-11-04,3
"5901","SEAFOOD",2015-11-16,39.864
"5902","SEAFOOD",2017-02-23,18.253
"5903","SEAFOOD",2016-03-04,34.081
"5904","SEAFOOD",2016-10-18,30.265
"5905","SEAFOOD",2016-06-08,3
"5906","SEAFOOD",2016-07-22,38.202
"5907","SEAFOOD",2016-01-20,16.897
"5908","SEAFOOD",2016-08-05,10.451
"5909","SEAFOOD",2016-05-30,31.139
"5910","SEAFOOD",2017-06-07,13.77
"5911","SEAFOOD",2016-10-05,12
"5912","SEAFOOD",2016-05-21,2
"5913","SEAFOOD",2016-10-01,52
"5914","SEAFOOD",2016-10-16,5.69
"5915","SEAFOOD",2016-05-25,2
"5916","SEAFOOD",2016-08-15,75.423996
"5917","SEAFOOD",2017-03-13,8
"5918","SEAFOOD",2016-01-03,36.773
"5919","SEAFOOD",2017-04-15,33.313
"5920","SEAFOOD",2017-02-04,51.371002
"5921","SEAFOOD",2016-12-29,89.961
"5922","SEAFOOD",2017-03-26,38.139
"5923","SEAFOOD",2017-06-25,22.557
"5924","SEAFOOD",2015-09-22,32.639
"5925","SEAFOOD",2015-10-21,21.712
"5926","SEAFOOD",2015-12-12,10.746
"5927","SEAFOOD",2016-06-24,10.5060005
"5928","SEAFOOD",2016-08-02,52.238
"5929","SEAFOOD",2017-06-20,37.736
"5930","SEAFOOD",2015-11-12,105.754
"5931","SEAFOOD",2016-04-09,75.829
"5932","SEAFOOD",2017-08-11,16.859001
"5933","SEAFOOD",2016-07-27,30.962
"5934","SEAFOOD",2017-02-24,33.493
"5935","SEAFOOD",2015-12-26,37.432
"5936","SEAFOOD",2017-06-08,27.516
"5937","SEAFOOD",2016-10-19,2
"5938","SEAFOOD",2017-08-12,35.258
"5939","SEAFOOD",2016-06-26,59.464
"5940","SEAFOOD",2017-04-07,1
"5941","SEAFOOD",2016-04-14,74.449
"5942","SEAFOOD",2016-07-05,57.5
"5943","SEAFOOD",2016-10-31,0
"5944","SEAFOOD",2017-05-14,0
"5945","SEAFOOD",2016-01-10,0
"5946","SEAFOOD",2017-05-31,31.592001
"5947","SEAFOOD",2017-03-26,46.292
"5948","SEAFOOD",2016-05-13,37.521
"5949","SEAFOOD",2016-05-10,7.952
"5950","SEAFOOD",2017-01-18,24.641
"5951","SEAFOOD",2015-11-25,29.855
"5952","SEAFOOD",2017-01-10,92.598
"5953","SEAFOOD",2016-02-13,14.493
"5954","SEAFOOD",2017-04-16,26.536
"5955","SEAFOOD",2016-02-23,15.62
"5956","SEAFOOD",2017-07-24,38.5
"5957","SEAFOOD",2016-06-11,9
"5958","SEAFOOD",2016-08-28,41.384
"5959","SEAFOOD",2016-05-25,26.212
"5960","SEAFOOD",2016-03-18,3
"5961","SEAFOOD",2016-09-20,51.251
"5962","SEAFOOD",2016-02-08,37.192
"5963","SEAFOOD",2017-06-10,25.683
"5964","SEAFOOD",2016-05-21,16.172
"5965","SEAFOOD",2017-02-01,40.556
"5966","SEAFOOD",2015-12-11,70.8
"5967","SEAFOOD",2016-12-19,95.957
"5968","SEAFOOD",2015-12-01,51.302002
"5969","SEAFOOD",2016-03-18,58.68
"5970","SEAFOOD",2017-02-20,21.775
"5971","SEAFOOD",2016-12-10,46.296
"5972","SEAFOOD",2015-11-19,1
"5973","SEAFOOD",2016-07-09,65.891
"5974","SEAFOOD",2016-11-07,36.15
"5975","SEAFOOD",2017-07-27,11
"5976","SEAFOOD",2017-05-05,36.459
"5977","SEAFOOD",2017-01-05,64.099
"5978","SEAFOOD",2017-03-21,28.105999
"5979","SEAFOOD",2017-02-22,10
"5980","SEAFOOD",2017-07-04,38.668
"5981","SEAFOOD",2015-10-01,36.100998
"5982","SEAFOOD",2016-02-26,118.701004
"5983","SEAFOOD",2017-01-09,27.286
"5984","SEAFOOD",2016-11-23,30.72
"5985","SEAFOOD",2015-10-22,75.492004
"5986","SEAFOOD",2016-04-09,112.67
"5987","SEAFOOD",2017-01-24,36.65
"5988","SEAFOOD",2015-12-18,11.659
"5989","SEAFOOD",2016-03-13,28.986
"5990","SEAFOOD",2017-01-03,134.41
"5991","SEAFOOD",2016-08-09,15.521
"5992","SEAFOOD",2016-12-03,60.412
"5993","SEAFOOD",2017-01-09,8.175
"5994","SEAFOOD",2016-08-24,24.429
"5995","SEAFOOD",2016-06-05,45.275
"5996","SEAFOOD",2016-04-03,38.363
"5997","SEAFOOD",2017-07-10,32.624
"5998","SEAFOOD",2016-06-19,34.61
"5999","SEAFOOD",2016-12-20,9
"6000","SEAFOOD",2016-03-10,17.274
"6001","SEAFOOD",2015-12-23,6.274
"6002","SEAFOOD",2017-03-02,1
"6003","SEAFOOD",2016-10-15,65.467
"6004","SEAFOOD",2016-08-14,26.544
"6005","SEAFOOD",2017-01-04,68.426
"6006","SEAFOOD",2016-02-29,25.403
"6007","SEAFOOD",2015-10-01,48.821
"6008","SEAFOOD",2015-11-24,2
"6009","SEAFOOD",2016-06-04,139.766
"6010","SEAFOOD",2016-01-30,4
"6011","SEAFOOD",2016-02-17,79.072
"6012","SEAFOOD",2017-02-10,51.406
"6013","SEAFOOD",2017-02-17,45.99
"6014","SEAFOOD",2016-06-25,119.077
"6015","SEAFOOD",2016-07-03,66.376
"6016","SEAFOOD",2016-06-02,59.879
"6017","SEAFOOD",2016-08-11,63.429
"6018","SEAFOOD",2016-04-23,14.151
"6019","SEAFOOD",2015-12-21,17.495
"6020","SEAFOOD",2016-07-10,22.469
"6021","SEAFOOD",2016-11-20,18.116001
"6022","SEAFOOD",2016-03-13,2
"6023","SEAFOOD",2015-12-09,20.73
"6024","SEAFOOD",2015-12-12,128.961
"6025","SEAFOOD",2016-09-06,25.685
"6026","SEAFOOD",2016-10-25,48.691
"6027","SEAFOOD",2015-10-09,41.125
"6028","SEAFOOD",2017-04-19,3
"6029","SEAFOOD",2015-11-04,17.541
"6030","SEAFOOD",2016-08-09,52.609
"6031","SEAFOOD",2016-02-15,85.175
"6032","SEAFOOD",2017-05-07,30.469
"6033","SEAFOOD",2016-02-22,45.079
"6034","SEAFOOD",2015-11-09,60.12
"6035","SEAFOOD",2016-02-17,1
"6036","SEAFOOD",2016-12-04,5
"6037","SEAFOOD",2016-10-09,16.542
"6038","SEAFOOD",2016-01-29,31.275
"6039","SEAFOOD",2017-01-26,53.748
"6040","SEAFOOD",2017-04-06,191.36
"6041","SEAFOOD",2016-06-20,64.932
"6042","SEAFOOD",2017-06-24,73.089
"6043","SEAFOOD",2017-06-18,36.296
"6044","SEAFOOD",2016-03-01,44.862
"6045","SEAFOOD",2017-07-14,42.43
"6046","SEAFOOD",2016-04-09,73.567
"6047","SEAFOOD",2017-01-22,19
"6048","SEAFOOD",2016-02-02,34.86
"6049","SEAFOOD",2016-02-13,143.186
"6050","SEAFOOD",2017-07-08,43.444
"6051","SEAFOOD",2015-11-20,57.18
"6052","SEAFOOD",2016-05-23,41.703
"6053","SEAFOOD",2015-11-09,36.414
"6054","SEAFOOD",2016-05-22,71.914
"6055","SEAFOOD",2017-07-14,14.98
"6056","SEAFOOD",2015-10-01,25.077
"6057","SEAFOOD",2016-12-25,82.443
"6058","SEAFOOD",2017-06-01,70.857
"6059","SEAFOOD",2016-04-07,132.945
"6060","SEAFOOD",2015-11-04,39.409
"6061","SEAFOOD",2016-12-18,19.802
"6062","SEAFOOD",2017-05-07,12.666
"6063","SEAFOOD",2015-11-05,31.015999
"6064","SEAFOOD",2017-05-27,114.028
"6065","SEAFOOD",2016-03-24,1
"6066","SEAFOOD",2015-12-14,39.051
"6067","SEAFOOD",2016-11-11,12.899
"6068","SEAFOOD",2016-09-22,0
"6069","SEAFOOD",2015-11-24,32.603
"6070","SEAFOOD",2016-12-11,9
"6071","SEAFOOD",2015-12-30,21.235
"6072","SEAFOOD",2016-06-02,17.834
"6073","SEAFOOD",2017-04-21,38.295998
"6074","SEAFOOD",2015-09-26,80.706
"6075","SEAFOOD",2017-08-12,0
"6076","SEAFOOD",2017-01-11,2
"6077","SEAFOOD",2016-06-25,11.757
"6078","SEAFOOD",2016-05-07,8.22
"6079","SEAFOOD",2017-04-05,28.129
"6080","SEAFOOD",2016-12-19,26.749
"6081","SEAFOOD",2017-05-15,33.223
"6082","SEAFOOD",2016-11-26,16.256
"6083","SEAFOOD",2017-05-30,27.977
"6084","SEAFOOD",2016-01-25,21.951
"6085","SEAFOOD",2017-01-20,18.346
"6086","SEAFOOD",2016-01-28,90.719
"6087","SEAFOOD",2015-10-13,63.204002
"6088","SEAFOOD",2017-07-20,49.278
"6089","SEAFOOD",2016-12-04,28.125
"6090","SEAFOOD",2015-11-13,156.8
"6091","SEAFOOD",2016-01-20,4
"6092","SEAFOOD",2017-04-10,85.016
"6093","SEAFOOD",2017-01-06,28.926
"6094","SEAFOOD",2017-04-02,35.438
"6095","SEAFOOD",2016-02-12,126.446
"6096","SEAFOOD",2016-12-22,29.283
"6097","SEAFOOD",2017-03-27,22.215
"6098","SEAFOOD",2017-02-26,71.923004
"6099","SEAFOOD",2016-06-19,4.2200003
"6100","SEAFOOD",2016-02-14,6
"6101","SEAFOOD",2017-08-11,35.03
"6102","SEAFOOD",2015-12-12,35.967
"6103","SEAFOOD",2015-10-15,53.572
"6104","SEAFOOD",2016-08-14,55.702
"6105","SEAFOOD",2016-05-01,34.111
"6106","SEAFOOD",2016-03-23,51.019
"6107","SEAFOOD",2016-07-23,36.776
"6108","SEAFOOD",2016-07-17,50.839
"6109","SEAFOOD",2015-11-25,5.671
"6110","SEAFOOD",2016-12-03,60.385
"6111","SEAFOOD",2017-05-29,0
"6112","SEAFOOD",2016-05-13,37.837
"6113","SEAFOOD",2017-03-16,1
"6114","SEAFOOD",2016-04-01,8
"6115","SEAFOOD",2016-04-19,12
"6116","SEAFOOD",2016-02-07,49.9
"6117","SEAFOOD",2016-11-17,46.132
"6118","SEAFOOD",2017-03-04,29.546
"6119","SEAFOOD",2017-06-08,68.21
"6120","SEAFOOD",2017-03-16,95.695
"6121","SEAFOOD",2016-11-09,70.548004
"6122","SEAFOOD",2017-03-19,30.924
"6123","SEAFOOD",2017-02-12,29.43
"6124","SEAFOOD",2016-02-27,72.786
"6125","SEAFOOD",2017-05-13,12.989
"6126","SEAFOOD",2016-07-21,19.24
"6127","SEAFOOD",2016-12-29,36.753
"6128","SEAFOOD",2016-05-06,93.511
"6129","SEAFOOD",2016-01-05,56.154
"6130","SEAFOOD",2015-10-25,42.353
"6131","SEAFOOD",2016-01-29,68.541
"6132","SEAFOOD",2016-11-03,57.382
"6133","SEAFOOD",2016-02-28,49.735
"6134","SEAFOOD",2017-02-02,80.888
"6135","SEAFOOD",2016-07-28,120.327
"6136","SEAFOOD",2017-05-20,42.655
"6137","SEAFOOD",2017-07-24,17.378
"6138","SEAFOOD",2016-10-21,39.772
"6139","SEAFOOD",2016-05-19,2
"6140","SEAFOOD",2016-05-20,71.707
"6141","SEAFOOD",2016-02-02,10.064
"6142","SEAFOOD",2016-06-20,35.926
"6143","SEAFOOD",2016-09-30,85.697
"6144","SEAFOOD",2017-05-04,36.831
"6145","SEAFOOD",2015-11-19,36.486
"6146","SEAFOOD",2017-05-10,12.847
"6147","SEAFOOD",2016-02-26,17.699
"6148","SEAFOOD",2016-01-18,5.043
"6149","SEAFOOD",2017-02-11,63.797
"6150","SEAFOOD",2016-07-13,33.449
"6151","SEAFOOD",2016-04-11,15.587
"6152","SEAFOOD",2015-10-31,12.5
"6153","SEAFOOD",2016-05-20,66.68
"6154","SEAFOOD",2017-05-22,66.153
"6155","SEAFOOD",2016-10-04,43.739
"6156","SEAFOOD",2016-04-10,40.673
"6157","SEAFOOD",2017-05-12,33.87
"6158","SEAFOOD",2015-11-12,33.134
"6159","SEAFOOD",2016-05-03,3
"6160","SEAFOOD",2016-09-09,59.746002
"6161","SEAFOOD",2017-05-13,13.671
"6162","SEAFOOD",2017-05-01,40.838
"6163","SEAFOOD",2016-08-28,36.803
"6164","SEAFOOD",2017-02-10,35.597
"6165","SEAFOOD",2016-02-26,46.971
"6166","SEAFOOD",2016-02-27,17.713001
"6167","SEAFOOD",2016-02-29,5
"6168","SEAFOOD",2016-04-04,29.991001
"6169","SEAFOOD",2016-03-05,20.753
"6170","SEAFOOD",2017-06-27,2
"6171","SEAFOOD",2017-06-06,40.072
"6172","SEAFOOD",2017-04-03,15
"6173","SEAFOOD",2016-05-22,24.195
"6174","SEAFOOD",2017-04-16,41.387
"6175","SEAFOOD",2015-12-26,14.046
"6176","SEAFOOD",2016-09-15,13.535
"6177","SEAFOOD",2016-08-06,37.562
"6178","SEAFOOD",2016-12-03,59.269
"6179","SEAFOOD",2015-12-23,11.38
"6180","SEAFOOD",2017-04-10,16.49
"6181","SEAFOOD",2016-10-25,4
"6182","SEAFOOD",2017-06-13,5.9890003
"6183","SEAFOOD",2015-12-01,40.82
"6184","SEAFOOD",2015-11-12,46.109
"6185","SEAFOOD",2016-09-14,22.254
"6186","SEAFOOD",2016-11-21,4.192
"6187","SEAFOOD",2017-05-24,16.002
"6188","SEAFOOD",2016-01-15,36.91
"6189","SEAFOOD",2015-12-19,44.134
"6190","SEAFOOD",2016-08-09,56.163998
"6191","SEAFOOD",2016-08-08,29.586
"6192","SEAFOOD",2016-09-21,14
"6193","SEAFOOD",2017-07-10,31.657
"6194","SEAFOOD",2016-03-24,63.176
"6195","SEAFOOD",2016-05-16,66.786
"6196","SEAFOOD",2016-03-13,44.649
"6197","SEAFOOD",2016-02-25,29.351
"6198","SEAFOOD",2017-06-15,66.216
"6199","SEAFOOD",2016-10-16,28.974
"6200","SEAFOOD",2016-05-23,6
"6201","SEAFOOD",2017-05-17,25.462
"6202","SEAFOOD",2015-12-11,25.152
"6203","SEAFOOD",2016-01-03,77.876
"6204","SEAFOOD",2017-05-20,87.419
"6205","SEAFOOD",2017-07-18,5
"6206","SEAFOOD",2015-11-01,44.195
"6207","SEAFOOD",2015-12-27,22.908
"6208","SEAFOOD",2015-11-04,80.665
"6209","SEAFOOD",2016-06-10,64.298
"6210","SEAFOOD",2016-03-19,37.37
"6211","SEAFOOD",2017-06-18,15.182
"6212","SEAFOOD",2016-06-15,33.925
"6213","SEAFOOD",2017-05-24,31.996
"6214","SEAFOOD",2016-01-28,3
"6215","SEAFOOD",2017-05-10,35.929
"6216","SEAFOOD",2015-12-15,95.201004
"6217","SEAFOOD",2015-12-17,64.156
"6218","SEAFOOD",2016-05-29,92.751
"6219","SEAFOOD",2015-09-23,13.217999
"6220","SEAFOOD",2016-04-16,63.806
"6221","SEAFOOD",2017-01-21,108.348
"6222","SEAFOOD",2016-03-29,7.52
"6223","SEAFOOD",2017-07-31,39.959
"6224","SEAFOOD",2016-05-28,7.673
"6225","SEAFOOD",2017-07-09,83.493
"6226","SEAFOOD",2017-03-09,84.429
"6227","SEAFOOD",2016-09-19,35.004997
"6228","SEAFOOD",2015-09-18,39.566
"6229","SEAFOOD",2016-01-01,32.158
"6230","SEAFOOD",2017-08-08,30.630001
"6231","SEAFOOD",2016-07-06,39.799
"6232","SEAFOOD",2017-02-09,0
"6233","SEAFOOD",2016-04-05,11.38
"6234","SEAFOOD",2016-12-28,70.811
"6235","SEAFOOD",2016-03-01,37.581
"6236","SEAFOOD",2016-01-28,64.353
"6237","SEAFOOD",2016-06-22,9.298
"6238","SEAFOOD",2015-12-09,16.19
"6239","SEAFOOD",2015-12-18,3
"6240","SEAFOOD",2017-03-04,50.894
"6241","SEAFOOD",2015-10-18,32.379
"6242","SEAFOOD",2016-07-15,3
"6243","SEAFOOD",2015-12-02,48.307
"6244","SEAFOOD",2017-02-18,36.436
"6245","SEAFOOD",2017-04-06,85.444
"6246","SEAFOOD",2016-04-04,27.524
"6247","SEAFOOD",2017-07-07,106.162
"6248","SEAFOOD",2015-11-12,18.73
"6249","SEAFOOD",2016-11-03,71.345
"6250","SEAFOOD",2017-02-09,47.82
"6251","SEAFOOD",2017-07-02,17.335
"6252","SEAFOOD",2017-03-10,36.293
"6253","SEAFOOD",2016-11-18,4
"6254","SEAFOOD",2017-02-16,51.344
"6255","SEAFOOD",2015-10-14,27.960001
"6256","SEAFOOD",2016-06-05,29.696001
"6257","SEAFOOD",2015-10-16,9.129
"6258","SEAFOOD",2015-11-23,31.45
"6259","SEAFOOD",2015-11-16,46.967
"6260","SEAFOOD",2015-11-13,70.683
"6261","SEAFOOD",2017-07-05,20.674
"6262","SEAFOOD",2016-06-08,71.056
"6263","SEAFOOD",2016-04-23,6
"6264","SEAFOOD",2016-10-02,59
"6265","SEAFOOD",2016-06-18,35.074
"6266","SEAFOOD",2016-03-13,25.001999
"6267","SEAFOOD",2017-06-02,29.205
"6268","SEAFOOD",2016-01-05,16.531
"6269","SEAFOOD",2016-10-05,9.022
"6270","SEAFOOD",2016-10-17,92.276
"6271","SEAFOOD",2017-04-03,0
"6272","SEAFOOD",2016-11-19,10
"6273","SEAFOOD",2017-05-15,31.173
"6274","SEAFOOD",2016-01-22,60.726
"6275","SEAFOOD",2016-11-19,14.2
"6276","SEAFOOD",2017-07-12,7.831
"6277","SEAFOOD",2016-04-22,127.412
"6278","SEAFOOD",2016-11-13,34.411
"6279","SEAFOOD",2016-10-10,10.962
"6280","SEAFOOD",2016-02-11,35.289
"6281","SEAFOOD",2015-11-16,7.807
"6282","SEAFOOD",2016-11-22,34.71
"6283","SEAFOOD",2017-06-19,23.997
"6284","SEAFOOD",2016-01-06,16.109001
"6285","SEAFOOD",2017-08-11,7.32
"6286","SEAFOOD",2015-11-07,179.506
"6287","SEAFOOD",2016-05-03,76.267
"6288","SEAFOOD",2016-02-05,36.338
"6289","SEAFOOD",2017-06-08,0
"6290","SEAFOOD",2017-01-10,23.632
"6291","SEAFOOD",2016-05-03,28.161
"6292","SEAFOOD",2015-09-24,74.155
"6293","SEAFOOD",2016-01-12,91.115005
"6294","SEAFOOD",2017-05-25,11.618
"6295","SEAFOOD",2017-07-28,41.035
"6296","SEAFOOD",2015-11-30,37.705
"6297","SEAFOOD",2017-04-20,18.774
"6298","SEAFOOD",2016-12-18,36.26
"6299","SEAFOOD",2015-11-01,38.783
"6300","SEAFOOD",2016-09-18,52.196
"6301","SEAFOOD",2016-07-09,58.981
"6302","SEAFOOD",2016-01-08,10.242001
"6303","SEAFOOD",2016-06-03,65.86
"6304","SEAFOOD",2016-11-27,36.33
"6305","SEAFOOD",2017-02-15,33.353
"6306","SEAFOOD",2016-09-07,23.036999
"6307","SEAFOOD",2017-06-19,55.14
"6308","SEAFOOD",2016-12-01,79.173996
"6309","SEAFOOD",2017-01-21,31
"6310","SEAFOOD",2017-01-11,14
"6311","SEAFOOD",2017-05-12,10.302
"6312","SEAFOOD",2016-12-12,29.706
"6313","SEAFOOD",2017-06-07,38.053
"6314","SEAFOOD",2016-07-20,4
"6315","SEAFOOD",2017-04-13,39.567
"6316","SEAFOOD",2015-10-05,92.736
"6317","SEAFOOD",2016-08-17,44.232
"6318","SEAFOOD",2016-03-11,13.914
"6319","SEAFOOD",2017-05-13,37.372
"6320","SEAFOOD",2015-10-03,193.588
"6321","SEAFOOD",2015-12-26,33.422
"6322","SEAFOOD",2016-05-01,57.073
"6323","SEAFOOD",2016-02-19,78.984
"6324","SEAFOOD",2016-11-08,26.548
"6325","SEAFOOD",2016-07-28,23.09
"6326","SEAFOOD",2016-10-26,17.31
"6327","SEAFOOD",2016-04-05,47.85
"6328","SEAFOOD",2015-10-06,52.742
"6329","SEAFOOD",2016-05-03,15.353
"6330","SEAFOOD",2016-11-21,4
"6331","SEAFOOD",2017-05-25,20.683
"6332","SEAFOOD",2017-04-18,18.434
"6333","SEAFOOD",2017-06-05,20.85
"6334","SEAFOOD",2016-11-05,41.756
"6335","SEAFOOD",2015-11-29,27.413
"6336","SEAFOOD",2015-12-10,137.901
"6337","SEAFOOD",2015-09-22,35.776
"6338","SEAFOOD",2015-11-08,61.695
"6339","SEAFOOD",2015-11-25,24.94
"6340","SEAFOOD",2015-10-25,15.34
"6341","SEAFOOD",2017-01-25,9
"6342","SEAFOOD",2016-12-18,12
"6343","SEAFOOD",2016-05-30,19.4
"6344","SEAFOOD",2016-08-25,137.94
"6345","SEAFOOD",2017-03-01,50.139
"6346","SEAFOOD",2017-05-09,100.865
"6347","SEAFOOD",2017-06-27,30.295
"6348","SEAFOOD",2016-02-10,36.952
"6349","SEAFOOD",2017-08-04,80.632
"6350","SEAFOOD",2017-06-06,77.993
"6351","SEAFOOD",2016-02-20,22.681
"6352","SEAFOOD",2017-04-18,40.236
"6353","SEAFOOD",2017-08-08,17.602
"6354","SEAFOOD",2017-01-28,88.007
"6355","SEAFOOD",2015-12-06,34.212997
"6356","SEAFOOD",2016-03-04,140.368
"6357","SEAFOOD",2015-09-20,29.638
"6358","SEAFOOD",2016-09-28,31.875
"6359","SEAFOOD",2017-08-10,52.797
"6360","SEAFOOD",2017-08-06,9.011
"6361","SEAFOOD",2016-12-19,27.537
"6362","SEAFOOD",2017-02-16,2
"6363","SEAFOOD",2016-01-11,1
"6364","SEAFOOD",2015-09-22,50.258
"6365","SEAFOOD",2015-10-05,56.622
"6366","SEAFOOD",2016-10-28,13.218
"6367","SEAFOOD",2017-06-06,32.731
"6368","SEAFOOD",2016-07-11,45.083
"6369","SEAFOOD",2016-02-03,17.669
"6370","SEAFOOD",2017-02-13,22.903
"6371","SEAFOOD",2017-02-28,11.204
"6372","SEAFOOD",2016-10-17,17.214
"6373","SEAFOOD",2017-01-27,41.265
"6374","SEAFOOD",2015-10-26,8.622
"6375","SEAFOOD",2015-10-09,124.227
"6376","SEAFOOD",2016-03-05,53.064
"6377","SEAFOOD",2015-12-29,20.147
"6378","SEAFOOD",2016-02-03,22.997
"6379","SEAFOOD",2016-12-18,91.102
"6380","SEAFOOD",2016-02-21,7.566
"6381","SEAFOOD",2016-02-05,51.544
"6382","SEAFOOD",2017-04-28,41.797
"6383","SEAFOOD",2017-06-20,16.607
"6384","SEAFOOD",2016-08-05,37.197998
"6385","SEAFOOD",2016-01-29,10.592
"6386","SEAFOOD",2017-06-09,34.822
"6387","SEAFOOD",2017-07-17,35.201
"6388","SEAFOOD",2015-12-25,70.692
"6389","SEAFOOD",2017-08-14,20.37
"6390","SEAFOOD",2017-03-10,1
"6391","SEAFOOD",2016-03-19,64.11
"6392","SEAFOOD",2016-10-08,11.496
"6393","SEAFOOD",2016-08-06,68.837
"6394","SEAFOOD",2016-10-28,2
"6395","SEAFOOD",2016-05-18,62.71
"6396","SEAFOOD",2016-02-21,28.283
"6397","SEAFOOD",2015-10-11,23.709
"6398","SEAFOOD",2016-03-17,89.643
"6399","SEAFOOD",2017-06-30,47.688
"6400","SEAFOOD",2017-07-21,44.832
"6401","SEAFOOD",2016-02-24,34.016
"6402","SEAFOOD",2016-04-01,60.219
"6403","SEAFOOD",2017-05-02,43.438
"6404","SEAFOOD",2016-07-27,54.447
"6405","SEAFOOD",2016-07-01,10.04
"6406","SEAFOOD",2016-03-10,88.105
"6407","SEAFOOD",2017-02-11,68.831
"6408","SEAFOOD",2017-06-15,1
"6409","SEAFOOD",2016-03-12,27.549
"6410","SEAFOOD",2015-10-06,2
"6411","SEAFOOD",2015-09-27,23.197
"6412","SEAFOOD",2016-08-01,7.7200003
"6413","SEAFOOD",2016-07-31,52.635
"6414","SEAFOOD",2016-02-02,57.171
"6415","SEAFOOD",2015-10-03,53.875
"6416","SEAFOOD",2016-02-28,14.337
"6417","SEAFOOD",2015-10-25,23.594
"6418","SEAFOOD",2016-12-23,19.779
"6419","SEAFOOD",2017-05-13,71.813
"6420","SEAFOOD",2016-08-26,5
"6421","SEAFOOD",2016-04-03,24.696001
"6422","SEAFOOD",2016-04-28,5.642
"6423","SEAFOOD",2017-04-09,23.494
"6424","SEAFOOD",2016-06-13,26.024
"6425","SEAFOOD",2016-06-29,4
"6426","SEAFOOD",2016-07-02,4
"6427","SEAFOOD",2016-11-20,15.564
"6428","SEAFOOD",2017-01-24,0
"6429","SEAFOOD",2016-02-12,5
"6430","SEAFOOD",2016-11-01,47.342
"6431","SEAFOOD",2017-02-12,50.239
"6432","SEAFOOD",2016-01-06,81.963
"6433","SEAFOOD",2016-07-04,78.052
"6434","SEAFOOD",2015-09-25,134.99701
"6435","SEAFOOD",2015-11-23,10.204
"6436","SEAFOOD",2016-05-03,44.009003
"6437","SEAFOOD",2017-07-12,2
"6438","SEAFOOD",2017-05-31,82.247
"6439","SEAFOOD",2017-02-08,16.56
"6440","SEAFOOD",2017-05-08,23.912
"6441","SEAFOOD",2016-05-17,48.265
"6442","SEAFOOD",2016-07-30,68.761
"6443","SEAFOOD",2016-04-27,8.602
"6444","SEAFOOD",2016-06-16,12.925
"6445","SEAFOOD",2016-06-12,21.382
"6446","SEAFOOD",2016-06-30,78.995
"6447","SEAFOOD",2016-12-27,32.762
"6448","SEAFOOD",2015-10-15,38.336
"6449","SEAFOOD",2015-10-18,46.003
"6450","SEAFOOD",2017-04-19,19.732
"6451","SEAFOOD",2015-09-18,57.873
"6452","SEAFOOD",2015-10-12,30.372
"6453","SEAFOOD",2017-02-21,27.252
"6454","SEAFOOD",2016-06-27,36.112
"6455","SEAFOOD",2016-06-14,29.524
"6456","SEAFOOD",2017-04-01,1
"6457","SEAFOOD",2015-10-01,220.206
"6458","SEAFOOD",2015-11-01,10.1449995
"6459","SEAFOOD",2016-08-15,3
"6460","SEAFOOD",2016-05-10,5.308
"6461","SEAFOOD",2017-01-08,51.075
"6462","SEAFOOD",2015-12-29,15.831
"6463","SEAFOOD",2015-11-09,27.036
"6464","SEAFOOD",2016-06-09,32.106
"6465","SEAFOOD",2016-04-18,47.235
"6466","SEAFOOD",2016-09-18,10
"6467","SEAFOOD",2016-02-28,11.39
"6468","SEAFOOD",2016-10-24,55.271
"6469","SEAFOOD",2016-04-14,32.598
"6470","SEAFOOD",2016-08-27,39.559
"6471","SEAFOOD",2017-01-28,12.271
"6472","SEAFOOD",2016-08-02,34.179
"6473","SEAFOOD",2016-06-11,25.654
"6474","SEAFOOD",2016-02-11,86.451004
"6475","SEAFOOD",2016-08-31,46.485
"6476","SEAFOOD",2016-04-02,81.803
"6477","SEAFOOD",2017-03-24,58.13
"6478","SEAFOOD",2017-07-25,65.835
"6479","SEAFOOD",2017-07-01,52.338
"6480","SEAFOOD",2017-04-27,6
"6481","SEAFOOD",2016-04-08,55.029
"6482","SEAFOOD",2016-12-19,22.839
"6483","SEAFOOD",2016-07-13,30.338001
"6484","SEAFOOD",2017-05-27,55.103
"6485","SEAFOOD",2015-10-10,38.115
"6486","SEAFOOD",2017-08-01,17.417
"6487","SEAFOOD",2015-11-10,39.017998
"6488","SEAFOOD",2017-06-19,89.613
"6489","SEAFOOD",2016-10-10,44.275
"6490","SEAFOOD",2016-12-30,39.96
"6491","SEAFOOD",2015-11-15,22.096
"6492","SEAFOOD",2016-03-24,37.735
"6493","SEAFOOD",2016-04-12,11.517
"6494","SEAFOOD",2017-02-15,32.785
"6495","SEAFOOD",2016-02-11,114.43
"6496","SEAFOOD",2016-02-06,32.745
"6497","SEAFOOD",2016-11-19,37.824
"6498","SEAFOOD",2015-12-05,91.86
"6499","SEAFOOD",2016-10-11,98.635
"6500","SEAFOOD",2016-11-16,8.811
"6501","SEAFOOD",2017-04-20,123.255
"6502","SEAFOOD",2016-05-08,51.864
"6503","SEAFOOD",2016-08-11,18.828
"6504","SEAFOOD",2017-06-05,36.96
"6505","SEAFOOD",2016-05-29,22.568
"6506","SEAFOOD",2017-04-29,51.571
"6507","SEAFOOD",2017-07-23,1
"6508","SEAFOOD",2016-02-04,47.22
"6509","SEAFOOD",2016-06-05,29.619
"6510","SEAFOOD",2016-07-25,38.425
"6511","SEAFOOD",2015-10-30,58.406
"6512","SEAFOOD",2017-04-28,5
"6513","SEAFOOD",2015-09-25,63.795
"6514","SEAFOOD",2017-01-05,35.057
"6515","SEAFOOD",2016-09-06,17.676
"6516","SEAFOOD",2016-02-11,107.248
"6517","SEAFOOD",2016-11-01,122.696
"6518","SEAFOOD",2017-03-18,27.841
"6519","SEAFOOD",2017-07-01,22.722
"6520","SEAFOOD",2015-09-30,42.054
"6521","SEAFOOD",2017-03-28,34.074
"6522","SEAFOOD",2017-03-25,16.902
"6523","SEAFOOD",2016-05-17,0
"6524","SEAFOOD",2016-04-26,81.489
"6525","SEAFOOD",2016-05-01,5
"6526","SEAFOOD",2016-09-08,122.185
"6527","SEAFOOD",2015-12-20,58.349
"6528","SEAFOOD",2016-01-06,27.973999
"6529","SEAFOOD",2017-05-23,18.163
"6530","SEAFOOD",2017-04-27,43.402
"6531","SEAFOOD",2017-07-13,0
"6532","SEAFOOD",2016-08-23,49.757
"6533","SEAFOOD",2016-06-24,40.597
"6534","SEAFOOD",2016-10-31,50.256
"6535","SEAFOOD",2016-03-22,33.149002
"6536","SEAFOOD",2016-12-07,20.71
"6537","SEAFOOD",2017-06-10,0
"6538","SEAFOOD",2016-03-31,43.117
"6539","SEAFOOD",2016-09-16,62.406
"6540","SEAFOOD",2017-02-07,18
"6541","SEAFOOD",2016-09-21,69.065
"6542","SEAFOOD",2016-09-04,9.2560005
"6543","SEAFOOD",2017-02-05,41.553
"6544","SEAFOOD",2016-06-15,5.152
"6545","SEAFOOD",2015-11-29,108.385
"6546","SEAFOOD",2017-01-22,57.953003
"6547","SEAFOOD",2016-11-14,31.179
"6548","SEAFOOD",2017-07-07,14.6779995
"6549","SEAFOOD",2017-03-06,32.021
"6550","SEAFOOD",2017-07-14,28.202
"6551","SEAFOOD",2016-09-24,109.103
"6552","SEAFOOD",2016-09-15,169.267
"6553","SEAFOOD",2016-08-16,27.339
"6554","SEAFOOD",2017-01-29,3.546
"6555","SEAFOOD",2016-12-05,15.122
"6556","SEAFOOD",2017-05-10,15.292
"6557","SEAFOOD",2016-02-22,33.134
"6558","SEAFOOD",2017-07-27,30.89
"6559","SEAFOOD",2016-07-23,88.523
"6560","SEAFOOD",2016-10-07,46.487
"6561","SEAFOOD",2016-01-12,28.809
"6562","SEAFOOD",2016-10-03,10.512
"6563","SEAFOOD",2016-02-29,12.948999
"6564","SEAFOOD",2016-11-07,122.113
"6565","SEAFOOD",2016-08-08,26.029999
"6566","SEAFOOD",2016-07-29,50.181
"6567","SEAFOOD",2017-03-03,34.016
"6568","SEAFOOD",2016-01-26,3
"6569","SEAFOOD",2017-06-10,70.622
"6570","SEAFOOD",2016-12-01,45.715
"6571","SEAFOOD",2016-06-03,42.445
"6572","SEAFOOD",2017-05-28,25.18
"6573","SEAFOOD",2016-10-08,22.106
"6574","SEAFOOD",2016-11-26,4
"6575","SEAFOOD",2017-01-16,10
"6576","SEAFOOD",2016-11-24,0
"6577","SEAFOOD",2016-08-22,26.577
"6578","SEAFOOD",2016-03-11,51.075
"6579","SEAFOOD",2017-07-12,18.744
"6580","SEAFOOD",2016-09-15,36.411
"6581","SEAFOOD",2015-11-17,36.172
"6582","SEAFOOD",2016-08-26,40.91
"6583","SEAFOOD",2017-08-04,41.153
"6584","SEAFOOD",2016-03-08,47.277
"6585","SEAFOOD",2017-03-17,18
"6586","SEAFOOD",2016-10-27,73.099
"6587","SEAFOOD",2017-05-07,37.801
"6588","SEAFOOD",2016-01-31,13.816
"6589","SEAFOOD",2017-08-14,22.487
"6590","SEAFOOD",2016-02-05,93.988
"6591","SEAFOOD",2016-10-08,17
"6592","SEAFOOD",2017-05-06,100.343
"6593","SEAFOOD",2016-04-27,16.252
"6594","SEAFOOD",2017-07-11,41.420998
"6595","SEAFOOD",2016-06-22,22.139
"6596","SEAFOOD",2015-10-27,7.9379997
"6597","SEAFOOD",2016-12-04,71.411
"6598","SEAFOOD",2017-03-28,9
"6599","SEAFOOD",2016-04-07,24.232
"6600","SEAFOOD",2016-08-18,50.876
"6601","SEAFOOD",2016-11-12,17.185
"6602","SEAFOOD",2017-02-09,31.51
"6603","SEAFOOD",2016-02-29,43.248
"6604","SEAFOOD",2015-11-30,2
"6605","SEAFOOD",2017-02-28,80.329
"6606","SEAFOOD",2017-03-01,19.730999
"6607","SEAFOOD",2016-08-24,13.099
"6608","SEAFOOD",2016-10-21,31.258
"6609","SEAFOOD",2017-03-17,27.122
"6610","SEAFOOD",2016-10-10,25.885
"6611","SEAFOOD",2017-06-02,73.429
"6612","SEAFOOD",2017-02-02,13.632
"6613","SEAFOOD",2016-09-23,44.829
"6614","SEAFOOD",2016-11-02,38.755
"6615","SEAFOOD",2017-06-16,11.6380005
"6616","SEAFOOD",2015-12-03,0
"6617","SEAFOOD",2015-12-05,43.819
"6618","SEAFOOD",2017-04-07,37.756
"6619","SEAFOOD",2017-04-12,47.15
"6620","SEAFOOD",2016-06-14,38.364998
"6621","SEAFOOD",2016-09-28,67.522
"6622","SEAFOOD",2016-10-27,45.565998
"6623","SEAFOOD",2016-05-12,9.386
"6624","SEAFOOD",2017-04-20,57.911
"6625","SEAFOOD",2017-04-06,58.554
"6626","SEAFOOD",2017-05-10,20.465
"6627","SEAFOOD",2016-10-22,30
"6628","SEAFOOD",2016-07-22,36.472
"6629","SEAFOOD",2017-08-14,11
"6630","SEAFOOD",2016-12-19,24.948
"6631","SEAFOOD",2016-11-08,19.941
"6632","SEAFOOD",2016-09-08,82.853
"6633","SEAFOOD",2017-05-23,0
"6634","SEAFOOD",2016-06-30,23.817
"6635","SEAFOOD",2017-04-11,66.326004
"6636","SEAFOOD",2016-09-27,97.826004
"6637","SEAFOOD",2016-03-30,14.33
"6638","SEAFOOD",2015-09-21,16.225
"6639","SEAFOOD",2017-06-20,61.397
"6640","SEAFOOD",2017-06-09,24.939
"6641","SEAFOOD",2016-01-18,70.386
"6642","SEAFOOD",2017-07-07,39.75
"6643","SEAFOOD",2015-10-14,10
"6644","SEAFOOD",2016-02-08,41.204998
"6645","SEAFOOD",2016-12-07,88.572
"6646","SEAFOOD",2015-11-21,39.4
"6647","SEAFOOD",2016-10-12,2
"6648","SEAFOOD",2016-03-02,49.405
"6649","SEAFOOD",2017-04-17,27.258
"6650","SEAFOOD",2016-12-29,66.68
"6651","SEAFOOD",2016-06-28,24.492
"6652","SEAFOOD",2017-08-09,18.449
"6653","SEAFOOD",2016-08-14,62.386
"6654","SEAFOOD",2015-10-25,2
"6655","SEAFOOD",2015-10-24,2
"6656","SEAFOOD",2016-01-03,64.528
"6657","SEAFOOD",2017-03-19,50.36
"6658","SEAFOOD",2017-06-15,34.072
"6659","SEAFOOD",2015-09-20,31.34
"6660","SEAFOOD",2016-08-24,42.769
"6661","SEAFOOD",2017-02-02,86.64
"6662","SEAFOOD",2017-08-05,32.712
"6663","SEAFOOD",2016-07-13,25.141
"6664","SEAFOOD",2016-06-02,57.01
"6665","SEAFOOD",2017-03-01,32.612
"6666","SEAFOOD",2016-01-30,89.841
"6667","SEAFOOD",2016-04-14,3
"6668","SEAFOOD",2016-03-20,31.086
"6669","SEAFOOD",2016-11-27,52.541
"6670","SEAFOOD",2016-01-01,98.762
"6671","SEAFOOD",2016-10-30,7.606
"6672","SEAFOOD",2016-11-04,56.274
"6673","SEAFOOD",2016-11-04,79.479004
"6674","SEAFOOD",2016-01-22,5
"6675","SEAFOOD",2016-02-08,44.383
"6676","SEAFOOD",2017-08-09,14.35
"6677","SEAFOOD",2017-07-22,31.505001
"6678","SEAFOOD",2016-08-17,32.929
"6679","SEAFOOD",2016-07-18,3
"6680","SEAFOOD",2016-09-22,38.527
"6681","SEAFOOD",2017-04-23,8.734
"6682","SEAFOOD",2015-11-15,58.029
"6683","SEAFOOD",2017-05-07,39.569
"6684","SEAFOOD",2017-03-17,6
"6685","SEAFOOD",2016-05-20,33.435
"6686","SEAFOOD",2015-11-19,16.116001
"6687","SEAFOOD",2016-12-17,61.505
"6688","SEAFOOD",2016-07-05,17.939
"6689","SEAFOOD",2017-02-07,32.079998
"6690","SEAFOOD",2017-08-07,54.424
"6691","SEAFOOD",2016-03-27,21.886
"6692","SEAFOOD",2016-02-13,51.753
"6693","SEAFOOD",2016-11-10,57.104
"6694","SEAFOOD",2016-10-09,18
"6695","SEAFOOD",2016-08-07,51.36
"6696","SEAFOOD",2016-03-02,42.484
"6697","SEAFOOD",2016-05-24,46.822
"6698","SEAFOOD",2017-07-29,42.14
"6699","SEAFOOD",2015-12-17,3
"6700","SEAFOOD",2016-03-12,14.7439995
"6701","SEAFOOD",2015-11-26,84.159
"6702","SEAFOOD",2017-04-08,136.561
"6703","SEAFOOD",2016-11-04,37.864998
"6704","SEAFOOD",2016-04-16,83.452
"6705","SEAFOOD",2016-05-10,5
"6706","SEAFOOD",2017-04-02,0
"6707","SEAFOOD",2016-03-17,20.298
"6708","SEAFOOD",2017-06-15,51.13
"6709","SEAFOOD",2016-04-29,125.16
"6710","SEAFOOD",2015-12-09,60.318
"6711","SEAFOOD",2016-09-14,66.256996
"6712","SEAFOOD",2016-12-17,38.631
"6713","SEAFOOD",2017-05-01,46.546997
"6714","SEAFOOD",2017-06-25,86.654
"6715","SEAFOOD",2017-02-06,36.582
"6716","SEAFOOD",2017-02-09,16.422
"6717","SEAFOOD",2017-07-24,29.118
"6718","SEAFOOD",2016-10-25,25.758
"6719","SEAFOOD",2017-04-13,42.359
"6720","SEAFOOD",2015-09-17,78.974
"6721","SEAFOOD",2015-12-05,10.4279995
"6722","SEAFOOD",2016-03-06,31.755001
"6723","SEAFOOD",2016-05-25,39.193
"6724","SEAFOOD",2016-11-05,12.736
"6725","SEAFOOD",2016-11-15,67.439
"6726","SEAFOOD",2017-07-17,6
"6727","SEAFOOD",2017-08-13,26.744
"6728","SEAFOOD",2016-03-09,20.868
"6729","SEAFOOD",2016-01-09,30.299
"6730","SEAFOOD",2016-08-06,121.296
"6731","SEAFOOD",2016-04-18,30.298
"6732","SEAFOOD",2015-12-21,30.299
"6733","SEAFOOD",2015-12-11,25.369
"6734","SEAFOOD",2017-05-16,21.528
"6735","SEAFOOD",2017-02-21,44.969
"6736","SEAFOOD",2015-10-04,31.362
"6737","SEAFOOD",2015-11-14,36.121002
"6738","SEAFOOD",2017-04-14,21.505001
"6739","SEAFOOD",2016-12-30,30.727001
"6740","SEAFOOD",2016-02-02,107.886
"6741","SEAFOOD",2015-11-02,5
"6742","SEAFOOD",2016-06-07,42.477
"6743","SEAFOOD",2016-09-24,20.311
"6744","SEAFOOD",2016-12-21,78.313995
"6745","SEAFOOD",2015-12-06,38.88
"6746","SEAFOOD",2016-04-23,48.335
"6747","SEAFOOD",2017-03-15,28.035
"6748","SEAFOOD",2015-11-26,47.113
"6749","SEAFOOD",2016-03-29,9.172
"6750","SEAFOOD",2015-10-24,44.602
"6751","SEAFOOD",2016-05-12,55.757
"6752","SEAFOOD",2017-01-24,9.813
"6753","SEAFOOD",2016-03-22,107.1
"6754","SEAFOOD",2016-03-14,33.447
"6755","SEAFOOD",2017-07-07,23.495
"6756","SEAFOOD",2016-07-20,11.26
"6757","SEAFOOD",2016-08-29,42.012
"6758","SEAFOOD",2017-05-02,7.835
"6759","SEAFOOD",2015-11-27,2
"6760","SEAFOOD",2015-12-20,32.796
"6761","SEAFOOD",2016-03-16,45.998
"6762","SEAFOOD",2016-05-18,38.618
"6763","SEAFOOD",2016-04-14,90.025
"6764","SEAFOOD",2017-02-01,32.811
"6765","SEAFOOD",2016-03-22,17.71
"6766","SEAFOOD",2016-12-02,37.798
"6767","SEAFOOD",2016-07-12,49.735
"6768","SEAFOOD",2017-08-13,86.451996
"6769","SEAFOOD",2016-10-20,83.383
"6770","SEAFOOD",2017-06-27,36.663
"6771","SEAFOOD",2016-08-12,18.992
"6772","SEAFOOD",2016-10-25,51.178
"6773","SEAFOOD",2016-02-14,115.759
"6774","SEAFOOD",2016-07-20,19.313
"6775","SEAFOOD",2017-03-15,8
"6776","SEAFOOD",2016-07-16,64.755
"6777","SEAFOOD",2016-08-12,9
"6778","SEAFOOD",2016-02-06,36.747
"6779","SEAFOOD",2016-07-19,45.734
"6780","SEAFOOD",2016-04-27,45.097
"6781","SEAFOOD",2016-04-04,62.41
"6782","SEAFOOD",2017-01-18,17.722
"6783","SEAFOOD",2016-02-29,34.415
"6784","SEAFOOD",2017-05-15,32.438
"6785","SEAFOOD",2017-07-27,72.364
"6786","SEAFOOD",2017-01-30,104.46
"6787","SEAFOOD",2017-08-01,24.878
"6788","SEAFOOD",2016-07-26,6.6029997
"6789","SEAFOOD",2015-11-02,61.239
"6790","SEAFOOD",2016-08-03,29.146
"6791","SEAFOOD",2017-05-22,54.385
"6792","SEAFOOD",2016-01-03,7
"6793","SEAFOOD",2016-08-04,65.166
"6794","SEAFOOD",2016-07-14,67.164
"6795","SEAFOOD",2017-01-31,31.098999
"6796","SEAFOOD",2015-10-18,70.177
"6797","SEAFOOD",2016-05-26,26.248001
"6798","SEAFOOD",2016-07-14,40.172
"6799","SEAFOOD",2017-05-01,53.452
"6800","SEAFOOD",2017-06-11,26.621
"6801","SEAFOOD",2017-08-14,71.061
"6802","SEAFOOD",2017-06-05,18.29
"6803","SEAFOOD",2016-02-23,12.715
"6804","SEAFOOD",2016-07-05,72.766
"6805","SEAFOOD",2016-10-12,34.189
"6806","SEAFOOD",2016-12-11,46.457
"6807","SEAFOOD",2015-12-12,6
"6808","SEAFOOD",2016-09-16,35.378998
"6809","SEAFOOD",2016-03-31,1
"6810","SEAFOOD",2017-07-31,33.489998
"6811","SEAFOOD",2015-12-16,2
"6812","SEAFOOD",2017-07-12,19.547
"6813","SEAFOOD",2016-09-17,10.936
"6814","SEAFOOD",2015-10-29,27.02
"6815","SEAFOOD",2017-03-03,2
"6816","SEAFOOD",2015-11-03,38.346
"6817","SEAFOOD",2016-07-10,15.6779995
"6818","SEAFOOD",2016-02-25,46.758
"6819","SEAFOOD",2015-12-26,44.463
"6820","SEAFOOD",2016-11-21,10.14
"6821","SEAFOOD",2017-05-15,39.857002
"6822","SEAFOOD",2016-06-06,116.919
"6823","SEAFOOD",2017-06-01,38.833
"6824","SEAFOOD",2016-05-10,39.99
"6825","SEAFOOD",2016-06-26,13.855
"6826","SEAFOOD",2016-05-28,71.965
"6827","SEAFOOD",2016-07-29,28.36
"6828","SEAFOOD",2017-03-12,23.141
"6829","SEAFOOD",2016-01-29,58.262
"6830","SEAFOOD",2015-12-23,22.379
"6831","SEAFOOD",2016-01-04,65.751
"6832","SEAFOOD",2016-09-04,20.62
"6833","SEAFOOD",2017-06-15,66.053
"6834","SEAFOOD",2016-07-17,69.228
"6835","SEAFOOD",2017-03-07,39.008
"6836","SEAFOOD",2016-08-02,69.31
"6837","SEAFOOD",2016-08-06,13.913
"6838","SEAFOOD",2016-08-17,49.933
"6839","SEAFOOD",2016-01-28,140.605
"6840","SEAFOOD",2017-02-17,61.718002
"6841","SEAFOOD",2017-07-15,50.437
"6842","SEAFOOD",2016-11-11,125.877
"6843","SEAFOOD",2016-01-20,27.294
"6844","SEAFOOD",2017-02-23,40.722
"6845","SEAFOOD",2017-03-01,2
"6846","SEAFOOD",2016-03-08,71.4
"6847","SEAFOOD",2017-01-07,43.113
"6848","SEAFOOD",2017-04-23,30.861
"6849","SEAFOOD",2017-03-31,78.199
"6850","SEAFOOD",2017-03-01,83.33
"6851","SEAFOOD",2015-09-23,90.588
"6852","SEAFOOD",2016-11-16,38.9
"6853","SEAFOOD",2017-01-22,38.983997
"6854","SEAFOOD",2015-11-22,49.187
"6855","SEAFOOD",2015-10-21,20.545
"6856","SEAFOOD",2016-11-19,49.619
"6857","SEAFOOD",2016-08-20,67.514
"6858","SEAFOOD",2017-07-05,17.004
"6859","SEAFOOD",2016-05-29,27.937
"6860","SEAFOOD",2017-01-31,49.633
"6861","SEAFOOD",2017-01-29,48.509
"6862","SEAFOOD",2016-02-29,73.118004
"6863","SEAFOOD",2016-07-24,12.473
"6864","SEAFOOD",2015-11-22,12
"6865","SEAFOOD",2015-09-27,84.472
"6866","SEAFOOD",2016-08-13,12.21
"6867","SEAFOOD",2017-04-15,48.306
"6868","SEAFOOD",2017-06-05,28.609001
"6869","SEAFOOD",2015-10-31,38.681
"6870","SEAFOOD",2017-08-07,68.081
"6871","SEAFOOD",2016-10-31,9.882
"6872","SEAFOOD",2016-03-02,7.757
"6873","SEAFOOD",2016-01-01,23.455
"6874","SEAFOOD",2017-03-21,9.549
"6875","SEAFOOD",2016-09-22,63.492
"6876","SEAFOOD",2017-03-25,73.515
"6877","SEAFOOD",2017-03-14,49.065
"6878","SEAFOOD",2017-07-15,119.689
"6879","SEAFOOD",2017-08-13,34.644
"6880","SEAFOOD",2017-06-01,53.426
"6881","SEAFOOD",2016-06-20,26.716
"6882","SEAFOOD",2015-12-08,20.045
"6883","SEAFOOD",2017-01-01,135.384
"6884","SEAFOOD",2016-07-09,6
"6885","SEAFOOD",2015-09-22,6.402
"6886","SEAFOOD",2017-04-23,5
"6887","SEAFOOD",2016-06-04,12.854
"6888","SEAFOOD",2017-07-21,35.098
"6889","SEAFOOD",2016-02-27,11.346
"6890","SEAFOOD",2016-06-15,24.344
"6891","SEAFOOD",2016-08-20,47.751
"6892","SEAFOOD",2016-11-20,8
"6893","SEAFOOD",2017-03-19,27.206999
"6894","SEAFOOD",2017-04-24,45.251
"6895","SEAFOOD",2016-03-03,43.585
"6896","SEAFOOD",2017-01-05,12.07
"6897","SEAFOOD",2016-04-20,45.34
"6898","SEAFOOD",2015-11-27,33.989
"6899","SEAFOOD",2016-09-21,33.298
"6900","SEAFOOD",2016-03-21,14.903
"6901","SEAFOOD",2015-10-25,23.257
"6902","SEAFOOD",2016-09-13,6.447
"6903","SEAFOOD",2016-07-15,12.656
"6904","SEAFOOD",2017-01-28,0
"6905","SEAFOOD",2015-12-01,81.445
"6906","SEAFOOD",2017-03-12,37.575
"6907","SEAFOOD",2017-01-19,40.586998
"6908","SEAFOOD",2017-04-02,16
"6909","SEAFOOD",2017-04-09,19.921999
"6910","SEAFOOD",2017-05-15,12.068
"6911","SEAFOOD",2017-05-18,29.945
"6912","SEAFOOD",2017-07-27,31.619
"6913","SEAFOOD",2016-08-10,2
"6914","SEAFOOD",2016-08-26,18.789
"6915","SEAFOOD",2016-11-12,65.112
"6916","SEAFOOD",2016-01-04,4
"6917","SEAFOOD",2015-09-23,21.899
"6918","SEAFOOD",2017-02-07,7.127
"6919","SEAFOOD",2016-10-08,38.734
"6920","SEAFOOD",2017-04-03,34.373
"6921","SEAFOOD",2017-01-27,38.218998
"6922","SEAFOOD",2016-03-23,14.03
"6923","SEAFOOD",2015-11-27,26.575
"6924","SEAFOOD",2016-10-21,46.943
"6925","SEAFOOD",2016-01-31,35.908
"6926","SEAFOOD",2016-02-26,36.461
"6927","SEAFOOD",2016-11-23,11.974
"6928","SEAFOOD",2016-04-19,36.377
"6929","SEAFOOD",2015-12-22,13.46
"6930","SEAFOOD",2015-10-23,9.689
"6931","SEAFOOD",2017-02-28,34.858
"6932","SEAFOOD",2016-04-30,14.907
"6933","SEAFOOD",2016-08-10,59.921
"6934","SEAFOOD",2016-11-14,75.379
"6935","SEAFOOD",2017-04-01,20.606
"6936","SEAFOOD",2016-05-29,104.499
"6937","SEAFOOD",2017-05-03,36.435
"6938","SEAFOOD",2015-09-28,76.669
"6939","SEAFOOD",2015-12-11,19.431
"6940","SEAFOOD",2017-02-12,98.403
"6941","SEAFOOD",2016-08-31,42.78
"6942","SEAFOOD",2015-10-23,30.368
"6943","SEAFOOD",2017-04-18,24.936
"6944","SEAFOOD",2015-12-14,2
"6945","SEAFOOD",2016-12-23,8
"6946","SEAFOOD",2015-11-27,34.546
"6947","SEAFOOD",2015-11-12,1
"6948","SEAFOOD",2017-04-09,40.974
"6949","SEAFOOD",2016-03-21,45.44
"6950","SEAFOOD",2016-09-25,17.84
"6951","SEAFOOD",2017-05-12,40.389
"6952","SEAFOOD",2016-04-09,40.243
"6953","SEAFOOD",2016-06-23,78.062
"6954","SEAFOOD",2017-05-09,14.871
"6955","SEAFOOD",2017-02-04,78.401
"6956","SEAFOOD",2017-05-25,62.488
"6957","SEAFOOD",2016-08-21,4
"6958","SEAFOOD",2016-10-01,90.588
"6959","SEAFOOD",2016-06-17,65.345
"6960","SEAFOOD",2016-01-16,65.701
"6961","SEAFOOD",2017-02-27,1
"6962","SEAFOOD",2016-08-05,53.798
"6963","SEAFOOD",2016-08-08,2.954
"6964","SEAFOOD",2017-02-08,32.623
"6965","SEAFOOD",2017-06-07,17.002
"6966","SEAFOOD",2017-04-12,34.312
"6967","SEAFOOD",2016-07-29,32.379
"6968","SEAFOOD",2016-07-16,54.842
"6969","SEAFOOD",2016-05-14,12.642
"6970","SEAFOOD",2016-01-10,11.03
"6971","SEAFOOD",2015-12-15,16.897
"6972","SEAFOOD",2017-01-21,71.378
"6973","SEAFOOD",2016-05-14,23.337
"6974","SEAFOOD",2017-08-01,49.229
"6975","SEAFOOD",2016-12-12,8
"6976","SEAFOOD",2015-11-25,20.585001
"6977","SEAFOOD",2016-08-06,63.434
"6978","SEAFOOD",2017-07-05,33.501
"6979","SEAFOOD",2016-08-23,23.647
"6980","SEAFOOD",2016-06-22,2
"6981","SEAFOOD",2016-05-06,39.526
"6982","SEAFOOD",2017-04-09,70.754
"6983","SEAFOOD",2016-12-25,48.032
"6984","SEAFOOD",2016-10-25,43.989
"6985","SEAFOOD",2017-07-18,35.907
"6986","SEAFOOD",2015-12-03,21.639
"6987","SEAFOOD",2016-07-13,24.746
"6988","SEAFOOD",2016-10-18,1
"6989","SEAFOOD",2016-05-06,59.920998
"6990","SEAFOOD",2016-03-22,2
"6991","SEAFOOD",2016-03-08,30.986
"6992","SEAFOOD",2016-03-18,56.309002
"6993","SEAFOOD",2016-12-10,43.126
"6994","SEAFOOD",2017-02-10,13.3
"6995","SEAFOOD",2015-12-23,13.222
"6996","SEAFOOD",2017-04-22,53.611
"6997","SEAFOOD",2016-07-31,48.856
"6998","SEAFOOD",2017-07-01,33.926
"6999","SEAFOOD",2016-02-10,26.815
"7000","SEAFOOD",2017-08-12,44.046
"7001","SEAFOOD",2015-12-08,105.673996
"7002","SEAFOOD",2015-12-10,16.131
"7003","SEAFOOD",2015-12-13,104.433
"7004","SEAFOOD",2016-03-19,65.669
"7005","SEAFOOD",2015-11-23,54.177002
"7006","SEAFOOD",2016-02-01,36.769
"7007","SEAFOOD",2016-01-25,18.578
"7008","SEAFOOD",2016-10-02,51.056
"7009","SEAFOOD",2015-12-04,12
"7010","SEAFOOD",2016-02-18,12.695
"7011","SEAFOOD",2017-03-10,8
"7012","SEAFOOD",2017-05-20,1
"7013","SEAFOOD",2017-08-02,30.152
"7014","SEAFOOD",2016-10-20,4
"7015","SEAFOOD",2017-01-19,39.072998
"7016","SEAFOOD",2017-05-27,16.642
"7017","SEAFOOD",2016-06-08,41.99
"7018","SEAFOOD",2017-01-08,21.331
"7019","SEAFOOD",2017-04-13,16.723
"7020","SEAFOOD",2016-06-26,21.177
"7021","SEAFOOD",2016-02-11,17.178
"7022","SEAFOOD",2016-09-03,8
"7023","SEAFOOD",2017-08-02,21.778
"7024","SEAFOOD",2015-11-24,7.196
"7025","SEAFOOD",2017-08-03,47.119
"7026","SEAFOOD",2016-05-25,76.893
"7027","SEAFOOD",2017-05-02,0
"7028","SEAFOOD",2017-05-29,48.064
"7029","SEAFOOD",2017-01-08,13.406
"7030","SEAFOOD",2015-10-31,35.678
"7031","SEAFOOD",2017-06-18,26.007
"7032","SEAFOOD",2017-06-28,19.460001
"7033","SEAFOOD",2016-03-10,40.045
"7034","SEAFOOD",2016-10-30,28.868
"7035","SEAFOOD",2016-01-13,33.018
"7036","SEAFOOD",2016-07-02,72.31
"7037","SEAFOOD",2017-04-27,15.1710005
"7038","SEAFOOD",2016-02-24,54.007
"7039","SEAFOOD",2015-12-07,2
"7040","SEAFOOD",2016-05-30,31.012001
"7041","SEAFOOD",2016-05-11,51.509
"7042","SEAFOOD",2016-11-22,4
"7043","SEAFOOD",2017-01-07,15
"7044","SEAFOOD",2017-07-21,31.938
"7045","SEAFOOD",2016-08-07,17.992
"7046","SEAFOOD",2016-03-05,48.533
"7047","SEAFOOD",2017-05-20,12.814
"7048","SEAFOOD",2015-09-21,60.671
"7049","SEAFOOD",2015-11-19,38.671
"7050","SEAFOOD",2016-05-07,12.483
"7051","SEAFOOD",2017-04-29,6
"7052","SEAFOOD",2016-03-31,66.552
"7053","SEAFOOD",2016-12-09,39.847
"7054","SEAFOOD",2016-03-31,110.145996
"7055","SEAFOOD",2017-05-03,32.911
"7056","SEAFOOD",2015-11-01,56.404
"7057","SEAFOOD",2017-05-02,32.849
"7058","SEAFOOD",2016-01-18,51.749
"7059","SEAFOOD",2017-05-04,64.122
"7060","SEAFOOD",2015-12-08,60.311
"7061","SEAFOOD",2017-06-12,0
"7062","SEAFOOD",2017-05-01,23.02
"7063","SEAFOOD",2016-10-24,5
"7064","SEAFOOD",2017-03-31,133.492
"7065","SEAFOOD",2017-03-05,76.828
"7066","SEAFOOD",2015-09-20,11.811
"7067","SEAFOOD",2015-11-02,21.06
"7068","SEAFOOD",2015-11-18,24.248
"7069","SEAFOOD",2017-04-27,5.494
"7070","SEAFOOD",2016-02-03,24.696
"7071","SEAFOOD",2016-01-30,32.864998
"7072","SEAFOOD",2016-07-27,26.687
"7073","SEAFOOD",2016-11-02,8.3029995
"7074","SEAFOOD",2015-10-22,37.187
"7075","SEAFOOD",2016-11-28,3
"7076","SEAFOOD",2016-04-06,48.371
"7077","SEAFOOD",2015-12-28,25.893
"7078","SEAFOOD",2016-04-01,54.855
"7079","SEAFOOD",2017-02-28,55.996
"7080","SEAFOOD",2016-03-12,143.268
"7081","SEAFOOD",2017-06-08,68.686
"7082","SEAFOOD",2015-11-06,40.687
"7083","SEAFOOD",2016-01-22,31.543999
"7084","SEAFOOD",2015-12-20,22.082
"7085","SEAFOOD",2015-12-21,25.514
"7086","SEAFOOD",2017-04-29,28.605999
"7087","SEAFOOD",2017-04-06,63.404
"7088","SEAFOOD",2016-09-01,172.171
"7089","SEAFOOD",2015-12-27,22.615
"7090","SEAFOOD",2015-11-06,5
"7091","SEAFOOD",2015-12-28,0
"7092","SEAFOOD",2016-12-21,26.931
"7093","SEAFOOD",2017-02-19,9
"7094","SEAFOOD",2017-05-29,34.434
"7095","SEAFOOD",2016-07-05,26.968
"7096","SEAFOOD",2016-12-22,36.486
"7097","SEAFOOD",2015-11-06,12.936
"7098","SEAFOOD",2016-05-05,96.161
"7099","SEAFOOD",2017-01-04,25.228
"7100","SEAFOOD",2015-10-25,25.911999
"7101","SEAFOOD",2016-02-10,42.01
"7102","SEAFOOD",2016-07-12,44.717
"7103","SEAFOOD",2015-10-05,3
"7104","SEAFOOD",2017-01-31,8.284
"7105","SEAFOOD",2016-06-18,106.969
"7106","SEAFOOD",2017-03-20,47.746002
"7107","SEAFOOD",2016-05-26,125.761
"7108","SEAFOOD",2017-06-04,5.026
"7109","SEAFOOD",2016-11-19,21.45
"7110","SEAFOOD",2016-09-01,12.123
"7111","SEAFOOD",2017-02-01,60.513
"7112","SEAFOOD",2016-01-27,19.383
"7113","SEAFOOD",2015-12-23,22.102
"7114","SEAFOOD",2016-08-17,4
"7115","SEAFOOD",2016-11-13,15.488
"7116","SEAFOOD",2017-07-09,17.675
"7117","SEAFOOD",2017-07-13,39.078
"7118","SEAFOOD",2016-04-15,37.77
"7119","SEAFOOD",2016-12-20,23.958
"7120","SEAFOOD",2016-12-14,20.571
"7121","SEAFOOD",2016-10-20,42.157
"7122","SEAFOOD",2015-12-15,0
"7123","SEAFOOD",2017-05-25,27.476
"7124","SEAFOOD",2015-12-18,25.282999
"7125","SEAFOOD",2016-10-29,57.647
"7126","SEAFOOD",2017-06-29,68.438
"7127","SEAFOOD",2016-12-10,50.866
"7128","SEAFOOD",2016-03-07,11.1119995
"7129","SEAFOOD",2016-06-23,63.687
"7130","SEAFOOD",2016-09-12,33.871002
"7131","SEAFOOD",2016-08-07,24.887001
"7132","SEAFOOD",2017-02-25,24.879
"7133","SEAFOOD",2017-03-08,35.09
"7134","SEAFOOD",2017-05-16,61.967
"7135","SEAFOOD",2016-09-17,71.846
"7136","SEAFOOD",2016-06-28,54.081
"7137","SEAFOOD",2016-01-25,1
"7138","SEAFOOD",2016-06-20,15.311
"7139","SEAFOOD",2015-09-24,14.704
"7140","SEAFOOD",2016-04-28,82.68
"7141","SEAFOOD",2017-03-22,20.836
"7142","SEAFOOD",2017-04-30,43.183
"7143","SEAFOOD",2015-10-16,46.372
"7144","SEAFOOD",2016-10-07,35.275
"7145","SEAFOOD",2017-02-15,9.028
"7146","SEAFOOD",2017-03-09,46.752
"7147","SEAFOOD",2016-04-05,37.702
"7148","SEAFOOD",2016-07-09,9.81
"7149","SEAFOOD",2017-01-17,31.571
"7150","SEAFOOD",2017-07-21,87.173004
"7151","SEAFOOD",2016-03-02,17.751999
"7152","SEAFOOD",2017-07-19,24.378
"7153","SEAFOOD",2017-07-11,34.037
"7154","SEAFOOD",2015-09-18,27.442
"7155","SEAFOOD",2017-03-31,64.309
"7156","SEAFOOD",2016-09-07,13.234
"7157","SEAFOOD",2017-03-30,28.655
"7158","SEAFOOD",2017-04-17,7.124
"7159","SEAFOOD",2016-06-23,7.4440002
"7160","SEAFOOD",2017-02-03,96.448
"7161","SEAFOOD",2016-11-10,53.066
"7162","SEAFOOD",2016-04-16,10.475
"7163","SEAFOOD",2016-05-02,13.176001
"7164","SEAFOOD",2017-07-13,28.565
"7165","SEAFOOD",2017-05-01,57.86
"7166","SEAFOOD",2017-07-11,30.874
"7167","SEAFOOD",2016-05-23,71.981
"7168","SEAFOOD",2016-12-10,113.664
"7169","SEAFOOD",2016-12-20,26.651001
"7170","SEAFOOD",2016-01-19,53.99
"7171","SEAFOOD",2016-12-21,20.279
"7172","SEAFOOD",2017-07-30,52.94
"7173","SEAFOOD",2017-03-15,33.672
"7174","SEAFOOD",2016-12-14,12.534
"7175","SEAFOOD",2017-06-18,3.826
"7176","SEAFOOD",2015-11-23,28.948
"7177","SEAFOOD",2016-01-15,11.86
"7178","SEAFOOD",2016-04-01,28.230999
"7179","SEAFOOD",2015-09-23,60.197
"7180","SEAFOOD",2016-05-28,45.268
"7181","SEAFOOD",2016-06-10,97.25
"7182","SEAFOOD",2015-12-07,38.549
"7183","SEAFOOD",2015-10-13,34.173
"7184","SEAFOOD",2017-05-06,141.688
"7185","SEAFOOD",2016-06-16,93.6
"7186","SEAFOOD",2016-09-15,36.321
"7187","SEAFOOD",2016-04-01,40.275
"7188","SEAFOOD",2017-04-06,55.47
"7189","SEAFOOD",2016-07-06,32.153
"7190","SEAFOOD",2016-05-27,26.135
"7191","SEAFOOD",2017-01-15,85.9
"7192","SEAFOOD",2016-10-31,69.836
"7193","SEAFOOD",2017-04-03,94.079
"7194","SEAFOOD",2016-05-25,20.226
"7195","SEAFOOD",2015-10-11,90.440994
"7196","SEAFOOD",2015-11-01,139.412
"7197","SEAFOOD",2016-10-04,1
"7198","SEAFOOD",2015-11-25,64.73
"7199","SEAFOOD",2017-05-15,26.439
"7200","SEAFOOD",2016-05-08,20.665
"7201","SEAFOOD",2016-08-06,4.583
"7202","SEAFOOD",2017-06-11,3.426
"7203","SEAFOOD",2017-06-23,91.726
"7204","SEAFOOD",2017-05-27,0
"7205","SEAFOOD",2016-08-12,104.7
"7206","SEAFOOD",2017-06-01,71.395
"7207","SEAFOOD",2017-07-30,23.542
"7208","SEAFOOD",2015-11-11,26.879
"7209","SEAFOOD",2015-09-17,89.932
"7210","SEAFOOD",2016-03-05,66.929
"7211","SEAFOOD",2015-12-30,33.303
"7212","SEAFOOD",2016-08-16,12.806
"7213","SEAFOOD",2016-11-24,40.874
"7214","SEAFOOD",2016-04-21,5
"7215","SEAFOOD",2015-12-30,8.911
"7216","SEAFOOD",2016-03-19,59.112
"7217","SEAFOOD",2017-03-24,24
"7218","SEAFOOD",2016-07-06,14.176001
"7219","SEAFOOD",2016-01-03,5
"7220","SEAFOOD",2017-06-27,87.337
"7221","SEAFOOD",2015-10-18,51.516
"7222","SEAFOOD",2016-03-26,7
"7223","SEAFOOD",2016-08-18,91.226
"7224","SEAFOOD",2017-05-06,60.674
"7225","SEAFOOD",2016-02-24,2
"7226","SEAFOOD",2016-10-06,1
"7227","SEAFOOD",2017-06-08,57.012
"7228","SEAFOOD",2017-01-03,10.934
"7229","SEAFOOD",2016-03-03,137.307
"7230","SEAFOOD",2017-02-25,23.105999
"7231","SEAFOOD",2017-01-19,66.796
"7232","SEAFOOD",2017-03-20,34.003998
"7233","SEAFOOD",2015-12-27,12.866
"7234","SEAFOOD",2015-12-25,22.404
"7235","SEAFOOD",2017-07-17,23.021
"7236","SEAFOOD",2016-01-11,35.433
"7237","SEAFOOD",2017-05-23,23.851
"7238","SEAFOOD",2015-12-09,31.684
"7239","SEAFOOD",2017-07-03,9.174
"7240","SEAFOOD",2016-12-12,74.039
"7241","SEAFOOD",2016-01-27,28.643
"7242","SEAFOOD",2017-03-27,6
"7243","SEAFOOD",2017-07-18,41.965
"7244","SEAFOOD",2015-11-03,61.497
"7245","SEAFOOD",2017-03-08,1
"7246","SEAFOOD",2016-10-12,26.134
"7247","SEAFOOD",2016-09-08,36.857
"7248","SEAFOOD",2016-04-24,14.539
"7249","SEAFOOD",2017-05-05,43.899002
"7250","SEAFOOD",2016-02-22,35.414
"7251","SEAFOOD",2016-09-07,55.326
"7252","SEAFOOD",2017-07-09,41.894
"7253","SEAFOOD",2016-04-03,87.776
"7254","SEAFOOD",2017-06-22,60.354
"7255","SEAFOOD",2016-11-10,33.977
"7256","SEAFOOD",2016-08-14,29.604
"7257","SEAFOOD",2016-04-22,66.399
"7258","SEAFOOD",2016-04-12,39.303
"7259","SEAFOOD",2015-11-29,30.357
"7260","SEAFOOD",2017-06-05,1
"7261","SEAFOOD",2017-07-22,34.347
"7262","SEAFOOD",2015-12-18,27.107
"7263","SEAFOOD",2016-11-16,24.184
"7264","SEAFOOD",2016-11-18,24.888
"7265","SEAFOOD",2016-01-05,34.057
"7266","SEAFOOD",2016-05-17,19.468
"7267","SEAFOOD",2017-03-05,19.717
"7268","SEAFOOD",2015-10-15,95.683
"7269","SEAFOOD",2017-03-31,51.948
"7270","SEAFOOD",2016-07-01,85.507
"7271","SEAFOOD",2015-10-09,23.001
"7272","SEAFOOD",2015-11-08,11.239
"7273","SEAFOOD",2017-01-01,13.455
"7274","SEAFOOD",2017-01-20,34.672
"7275","SEAFOOD",2016-12-18,2
"7276","SEAFOOD",2015-10-06,14.25
"7277","SEAFOOD",2016-01-11,31.5
"7278","SEAFOOD",2015-10-29,50.121998
"7279","SEAFOOD",2017-04-02,64.434
"7280","SEAFOOD",2016-12-13,37.794
"7281","SEAFOOD",2017-06-15,18.344
"7282","SEAFOOD",2016-02-14,4.282
"7283","SEAFOOD",2017-07-08,135.195
"7284","SEAFOOD",2015-10-28,15.132999
"7285","SEAFOOD",2016-01-18,23.088
"7286","SEAFOOD",2017-06-05,29.246
"7287","SEAFOOD",2016-11-29,58.75
"7288","SEAFOOD",2016-12-22,37.016
"7289","SEAFOOD",2017-01-08,3
"7290","SEAFOOD",2017-07-20,57.956
"7291","SEAFOOD",2016-08-28,57.374
"7292","SEAFOOD",2017-03-04,32
"7293","SEAFOOD",2015-10-28,22.348
"7294","SEAFOOD",2016-09-06,4
"7295","SEAFOOD",2017-01-23,39.82
"7296","SEAFOOD",2015-12-08,26.813
"7297","SEAFOOD",2017-07-12,20.734
"7298","SEAFOOD",2016-01-10,82.921
"7299","SEAFOOD",2016-01-30,14.954
"7300","SEAFOOD",2016-05-01,114.259
"7301","SEAFOOD",2017-01-28,40.952
"7302","SEAFOOD",2016-01-20,34.263
"7303","SEAFOOD",2016-04-18,17.427
"7304","SEAFOOD",2017-03-12,26.334
"7305","SEAFOOD",2016-12-10,42.439
"7306","SEAFOOD",2017-06-01,33.675
"7307","SEAFOOD",2017-05-16,125.99
"7308","SEAFOOD",2016-10-12,30.499
"7309","SEAFOOD",2016-10-17,28.076
"7310","SEAFOOD",2016-01-16,141.115
"7311","SEAFOOD",2016-03-19,45.607002
"7312","SEAFOOD",2016-05-30,4
"7313","SEAFOOD",2016-08-13,49.319
"7314","SEAFOOD",2017-07-30,34.885
"7315","SEAFOOD",2017-08-03,30.428001
"7316","SEAFOOD",2017-05-17,12.544001
"7317","SEAFOOD",2017-05-22,45.484
"7318","SEAFOOD",2017-06-10,10.268
"7319","SEAFOOD",2017-04-24,11.142
"7320","SEAFOOD",2015-11-17,18.115
"7321","SEAFOOD",2016-01-22,63.548
"7322","SEAFOOD",2016-09-14,26.647
"7323","SEAFOOD",2016-08-27,62.355
"7324","SEAFOOD",2016-11-03,7.685
"7325","SEAFOOD",2016-05-06,39.485
"7326","SEAFOOD",2017-05-21,26.597
"7327","SEAFOOD",2016-07-05,5.084
"7328","SEAFOOD",2016-11-14,3.882
"7329","SEAFOOD",2016-04-16,44.344
"7330","SEAFOOD",2016-07-01,63.137
"7331","SEAFOOD",2017-05-28,30.6
"7332","SEAFOOD",2016-06-07,33.85
"7333","SEAFOOD",2017-02-24,92.354
"7334","SEAFOOD",2015-12-07,27.397999
"7335","SEAFOOD",2017-05-18,82.525
"7336","SEAFOOD",2017-01-12,133.65201
"7337","SEAFOOD",2016-12-08,4
"7338","SEAFOOD",2016-10-01,20.356
"7339","SEAFOOD",2016-05-15,107.751
"7340","SEAFOOD",2016-06-07,102.009
"7341","SEAFOOD",2015-09-26,9.339001
"7342","SEAFOOD",2016-09-23,8
"7343","SEAFOOD",2017-04-04,27.854
"7344","SEAFOOD",2016-10-15,76.714005
"7345","SEAFOOD",2015-11-08,5
"7346","SEAFOOD",2016-05-05,70.56
"7347","SEAFOOD",2015-10-30,40.245
"7348","SEAFOOD",2015-11-18,44.034
"7349","SEAFOOD",2017-07-09,30.938
"7350","SEAFOOD",2017-03-11,79.007
"7351","SEAFOOD",2016-12-29,43.007
"7352","SEAFOOD",2017-01-09,36.753998
"7353","SEAFOOD",2017-06-27,25.312
"7354","SEAFOOD",2017-03-29,2
"7355","SEAFOOD",2017-08-08,17.544
"7356","SEAFOOD",2016-04-09,18.242
"7357","SEAFOOD",2016-07-17,24.714
"7358","SEAFOOD",2016-05-23,58.648
"7359","SEAFOOD",2016-07-21,67.986
"7360","SEAFOOD",2016-06-26,57.83
"7361","SEAFOOD",2016-04-25,12.13
"7362","SEAFOOD",2016-03-03,54.468998
"7363","SEAFOOD",2017-01-16,7.41
"7364","SEAFOOD",2016-11-27,9.423
"7365","SEAFOOD",2016-10-20,46.931
"7366","SEAFOOD",2016-03-24,51.313
"7367","SEAFOOD",2017-01-30,32.712
"7368","SEAFOOD",2017-02-07,33.704002
"7369","SEAFOOD",2017-04-07,34.915
"7370","SEAFOOD",2016-07-02,30.209
"7371","SEAFOOD",2016-02-28,42.919
"7372","SEAFOOD",2016-05-09,27.01
"7373","SEAFOOD",2017-02-18,0
"7374","SEAFOOD",2017-02-18,9
"7375","SEAFOOD",2015-12-27,1
"7376","SEAFOOD",2015-11-23,12
"7377","SEAFOOD",2017-02-17,47.474
"7378","SEAFOOD",2016-06-04,13.214001
"7379","SEAFOOD",2016-10-15,60.242
"7380","SEAFOOD",2016-11-13,48.959
"7381","SEAFOOD",2017-06-24,45.696
"7382","SEAFOOD",2017-03-29,77.826
"7383","SEAFOOD",2015-11-02,22.918
"7384","SEAFOOD",2017-04-02,8.585
"7385","SEAFOOD",2016-06-05,36.961
"7386","SEAFOOD",2016-07-22,28.157
"7387","SEAFOOD",2017-06-11,23.563
"7388","SEAFOOD",2016-03-09,51.257
"7389","SEAFOOD",2015-12-05,32.315
"7390","SEAFOOD",2017-06-08,9.1
"7391","SEAFOOD",2016-08-25,18.111
"7392","SEAFOOD",2016-09-28,2
"7393","SEAFOOD",2015-11-13,23.071
"7394","SEAFOOD",2017-01-22,56.653
"7395","SEAFOOD",2015-12-16,62.381
"7396","SEAFOOD",2016-04-02,21.501
"7397","SEAFOOD",2016-08-30,38.2
"7398","SEAFOOD",2017-08-07,74.51
"7399","SEAFOOD",2017-06-24,55.943
"7400","SEAFOOD",2017-06-23,49.223
"7401","SEAFOOD",2015-11-26,12.025
"7402","SEAFOOD",2017-04-11,31.276
"7403","SEAFOOD",2016-05-15,25.432
"7404","SEAFOOD",2016-12-01,29.624
"7405","SEAFOOD",2016-07-12,72.703
"7406","SEAFOOD",2016-09-02,36.064
"7407","SEAFOOD",2017-06-09,56.237
"7408","SEAFOOD",2017-06-26,68.129
"7409","SEAFOOD",2017-05-19,71.05
"7410","SEAFOOD",2016-08-07,60.258
"7411","SEAFOOD",2016-09-28,26.132
"7412","SEAFOOD",2016-11-26,39.236
"7413","SEAFOOD",2017-01-08,26.175999
"7414","SEAFOOD",2016-01-22,11.084
"7415","SEAFOOD",2016-02-01,53.278
"7416","SEAFOOD",2016-04-04,14.393
"7417","SEAFOOD",2016-12-05,8.976
"7418","SEAFOOD",2017-01-20,7.598
"7419","SEAFOOD",2016-10-09,25.323
"7420","SEAFOOD",2015-11-14,47.185
"7421","SEAFOOD",2017-01-02,43.686
"7422","SEAFOOD",2017-04-08,2
"7423","SEAFOOD",2017-05-12,23.724
"7424","SEAFOOD",2015-09-19,35.168
"7425","SEAFOOD",2015-09-16,25.85
"7426","SEAFOOD",2016-12-15,115.61
"7427","SEAFOOD",2017-07-13,42.057
"7428","SEAFOOD",2017-07-25,35.273
"7429","SEAFOOD",2017-06-26,30.244
"7430","SEAFOOD",2016-06-18,32.277
"7431","SEAFOOD",2016-03-27,7
"7432","SEAFOOD",2015-09-15,56.569
"7433","SEAFOOD",2017-01-13,64.955
"7434","SEAFOOD",2016-02-25,40.572
"7435","SEAFOOD",2017-04-14,31.125
"7436","SEAFOOD",2016-04-12,35.994
"7437","SEAFOOD",2016-04-08,37.125
"7438","SEAFOOD",2016-01-28,16.912
"7439","SEAFOOD",2016-10-28,12
"7440","SEAFOOD",2016-12-28,8
"7441","SEAFOOD",2016-05-15,2
"7442","SEAFOOD",2016-07-08,16.592
"7443","SEAFOOD",2017-05-27,83.538
"7444","SEAFOOD",2017-03-20,45.846
"7445","SEAFOOD",2016-10-05,38.420002
"7446","SEAFOOD",2016-12-07,52.695
"7447","SEAFOOD",2016-04-10,75.588
"7448","SEAFOOD",2017-07-08,56.083
"7449","SEAFOOD",2017-03-15,32.395
"7450","SEAFOOD",2017-04-22,120.619
"7451","SEAFOOD",2017-08-05,112.807
"7452","SEAFOOD",2017-04-07,11.809999
"7453","SEAFOOD",2016-11-07,6
"7454","SEAFOOD",2015-09-26,70.057
"7455","SEAFOOD",2016-05-15,8.574
"7456","SEAFOOD",2016-07-18,14.953
"7457","SEAFOOD",2017-04-18,0
"7458","SEAFOOD",2016-01-19,33.475
"7459","SEAFOOD",2017-05-22,16.063
"7460","SEAFOOD",2016-06-22,11.718
"7461","SEAFOOD",2017-02-21,76.571
"7462","SEAFOOD",2016-03-15,25.14
"7463","SEAFOOD",2016-03-28,5
"7464","SEAFOOD",2016-11-06,5
"7465","SEAFOOD",2016-12-15,10.961
"7466","SEAFOOD",2017-08-06,47.34
"7467","SEAFOOD",2017-06-20,24.975
"7468","SEAFOOD",2016-08-12,46.687
"7469","SEAFOOD",2016-11-03,138.718
"7470","SEAFOOD",2017-03-20,12
"7471","SEAFOOD",2017-07-02,43.575
"7472","SEAFOOD",2016-10-05,22.499
"7473","SEAFOOD",2017-03-03,134.178
"7474","SEAFOOD",2016-08-19,40.072998
"7475","SEAFOOD",2016-07-03,105.645004
"7476","SEAFOOD",2017-04-26,21.612
"7477","SEAFOOD",2015-10-27,57.225
"7478","SEAFOOD",2016-01-09,73.048996
"7479","SEAFOOD",2016-12-18,32.936
"7480","SEAFOOD",2017-07-18,16.4
"7481","SEAFOOD",2016-06-01,85.207
"7482","SEAFOOD",2016-09-10,17.887001
"7483","SEAFOOD",2016-12-09,4
"7484","SEAFOOD",2016-02-16,3
"7485","SEAFOOD",2017-04-07,27.07
"7486","SEAFOOD",2017-03-03,73.243
"7487","SEAFOOD",2017-07-25,46.239
"7488","SEAFOOD",2016-11-02,8.644
"7489","SEAFOOD",2017-04-01,45.914
"7490","SEAFOOD",2017-04-05,23.761
"7491","SEAFOOD",2016-10-05,28.967001
"7492","SEAFOOD",2016-07-17,23.224
"7493","SEAFOOD",2017-03-10,146.376
"7494","SEAFOOD",2017-01-23,82.178
"7495","SEAFOOD",2017-02-03,36.596
"7496","SEAFOOD",2017-02-01,49.727
"7497","SEAFOOD",2017-03-19,132.77
"7498","SEAFOOD",2016-11-25,56.333
"7499","SEAFOOD",2016-02-01,94.636
"7500","SEAFOOD",2017-04-06,32.754
"7501","SEAFOOD",2016-12-25,18.442
"7502","SEAFOOD",2016-06-10,21.704
"7503","SEAFOOD",2016-11-14,50.249
"7504","SEAFOOD",2017-01-21,70.161
"7505","SEAFOOD",2017-03-27,13.125999
"7506","SEAFOOD",2017-06-02,35.09
"7507","SEAFOOD",2015-10-12,26.239
"7508","SEAFOOD",2016-05-22,120.209
"7509","SEAFOOD",2016-02-02,8.934
"7510","SEAFOOD",2016-05-31,26.367
"7511","SEAFOOD",2016-01-08,45.002
"7512","SEAFOOD",2015-10-19,43.522
"7513","SEAFOOD",2015-12-02,29.394
"7514","SEAFOOD",2016-03-06,45.629
"7515","SEAFOOD",2015-10-02,42.239998
"7516","SEAFOOD",2017-07-22,60.267
"7517","SEAFOOD",2015-11-28,30.27
"7518","SEAFOOD",2017-06-18,61.14
"7519","SEAFOOD",2016-08-26,125.217
"7520","SEAFOOD",2017-07-23,10.692
"7521","SEAFOOD",2016-11-09,36.514
"7522","SEAFOOD",2017-06-03,121.631
"7523","SEAFOOD",2016-11-08,43.64
"7524","SEAFOOD",2016-01-28,9.51
"7525","SEAFOOD",2016-09-13,51.848
"7526","SEAFOOD",2016-12-27,7.619
"7527","SEAFOOD",2017-08-01,47.934002
"7528","SEAFOOD",2016-08-31,27.034
"7529","SEAFOOD",2016-01-05,21.166
"7530","SEAFOOD",2016-02-22,81.141
"7531","SEAFOOD",2017-06-07,21.528
"7532","SEAFOOD",2016-03-12,61.978
"7533","SEAFOOD",2017-06-17,13.039
"7534","SEAFOOD",2017-07-13,15.382
"7535","SEAFOOD",2017-02-25,49.681
"7536","SEAFOOD",2016-06-30,38.699
"7537","SEAFOOD",2016-01-09,11.097
"7538","SEAFOOD",2017-05-28,46.743
"7539","SEAFOOD",2017-08-05,11.955
"7540","SEAFOOD",2016-03-21,6
"7541","SEAFOOD",2016-08-14,10.376
"7542","SEAFOOD",2017-06-16,135.243
"7543","SEAFOOD",2016-11-07,50.29
"7544","SEAFOOD",2016-02-23,102.222
"7545","SEAFOOD",2017-05-05,69.955
"7546","SEAFOOD",2016-10-02,36
"7547","SEAFOOD",2017-06-16,58.601997
"7548","SEAFOOD",2016-06-29,37.98
"7549","SEAFOOD",2017-08-02,27.581001
"7550","SEAFOOD",2015-10-22,36.109
"7551","SEAFOOD",2017-05-28,9.832
"7552","SEAFOOD",2017-01-28,61.525
"7553","SEAFOOD",2017-04-03,6.2539997
"7554","SEAFOOD",2017-08-11,23.773
"7555","SEAFOOD",2017-03-24,115.478
"7556","SEAFOOD",2016-04-11,52.787003
"7557","SEAFOOD",2016-12-20,0
"7558","SEAFOOD",2017-06-11,3
"7559","SEAFOOD",2017-05-26,99.457
"7560","SEAFOOD",2016-04-15,42.701
"7561","SEAFOOD",2017-08-01,37.174
"7562","SEAFOOD",2017-05-20,45.102
"7563","SEAFOOD",2015-09-19,11.656
"7564","SEAFOOD",2015-10-27,42.505
"7565","SEAFOOD",2015-12-01,15.182
"7566","SEAFOOD",2016-12-26,29.674
"7567","SEAFOOD",2016-01-02,56.068
"7568","SEAFOOD",2016-10-10,85.175
"7569","SEAFOOD",2016-12-03,7.5699997
"7570","SEAFOOD",2016-12-11,23.298
"7571","SEAFOOD",2017-06-26,22.515
"7572","SEAFOOD",2017-05-28,0
"7573","SEAFOOD",2016-03-30,68.729004
"7574","SEAFOOD",2017-07-21,2
"7575","SEAFOOD",2017-07-07,38.004
"7576","SEAFOOD",2016-03-21,33.711
"7577","SEAFOOD",2016-04-06,15.335
"7578","SEAFOOD",2017-04-08,59.763
"7579","SEAFOOD",2017-03-11,73.428
"7580","SEAFOOD",2016-11-25,117.871994
"7581","SEAFOOD",2015-11-16,3
"7582","SEAFOOD",2015-12-03,9.521
"7583","SEAFOOD",2016-12-06,9.713
"7584","SEAFOOD",2017-04-20,41.827
"7585","SEAFOOD",2017-02-03,53.988
"7586","SEAFOOD",2015-09-23,41.781998
"7587","SEAFOOD",2016-04-29,11
"7588","SEAFOOD",2017-03-08,115.097
"7589","SEAFOOD",2017-03-28,53.642
"7590","SEAFOOD",2017-03-31,48.369
"7591","SEAFOOD",2016-06-09,124.807
"7592","SEAFOOD",2016-10-26,77.631
"7593","SEAFOOD",2016-09-04,21.09
"7594","SEAFOOD",2016-04-08,129.505
"7595","SEAFOOD",2017-06-12,22.933
"7596","SEAFOOD",2016-07-07,4
"7597","SEAFOOD",2016-10-20,51.32
"7598","SEAFOOD",2016-01-13,92.744
"7599","SEAFOOD",2016-01-25,60.537003
"7600","SEAFOOD",2017-07-16,12.948999
"7601","SEAFOOD",2016-02-22,4
"7602","SEAFOOD",2017-05-23,50.498
"7603","SEAFOOD",2016-08-07,10
"7604","SEAFOOD",2016-08-30,96.807
"7605","SEAFOOD",2015-11-20,113.084
"7606","SEAFOOD",2016-09-28,17.179
"7607","SEAFOOD",2016-06-17,18.74
"7608","SEAFOOD",2015-12-27,53.605
"7609","SEAFOOD",2017-02-06,37.947
"7610","SEAFOOD",2016-11-27,31.628
"7611","SEAFOOD",2017-01-20,30.869999
"7612","SEAFOOD",2015-09-28,8.332
"7613","SEAFOOD",2016-12-20,76.81
"7614","SEAFOOD",2016-12-05,10
"7615","SEAFOOD",2016-08-03,60.731
"7616","SEAFOOD",2015-11-14,19.603
"7617","SEAFOOD",2017-03-12,14.301001
"7618","SEAFOOD",2017-05-18,0
"7619","SEAFOOD",2016-09-03,22.741
"7620","SEAFOOD",2016-06-15,66.111
"7621","SEAFOOD",2016-12-26,15.253
"7622","SEAFOOD",2016-11-05,68.307
"7623","SEAFOOD",2016-08-24,52.017
"7624","SEAFOOD",2017-02-27,42.282
"7625","SEAFOOD",2016-03-12,69.922
"7626","SEAFOOD",2015-12-27,90.292
"7627","SEAFOOD",2016-08-30,29.736
"7628","SEAFOOD",2017-06-11,9.974
"7629","SEAFOOD",2017-02-16,26.771
"7630","SEAFOOD",2017-08-02,78.986
"7631","SEAFOOD",2016-10-22,57.3
"7632","SEAFOOD",2017-06-26,26.128
"7633","SEAFOOD",2016-07-23,19.619999
"7634","SEAFOOD",2015-11-10,111.791
"7635","SEAFOOD",2017-08-05,48.509
"7636","SEAFOOD",2017-08-04,1
"7637","SEAFOOD",2017-05-17,21.511
"7638","SEAFOOD",2016-08-21,42.771
"7639","SEAFOOD",2016-03-30,49.33
"7640","SEAFOOD",2017-03-26,16.124
"7641","SEAFOOD",2016-05-18,15.8029995
"7642","SEAFOOD",2017-08-08,83.973
"7643","SEAFOOD",2016-07-25,58.948997
"7644","SEAFOOD",2016-06-18,52.981
"7645","SEAFOOD",2015-11-11,25.676
"7646","SEAFOOD",2017-05-09,30.751
"7647","SEAFOOD",2016-09-29,11.028
"7648","SEAFOOD",2016-09-08,3
"7649","SEAFOOD",2016-03-21,19.845001
"7650","SEAFOOD",2016-04-23,29.97
"7651","SEAFOOD",2016-05-14,111.745
"7652","SEAFOOD",2017-04-15,16.191
"7653","SEAFOOD",2016-11-09,47.121002
"7654","SEAFOOD",2017-04-13,55.961998
"7655","SEAFOOD",2017-06-12,49.554
"7656","SEAFOOD",2017-08-09,29.789
"7657","SEAFOOD",2017-05-26,37.43
"7658","SEAFOOD",2017-04-14,38.45
"7659","SEAFOOD",2016-09-21,23.583
"7660","SEAFOOD",2016-10-18,52.595
"7661","SEAFOOD",2017-05-03,26.736
"7662","SEAFOOD",2016-12-06,56.664
"7663","SEAFOOD",2017-04-20,27.489
"7664","SEAFOOD",2017-05-27,52.055
"7665","SEAFOOD",2016-06-07,5.2679996
"7666","SEAFOOD",2016-06-30,40.255
"7667","SEAFOOD",2017-03-09,11.262
"7668","SEAFOOD",2017-07-01,15.291
"7669","SEAFOOD",2016-01-21,33.596
"7670","SEAFOOD",2015-11-05,119.659
"7671","SEAFOOD",2017-07-23,32.792
"7672","SEAFOOD",2015-12-12,48.566
"7673","SEAFOOD",2016-07-06,30.106
"7674","SEAFOOD",2016-05-30,16.554
"7675","SEAFOOD",2016-11-28,23.901001
"7676","SEAFOOD",2017-06-29,112.553
"7677","SEAFOOD",2015-11-04,15.62
"7678","SEAFOOD",2015-10-07,70.781
"7679","SEAFOOD",2017-03-26,40.979
"7680","SEAFOOD",2016-08-16,38.145
"7681","SEAFOOD",2016-11-11,5
"7682","SEAFOOD",2017-03-12,5
"7683","SEAFOOD",2016-08-15,30.722
"7684","SEAFOOD",2016-09-29,47.631
"7685","SEAFOOD",2017-07-17,68.621
"7686","SEAFOOD",2016-05-12,117.429
"7687","SEAFOOD",2017-02-16,68.663
"7688","SEAFOOD",2017-02-10,46.306
"7689","SEAFOOD",2016-03-25,6.761
"7690","SEAFOOD",2016-06-07,2
"7691","SEAFOOD",2016-09-21,8.595
"7692","SEAFOOD",2017-03-07,6
"7693","SEAFOOD",2017-08-03,13
"7694","SEAFOOD",2016-03-27,29.522
"7695","SEAFOOD",2015-12-21,3
"7696","SEAFOOD",2017-02-03,1
"7697","SEAFOOD",2016-04-26,5.554
"7698","SEAFOOD",2016-12-02,15.875
"7699","SEAFOOD",2017-02-22,27.029
"7700","SEAFOOD",2015-11-04,24.446
"7701","SEAFOOD",2015-10-19,12.123
"7702","SEAFOOD",2016-05-17,96.395004
"7703","SEAFOOD",2016-09-24,5.934
"7704","SEAFOOD",2016-12-08,55.885
"7705","SEAFOOD",2017-03-22,3
"7706","SEAFOOD",2016-01-16,12.562
"7707","SEAFOOD",2016-12-08,37.564
"7708","SEAFOOD",2016-08-29,30.960999
"7709","SEAFOOD",2016-11-29,9.907
"7710","SEAFOOD",2016-06-05,11.198
"7711","SEAFOOD",2015-09-16,34.906
"7712","SEAFOOD",2017-01-22,8.692
"7713","SEAFOOD",2017-07-09,4
"7714","SEAFOOD",2015-10-30,16.902
"7715","SEAFOOD",2016-09-14,55.996
"7716","SEAFOOD",2016-06-26,31.713001
"7717","SEAFOOD",2015-11-07,65.509
"7718","SEAFOOD",2016-11-15,2
"7719","SEAFOOD",2016-04-06,9.028
"7720","SEAFOOD",2017-07-10,34.617
"7721","SEAFOOD",2016-03-30,21.154999
"7722","SEAFOOD",2017-07-14,22.161999
"7723","SEAFOOD",2017-02-12,40.995
"7724","SEAFOOD",2016-11-24,3
"7725","SEAFOOD",2016-06-10,37.116
"7726","SEAFOOD",2017-01-31,5
"7727","SEAFOOD",2016-03-20,4
"7728","SEAFOOD",2017-03-04,150.77701
"7729","SEAFOOD",2016-02-17,23.134
"7730","SEAFOOD",2017-02-17,20
"7731","SEAFOOD",2015-10-20,45.946
"7732","SEAFOOD",2016-10-25,19.912
"7733","SEAFOOD",2016-11-25,34.323
"7734","SEAFOOD",2016-09-23,13.297
"7735","SEAFOOD",2016-01-24,15.164
"7736","SEAFOOD",2016-12-22,91.915
"7737","SEAFOOD",2016-09-12,34.034
"7738","SEAFOOD",2017-02-05,9
"7739","SEAFOOD",2016-11-26,44.527
"7740","SEAFOOD",2016-05-10,95.12
"7741","SEAFOOD",2016-04-16,77.008
"7742","SEAFOOD",2016-01-17,93.177
"7743","SEAFOOD",2016-01-19,3
"7744","SEAFOOD",2016-02-14,53.626
"7745","SEAFOOD",2016-07-16,29.784
"7746","SEAFOOD",2017-07-04,61.378998
"7747","SEAFOOD",2015-10-23,37.706
"7748","SEAFOOD",2016-11-16,26.225
"7749","SEAFOOD",2016-02-15,63.672
"7750","SEAFOOD",2016-07-19,28.263
"7751","SEAFOOD",2017-04-21,5.142
"7752","SEAFOOD",2017-04-24,19.577
"7753","SEAFOOD",2017-02-14,33.062
"7754","SEAFOOD",2016-02-29,104.892
"7755","SEAFOOD",2016-10-27,31.467
"7756","SEAFOOD",2017-06-03,6.138
"7757","SEAFOOD",2015-11-18,57.631
"7758","SEAFOOD",2017-07-08,49.178
"7759","SEAFOOD",2017-05-11,11.139
"7760","SEAFOOD",2017-05-08,32.089
"7761","SEAFOOD",2016-01-05,1
"7762","SEAFOOD",2016-10-26,21.657
"7763","SEAFOOD",2017-03-15,86.678
"7764","SEAFOOD",2016-10-16,46.238
"7765","SEAFOOD",2017-05-20,9.536
"7766","SEAFOOD",2016-07-12,10.17
"7767","SEAFOOD",2017-02-02,62.092
"7768","SEAFOOD",2016-12-14,23.726
"7769","SEAFOOD",2015-12-15,52.353
"7770","SEAFOOD",2016-01-23,7.732
"7771","SEAFOOD",2016-04-12,26.528
"7772","SEAFOOD",2017-04-05,95.375
"7773","SEAFOOD",2017-08-13,33.253
"7774","SEAFOOD",2015-12-23,22.411
"7775","SEAFOOD",2017-01-24,83.051
"7776","SEAFOOD",2016-04-19,7.718
"7777","SEAFOOD",2016-09-08,56.228
"7778","SEAFOOD",2015-09-24,156.733
"7779","SEAFOOD",2017-04-10,50.443
"7780","SEAFOOD",2017-05-08,48.697
"7781","SEAFOOD",2015-12-22,89.334
"7782","SEAFOOD",2016-03-15,45.677
"7783","SEAFOOD",2015-10-31,11.424
"7784","SEAFOOD",2016-02-18,38.878002
"7785","SEAFOOD",2016-09-18,24.493
"7786","SEAFOOD",2016-05-18,24.283
"7787","SEAFOOD",2017-05-14,6.482
"7788","SEAFOOD",2017-01-26,71.104004
"7789","SEAFOOD",2016-07-22,6.058
"7790","SEAFOOD",2015-11-07,13.172
"7791","SEAFOOD",2015-12-07,18.432
"7792","SEAFOOD",2015-12-14,25.674
"7793","SEAFOOD",2017-07-18,17.011
"7794","SEAFOOD",2016-07-11,13.998
"7795","SEAFOOD",2015-12-04,22.225
"7796","SEAFOOD",2017-07-02,50.265
"7797","SEAFOOD",2017-01-14,25.709
"7798","SEAFOOD",2017-02-12,28.091
"7799","SEAFOOD",2016-02-25,119.256
"7800","SEAFOOD",2016-01-08,12
"7801","SEAFOOD",2017-03-06,19
"7802","SEAFOOD",2016-07-27,3
"7803","SEAFOOD",2016-02-08,9.076
"7804","SEAFOOD",2017-02-14,0
"7805","SEAFOOD",2015-11-18,20.681
"7806","SEAFOOD",2016-03-18,23.986
"7807","SEAFOOD",2015-12-02,20.194
"7808","SEAFOOD",2016-02-18,160.135
"7809","SEAFOOD",2016-05-12,43.372
"7810","SEAFOOD",2016-02-05,76.412
"7811","SEAFOOD",2017-06-22,43.257
"7812","SEAFOOD",2015-12-29,46.239998
"7813","SEAFOOD",2016-02-23,6
"7814","SEAFOOD",2016-03-13,56.358
"7815","SEAFOOD",2017-07-18,49.887
"7816","SEAFOOD",2017-05-10,75.225
"7817","SEAFOOD",2016-06-21,34.426
"7818","SEAFOOD",2017-07-04,16.76
"7819","SEAFOOD",2016-11-28,35.167
"7820","SEAFOOD",2017-02-08,7
"7821","SEAFOOD",2017-07-24,1
"7822","SEAFOOD",2015-10-22,78.353
"7823","SEAFOOD",2017-04-20,52.099
"7824","SEAFOOD",2017-01-24,18.515
"7825","SEAFOOD",2015-10-08,57.392998
"7826","SEAFOOD",2016-11-09,38.431
"7827","SEAFOOD",2017-04-24,16.678
"7828","SEAFOOD",2016-12-28,21.979
"7829","SEAFOOD",2016-03-07,3
"7830","SEAFOOD",2015-10-21,3
"7831","SEAFOOD",2015-10-06,56.626
"7832","SEAFOOD",2017-03-09,86.257996
"7833","SEAFOOD",2016-03-02,3
"7834","SEAFOOD",2016-11-11,44.855
"7835","SEAFOOD",2016-03-15,12.68
"7836","SEAFOOD",2016-02-06,41.594
"7837","SEAFOOD",2016-10-12,10
"7838","SEAFOOD",2017-05-30,31.711
"7839","SEAFOOD",2016-09-05,25.245
"7840","SEAFOOD",2017-03-29,9.512
"7841","SEAFOOD",2015-09-30,45.249
"7842","SEAFOOD",2017-02-26,1
"7843","SEAFOOD",2017-01-30,25.232
"7844","SEAFOOD",2016-09-16,58.072998
"7845","SEAFOOD",2016-05-19,163.851
"7846","SEAFOOD",2016-03-16,16.399
"7847","SEAFOOD",2016-01-04,27.521
"7848","SEAFOOD",2016-04-27,20.002
"7849","SEAFOOD",2016-05-27,56.493
"7850","SEAFOOD",2015-11-04,58.322
"7851","SEAFOOD",2016-07-10,54.63
"7852","SEAFOOD",2017-06-16,1
"7853","SEAFOOD",2017-06-22,41.388
"7854","SEAFOOD",2016-03-13,10.366
"7855","SEAFOOD",2016-04-28,155.436
"7856","SEAFOOD",2016-10-28,63.105
"7857","SEAFOOD",2016-02-04,22.77
"7858","SEAFOOD",2017-02-11,57.639
"7859","SEAFOOD",2016-09-11,5
"7860","SEAFOOD",2017-06-04,21.634
"7861","SEAFOOD",2017-08-13,11.694
"7862","SEAFOOD",2016-02-08,110.798996
"7863","SEAFOOD",2016-10-01,47.096
"7864","SEAFOOD",2016-11-12,139.748
"7865","SEAFOOD",2016-05-10,23.810999
"7866","SEAFOOD",2017-05-24,2.994
"7867","SEAFOOD",2016-08-14,7
"7868","SEAFOOD",2016-01-19,6.7869997
"7869","SEAFOOD",2016-07-19,74.075
"7870","SEAFOOD",2015-09-16,106.986
"7871","SEAFOOD",2017-07-01,1
"7872","SEAFOOD",2015-10-18,89.333
"7873","SEAFOOD",2017-07-19,13.543
"7874","SEAFOOD",2017-05-11,45.756
"7875","SEAFOOD",2016-12-08,36.624
"7876","SEAFOOD",2017-02-17,129.697
"7877","SEAFOOD",2016-10-03,0
"7878","SEAFOOD",2016-01-09,64.304
"7879","SEAFOOD",2016-08-05,11
"7880","SEAFOOD",2017-02-20,37.082
"7881","SEAFOOD",2016-03-01,46.003
"7882","SEAFOOD",2015-11-17,59.545
"7883","SEAFOOD",2015-11-24,37.216
"7884","SEAFOOD",2016-12-06,38.8
"7885","SEAFOOD",2017-06-28,0
"7886","SEAFOOD",2016-08-15,48.445
"7887","SEAFOOD",2016-10-25,103.729996
"7888","SEAFOOD",2017-03-21,61.339
"7889","SEAFOOD",2016-06-27,15.836
"7890","SEAFOOD",2016-06-30,170.343
"7891","SEAFOOD",2017-07-15,7.023
"7892","SEAFOOD",2015-10-15,47.387
"7893","SEAFOOD",2016-07-07,33.711
"7894","SEAFOOD",2015-10-10,44.581
"7895","SEAFOOD",2016-02-25,83.782
"7896","SEAFOOD",2017-07-14,40.98
"7897","SEAFOOD",2016-09-13,46.809
"7898","SEAFOOD",2016-05-21,117.135
"7899","SEAFOOD",2016-04-30,171.206
"7900","SEAFOOD",2015-11-12,14.38
"7901","SEAFOOD",2016-09-10,49.265
"7902","SEAFOOD",2016-12-26,72.45
"7903","SEAFOOD",2016-03-17,69.21
"7904","SEAFOOD",2017-01-17,42.805
"7905","SEAFOOD",2015-11-08,100.334
"7906","SEAFOOD",2017-04-29,11.926
"7907","SEAFOOD",2016-07-27,9.002
"7908","SEAFOOD",2017-08-04,5.852
"7909","SEAFOOD",2016-01-08,43.447
"7910","SEAFOOD",2017-01-25,18.166
"7911","SEAFOOD",2016-04-27,23.353
"7912","SEAFOOD",2017-08-06,23.633
"7913","SEAFOOD",2016-06-19,0
"7914","SEAFOOD",2016-10-29,53.485
"7915","SEAFOOD",2017-05-06,63.953
"7916","SEAFOOD",2017-02-21,34.767002
"7917","SEAFOOD",2017-03-26,2
"7918","SEAFOOD",2016-05-06,33.267998
"7919","SEAFOOD",2016-07-19,2
"7920","SEAFOOD",2017-01-26,0
"7921","SEAFOOD",2015-12-08,76.356
"7922","SEAFOOD",2016-02-14,5.176
"7923","SEAFOOD",2017-05-24,1
"7924","SEAFOOD",2017-03-27,50.262
"7925","SEAFOOD",2016-08-29,65.406
"7926","SEAFOOD",2017-06-22,30.375
"7927","SEAFOOD",2017-02-22,9.768
"7928","SEAFOOD",2017-06-14,1
"7929","SEAFOOD",2016-11-22,21.588
"7930","SEAFOOD",2016-02-19,45.971
"7931","SEAFOOD",2016-11-18,41.117
"7932","SEAFOOD",2016-07-06,21.591
"7933","SEAFOOD",2017-07-30,25.119
"7934","SEAFOOD",2016-05-04,41.926003
"7935","SEAFOOD",2016-03-07,9.225
"7936","SEAFOOD",2016-08-23,93.224
"7937","SEAFOOD",2017-03-19,68.076
"7938","SEAFOOD",2015-11-25,2
"7939","SEAFOOD",2015-10-11,11.958
"7940","SEAFOOD",2017-08-08,1
"7941","SEAFOOD",2017-03-19,35.825
"7942","SEAFOOD",2015-09-24,110.205
"7943","SEAFOOD",2016-05-27,22.982
"7944","SEAFOOD",2017-07-17,10.940001
"7945","SEAFOOD",2017-07-01,49.377
"7946","SEAFOOD",2017-06-24,40.113
"7947","SEAFOOD",2016-06-06,8.676001
"7948","SEAFOOD",2016-11-17,9.23
"7949","SEAFOOD",2016-03-20,60.442
"7950","SEAFOOD",2016-01-17,67.353
"7951","SEAFOOD",2016-04-02,65.157
"7952","SEAFOOD",2016-05-17,5.756
"7953","SEAFOOD",2017-07-14,9.128
"7954","SEAFOOD",2016-12-11,16.735
"7955","SEAFOOD",2015-12-09,25.68
"7956","SEAFOOD",2017-01-28,65.706
"7957","SEAFOOD",2017-05-25,42.388
"7958","SEAFOOD",2016-01-31,6
"7959","SEAFOOD",2015-10-07,8.644
"7960","SEAFOOD",2017-02-07,35.64
"7961","SEAFOOD",2017-04-07,31.465
"7962","SEAFOOD",2017-03-27,96.339005
"7963","SEAFOOD",2016-12-08,76.787
"7964","SEAFOOD",2016-08-02,97.837
"7965","SEAFOOD",2016-05-03,31.379
"7966","SEAFOOD",2016-02-09,38.121002
"7967","SEAFOOD",2016-09-01,80.261
"7968","SEAFOOD",2016-03-01,63.563
"7969","SEAFOOD",2017-02-11,19.435
"7970","SEAFOOD",2015-10-30,6
"7971","SEAFOOD",2017-02-18,55.65
"7972","SEAFOOD",2015-11-12,119.647
"7973","SEAFOOD",2017-06-18,31.835
"7974","SEAFOOD",2016-09-18,50.769
"7975","SEAFOOD",2016-07-08,25.719
"7976","SEAFOOD",2016-08-24,20.16
"7977","SEAFOOD",2016-11-06,34.843
"7978","SEAFOOD",2017-01-16,39.323
"7979","SEAFOOD",2015-10-08,23.341
"7980","SEAFOOD",2016-09-30,62.947998
"7981","SEAFOOD",2017-01-19,26.973
"7982","SEAFOOD",2017-02-15,17
"7983","SEAFOOD",2015-12-22,36.66
"7984","SEAFOOD",2016-05-17,33.264
"7985","SEAFOOD",2015-11-07,7
"7986","SEAFOOD",2016-02-18,10.943
"7987","SEAFOOD",2016-02-16,115.898
"7988","SEAFOOD",2017-07-27,31.489
"7989","SEAFOOD",2016-05-18,22.546
"7990","SEAFOOD",2015-10-12,58.744
"7991","SEAFOOD",2016-05-06,15.451
"7992","SEAFOOD",2016-02-24,71.831
"7993","SEAFOOD",2017-08-03,114.206
"7994","SEAFOOD",2016-05-09,21.514
"7995","SEAFOOD",2016-07-23,52.801
"7996","SEAFOOD",2015-12-11,34.514
"7997","SEAFOOD",2015-11-28,1
"7998","SEAFOOD",2017-03-23,61.609
"7999","SEAFOOD",2016-03-06,21.473999
"8000","SEAFOOD",2016-02-07,30.1
"8001","SEAFOOD",2017-01-14,70.708
"8002","SEAFOOD",2015-12-28,26.267
"8003","SEAFOOD",2016-06-27,67.548
"8004","SEAFOOD",2017-05-10,31.956
"8005","SEAFOOD",2017-03-05,6.702
"8006","SEAFOOD",2016-12-16,35.495
"8007","SEAFOOD",2016-09-16,50.12
"8008","SEAFOOD",2016-09-06,58.105
"8009","SEAFOOD",2016-05-08,5
"8010","SEAFOOD",2016-11-29,4
"8011","SEAFOOD",2016-01-06,18.156
"8012","SEAFOOD",2016-05-04,29.657
"8013","SEAFOOD",2016-08-27,74.277
"8014","SEAFOOD",2016-04-29,41.896
"8015","SEAFOOD",2015-10-06,25.819
"8016","SEAFOOD",2017-07-24,22.149
"8017","SEAFOOD",2016-03-26,73.522
"8018","SEAFOOD",2017-03-10,52.593
"8019","SEAFOOD",2017-01-06,51.238
"8020","SEAFOOD",2016-09-29,70.623
"8021","SEAFOOD",2016-02-11,22.194
"8022","SEAFOOD",2017-03-06,40.59
"8023","SEAFOOD",2016-03-06,27.342001
"8024","SEAFOOD",2016-06-12,24.976
"8025","SEAFOOD",2016-05-11,22.473
"8026","SEAFOOD",2016-06-26,29.864
"8027","SEAFOOD",2017-01-15,28.728
"8028","SEAFOOD",2015-11-10,3
"8029","SEAFOOD",2016-12-05,32.026
"8030","SEAFOOD",2015-10-16,41.043
"8031","SEAFOOD",2015-12-02,79.6
"8032","SEAFOOD",2017-06-13,20.021
"8033","SEAFOOD",2015-10-29,10.506
"8034","SEAFOOD",2017-07-15,49.587
"8035","SEAFOOD",2016-02-13,48.59
"8036","SEAFOOD",2017-05-26,52.597
"8037","SEAFOOD",2016-07-28,39.715
"8038","SEAFOOD",2016-08-12,49.052002
"8039","SEAFOOD",2016-10-07,59.1
"8040","SEAFOOD",2017-03-10,45.863
"8041","SEAFOOD",2017-04-10,28.234001
"8042","SEAFOOD",2015-12-30,29.547
"8043","SEAFOOD",2017-03-14,72.323
"8044","SEAFOOD",2016-05-12,42.294
"8045","SEAFOOD",2015-09-28,2
"8046","SEAFOOD",2017-01-04,93.251
"8047","SEAFOOD",2016-11-10,126.677
"8048","SEAFOOD",2017-01-23,1
"8049","SEAFOOD",2016-05-31,61.432
"8050","SEAFOOD",2016-09-02,65.391
"8051","SEAFOOD",2017-07-23,37.463
"8052","SEAFOOD",2017-01-03,70.833
"8053","SEAFOOD",2016-12-28,16.959
"8054","SEAFOOD",2016-01-27,6.801
"8055","SEAFOOD",2017-01-11,39.201
"8056","SEAFOOD",2017-02-22,48.062
"8057","SEAFOOD",2016-10-09,54.981
"8058","SEAFOOD",2017-08-06,36.592
"8059","SEAFOOD",2015-11-23,22.214
"8060","SEAFOOD",2015-12-02,38.468
"8061","SEAFOOD",2015-10-26,36.41
"8062","SEAFOOD",2016-12-15,47.019
"8063","SEAFOOD",2016-09-17,48.775
"8064","SEAFOOD",2016-11-28,19.791
"8065","SEAFOOD",2017-02-22,15.361
"8066","SEAFOOD",2015-10-09,15.929
"8067","SEAFOOD",2017-05-02,43.631
"8068","SEAFOOD",2015-10-13,24.525
"8069","SEAFOOD",2016-03-29,44.562
"8070","SEAFOOD",2016-02-13,54.327
"8071","SEAFOOD",2017-04-26,15.242001
"8072","SEAFOOD",2016-04-04,22.566
"8073","SEAFOOD",2017-06-05,6.083
"8074","SEAFOOD",2017-03-17,46.362
"8075","SEAFOOD",2016-09-27,5.2060003
"8076","SEAFOOD",2016-09-16,21.02
"8077","SEAFOOD",2017-04-05,54.728
"8078","SEAFOOD",2015-11-03,9.431
"8079","SEAFOOD",2017-06-17,2
"8080","SEAFOOD",2015-10-12,33.159
"8081","SEAFOOD",2016-02-27,70.3
"8082","SEAFOOD",2016-09-07,5
"8083","SEAFOOD",2017-01-29,11
"8084","SEAFOOD",2016-06-11,72.457
"8085","SEAFOOD",2017-01-25,30.557
"8086","SEAFOOD",2016-09-16,40.02
"8087","SEAFOOD",2015-12-20,11.948999
"8088","SEAFOOD",2016-04-23,55.704
"8089","SEAFOOD",2017-07-29,47.982998
"8090","SEAFOOD",2017-01-29,85.357
"8091","SEAFOOD",2017-02-16,17.334
"8092","SEAFOOD",2017-02-04,37.347
"8093","SEAFOOD",2016-09-08,142.753
"8094","SEAFOOD",2017-02-16,43.53
"8095","SEAFOOD",2017-02-28,43.295
"8096","SEAFOOD",2016-02-24,9.922
"8097","SEAFOOD",2017-06-09,1
"8098","SEAFOOD",2017-07-26,32.5
"8099","SEAFOOD",2016-07-29,77.206
"8100","SEAFOOD",2016-09-04,51.914
"8101","SEAFOOD",2016-07-01,28.574
"8102","SEAFOOD",2017-01-19,47.242
"8103","SEAFOOD",2016-05-28,61.637
"8104","SEAFOOD",2017-02-20,16.395
"8105","SEAFOOD",2016-12-30,17.673
"8106","SEAFOOD",2015-12-23,14.776
"8107","SEAFOOD",2016-11-20,12.666
"8108","SEAFOOD",2016-10-11,63.696
"8109","SEAFOOD",2016-03-07,55.582
"8110","SEAFOOD",2016-01-12,64.063
"8111","SEAFOOD",2016-02-10,3
"8112","SEAFOOD",2016-09-01,117.76
"8113","SEAFOOD",2016-04-24,37.604
"8114","SEAFOOD",2016-02-17,10.496
"8115","SEAFOOD",2016-07-25,16.286
"8116","SEAFOOD",2017-07-30,45.746
"8117","SEAFOOD",2016-05-26,40.774
"8118","SEAFOOD",2016-10-10,35.729
"8119","SEAFOOD",2016-02-15,4
"8120","SEAFOOD",2017-04-18,103.114
"8121","SEAFOOD",2016-03-16,18.73
"8122","SEAFOOD",2017-07-23,22.522
"8123","SEAFOOD",2017-07-29,1
"8124","SEAFOOD",2016-05-01,13.662
"8125","SEAFOOD",2016-06-28,24.234
"8126","SEAFOOD",2017-07-15,36.944
"8127","SEAFOOD",2016-08-01,49.871
"8128","SEAFOOD",2017-07-05,55.981
"8129","SEAFOOD",2016-07-11,53.841
"8130","SEAFOOD",2016-07-19,8.353001
"8131","SEAFOOD",2016-06-14,13.938
"8132","SEAFOOD",2017-08-08,35.36
"8133","SEAFOOD",2016-03-09,10.3880005
"8134","SEAFOOD",2017-06-18,0
"8135","SEAFOOD",2015-10-14,38.251
"8136","SEAFOOD",2016-10-13,54.377
"8137","SEAFOOD",2017-04-13,26.15
"8138","SEAFOOD",2016-02-28,82.505005
"8139","SEAFOOD",2016-08-01,41.794
"8140","SEAFOOD",2017-01-21,1
"8141","SEAFOOD",2015-09-30,35.363
"8142","SEAFOOD",2017-01-14,0
"8143","SEAFOOD",2016-03-25,42.466
"8144","SEAFOOD",2016-06-13,9.2
"8145","SEAFOOD",2017-06-09,17.852
"8146","SEAFOOD",2016-02-16,29.376
"8147","SEAFOOD",2016-04-08,5
"8148","SEAFOOD",2016-09-05,14.11
"8149","SEAFOOD",2017-06-16,24.556
"8150","SEAFOOD",2016-08-28,13.874001
"8151","SEAFOOD",2015-12-19,34.591
"8152","SEAFOOD",2016-09-26,13
"8153","SEAFOOD",2016-02-02,68.137
"8154","SEAFOOD",2016-10-15,33
"8155","SEAFOOD",2016-06-15,21.562
"8156","SEAFOOD",2016-04-15,8.294
"8157","SEAFOOD",2016-12-22,14
"8158","SEAFOOD",2017-05-22,48.952
"8159","SEAFOOD",2016-06-06,51.844
"8160","SEAFOOD",2016-06-22,88.619
"8161","SEAFOOD",2016-09-20,62.19
"8162","SEAFOOD",2017-03-02,92.735
"8163","SEAFOOD",2016-05-12,74.228
"8164","SEAFOOD",2015-12-17,15.566
"8165","SEAFOOD",2015-12-30,21.428
"8166","SEAFOOD",2016-03-25,40.028
"8167","SEAFOOD",2016-11-30,33.264
"8168","SEAFOOD",2016-06-16,165.802
"8169","SEAFOOD",2016-03-16,5
"8170","SEAFOOD",2015-10-15,73.577
"8171","SEAFOOD",2016-11-04,6
"8172","SEAFOOD",2016-05-31,101.368004
"8173","SEAFOOD",2016-04-26,23.373001
"8174","SEAFOOD",2017-07-08,2
"8175","SEAFOOD",2017-03-17,55.903
"8176","SEAFOOD",2015-10-11,15.904
"8177","SEAFOOD",2017-03-05,17.074
"8178","SEAFOOD",2016-09-17,50.037003
"8179","SEAFOOD",2017-06-06,11.73
"8180","SEAFOOD",2017-01-02,53.492
"8181","SEAFOOD",2016-08-07,10.554
"8182","SEAFOOD",2015-09-26,3
"8183","SEAFOOD",2015-09-22,103.71
"8184","SEAFOOD",2016-01-25,74.565
"8185","SEAFOOD",2017-04-23,14.49
"8186","SEAFOOD",2016-09-16,4.716
"8187","SEAFOOD",2016-03-28,15.231
"8188","SEAFOOD",2016-07-18,26.71
"8189","SEAFOOD",2017-04-01,56.322998
"8190","SEAFOOD",2016-02-18,97.302
"8191","SEAFOOD",2015-12-16,26.901001
"8192","SEAFOOD",2016-07-15,21.315
"8193","SEAFOOD",2017-06-05,60.306
"8194","SEAFOOD",2015-11-27,12.536
"8195","SEAFOOD",2015-10-31,32.795
"8196","SEAFOOD",2016-05-28,14.312
"8197","SEAFOOD",2015-12-21,7.055
"8198","SEAFOOD",2017-06-10,48.726
"8199","SEAFOOD",2017-05-12,16.265
"8200","SEAFOOD",2016-12-22,11.438
"8201","SEAFOOD",2016-09-11,103.207
"8202","SEAFOOD",2016-04-14,38.475
"8203","SEAFOOD",2017-07-21,31.425
"8204","SEAFOOD",2017-01-21,45.105
"8205","SEAFOOD",2017-02-04,41.515
"8206","SEAFOOD",2017-02-20,0
"8207","SEAFOOD",2017-01-13,24.3
"8208","SEAFOOD",2015-10-08,66.592
"8209","SEAFOOD",2016-05-17,28.815
"8210","SEAFOOD",2017-04-05,24.866
"8211","SEAFOOD",2017-04-24,25.532
"8212","SEAFOOD",2016-07-08,72.857
"8213","SEAFOOD",2016-02-17,29.306
"8214","SEAFOOD",2017-08-04,49.217
"8215","SEAFOOD",2016-08-28,8.911
"8216","SEAFOOD",2017-01-18,13
"8217","SEAFOOD",2016-11-01,34.749
"8218","SEAFOOD",2017-08-08,48.765
"8219","SEAFOOD",2015-12-17,37.129
"8220","SEAFOOD",2016-08-25,1
"8221","SEAFOOD",2016-10-24,34.556
"8222","SEAFOOD",2017-04-04,42.483
"8223","SEAFOOD",2017-06-17,48.382
"8224","SEAFOOD",2016-09-19,39.926
"8225","SEAFOOD",2015-12-28,83.718
"8226","SEAFOOD",2016-12-13,49.765
"8227","SEAFOOD",2016-10-28,26.977001
"8228","SEAFOOD",2016-06-11,88.048
"8229","SEAFOOD",2016-11-13,33.642998
"8230","SEAFOOD",2016-09-15,105.424995
"8231","SEAFOOD",2016-07-28,4
"8232","SEAFOOD",2017-01-21,40.064
"8233","SEAFOOD",2017-05-04,49.440998
"8234","SEAFOOD",2016-04-16,144.499
"8235","SEAFOOD",2016-11-19,35.926
"8236","SEAFOOD",2016-03-14,39.433
"8237","SEAFOOD",2017-02-08,33.985
"8238","SEAFOOD",2016-09-29,8
"8239","SEAFOOD",2016-01-07,28.57
"8240","SEAFOOD",2016-09-19,25.748
"8241","SEAFOOD",2016-06-20,98.692
"8242","SEAFOOD",2017-06-10,42.465
"8243","SEAFOOD",2017-01-02,45.206
"8244","SEAFOOD",2017-03-04,45.724
"8245","SEAFOOD",2017-01-27,66.783
"8246","SEAFOOD",2016-10-17,34.423
"8247","SEAFOOD",2017-02-25,15
"8248","SEAFOOD",2016-01-24,9.453
"8249","SEAFOOD",2017-02-19,32.211998
"8250","SEAFOOD",2016-10-05,1
"8251","SEAFOOD",2017-04-25,53.408
"8252","SEAFOOD",2015-11-22,26.361
"8253","SEAFOOD",2015-10-24,44.906
"8254","SEAFOOD",2017-08-07,28.035
"8255","SEAFOOD",2016-02-21,47.364998
"8256","SEAFOOD",2017-01-21,12.899
"8257","SEAFOOD",2015-10-08,39.979
"8258","SEAFOOD",2016-08-17,11.556
"8259","SEAFOOD",2016-10-29,50.661
"8260","SEAFOOD",2016-12-23,15.585
"8261","SEAFOOD",2016-09-05,71.001
"8262","SEAFOOD",2016-10-29,1
"8263","SEAFOOD",2016-06-14,9.705
"8264","SEAFOOD",2016-12-16,4
"8265","SEAFOOD",2017-07-07,26.159
"8266","SEAFOOD",2015-12-15,16.597
"8267","SEAFOOD",2017-03-16,28.73
"8268","SEAFOOD",2015-09-19,49.819
"8269","SEAFOOD",2016-02-21,4
"8270","SEAFOOD",2016-08-16,1
"8271","SEAFOOD",2015-10-06,38.336
"8272","SEAFOOD",2016-04-08,12.788
"8273","SEAFOOD",2016-02-07,33.484
"8274","SEAFOOD",2017-03-11,56.014
"8275","SEAFOOD",2016-01-23,35.884
"8276","SEAFOOD",2017-01-23,10.629
"8277","SEAFOOD",2016-04-30,95.851
"8278","SEAFOOD",2016-08-22,63.154
"8279","SEAFOOD",2016-03-25,34.878002
"8280","SEAFOOD",2017-03-05,36.85
"8281","SEAFOOD",2017-03-01,34.726997
"8282","SEAFOOD",2016-08-16,63.427
"8283","SEAFOOD",2016-07-08,9.348
"8284","SEAFOOD",2015-11-21,47.472
"8285","SEAFOOD",2016-07-28,60.751
"8286","SEAFOOD",2016-10-04,117.472
"8287","SEAFOOD",2016-11-16,64.951
"8288","SEAFOOD",2016-08-29,21.67
"8289","SEAFOOD",2016-06-12,3
"8290","SEAFOOD",2017-02-18,33.966
"8291","SEAFOOD",2016-10-04,4.582
"8292","SEAFOOD",2016-03-04,22.989
"8293","SEAFOOD",2015-12-17,135.399
"8294","SEAFOOD",2016-01-12,0
"8295","SEAFOOD",2016-06-08,11.653
"8296","SEAFOOD",2016-05-30,44.097
"8297","SEAFOOD",2017-06-17,27.063
"8298","SEAFOOD",2015-10-10,8
"8299","SEAFOOD",2016-12-28,17.972
"8300","SEAFOOD",2015-09-25,52.045
"8301","SEAFOOD",2016-04-06,27.388
"8302","SEAFOOD",2017-06-19,32.975
"8303","SEAFOOD",2017-04-21,39.727
"8304","SEAFOOD",2017-02-20,18
"8305","SEAFOOD",2016-12-28,34.941
"8306","SEAFOOD",2015-09-18,155.235
"8307","SEAFOOD",2017-07-07,27.2
"8308","SEAFOOD",2016-05-08,13.11
"8309","SEAFOOD",2016-08-13,97.911
"8310","SEAFOOD",2016-03-08,0
"8311","SEAFOOD",2016-06-17,11.391
"8312","SEAFOOD",2016-06-14,2
"8313","SEAFOOD",2016-09-07,23.341
"8314","SEAFOOD",2015-11-10,10.283
"8315","SEAFOOD",2016-02-23,56.017998
"8316","SEAFOOD",2017-07-19,26.03
"8317","SEAFOOD",2016-11-28,29.535
"8318","SEAFOOD",2017-05-09,52.821
"8319","SEAFOOD",2016-07-30,73.972
"8320","SEAFOOD",2016-07-22,84.036
"8321","SEAFOOD",2016-09-27,2
"8322","SEAFOOD",2015-09-27,46.717
"8323","SEAFOOD",2017-06-01,6.516
"8324","SEAFOOD",2017-01-31,54.063
"8325","SEAFOOD",2016-11-12,63.523003
"8326","SEAFOOD",2016-01-12,59.893
"8327","SEAFOOD",2016-09-26,5.516
"8328","SEAFOOD",2015-12-22,30.758001
"8329","SEAFOOD",2016-08-19,5
"8330","SEAFOOD",2016-06-22,20.119
"8331","SEAFOOD",2017-06-13,29.818
"8332","SEAFOOD",2016-10-03,48.949
"8333","SEAFOOD",2016-03-24,17.031
"8334","SEAFOOD",2017-05-13,62.238
"8335","SEAFOOD",2017-05-17,80.307
"8336","SEAFOOD",2017-06-20,30.21
"8337","SEAFOOD",2016-02-08,28.7
"8338","SEAFOOD",2015-10-11,42.602
"8339","SEAFOOD",2017-04-11,23.061
"8340","SEAFOOD",2016-03-31,47.394
"8341","SEAFOOD",2016-10-28,48.274
"8342","SEAFOOD",2016-07-09,58.448
"8343","SEAFOOD",2017-02-17,0
"8344","SEAFOOD",2017-07-23,39.637
"8345","SEAFOOD",2016-03-14,27.103
"8346","SEAFOOD",2015-09-24,55.082
"8347","SEAFOOD",2015-12-13,17.177
"8348","SEAFOOD",2017-03-30,52.199
"8349","SEAFOOD",2015-10-28,3
"8350","SEAFOOD",2017-04-02,32.383
"8351","SEAFOOD",2017-01-13,46.437
"8352","SEAFOOD",2016-08-09,39.312
"8353","SEAFOOD",2016-06-21,11.221001
"8354","SEAFOOD",2017-01-02,14
"8355","SEAFOOD",2017-02-05,41.226
"8356","SEAFOOD",2016-12-29,15
"8357","SEAFOOD",2016-09-28,25.238
"8358","SEAFOOD",2016-05-08,29.538
"8359","SEAFOOD",2016-06-25,55.177002
"8360","SEAFOOD",2015-10-31,31.589
"8361","SEAFOOD",2017-03-19,51.46
"8362","SEAFOOD",2015-12-30,20.34
"8363","SEAFOOD",2017-05-28,15.484
"8364","SEAFOOD",2016-03-20,17.706
"8365","SEAFOOD",2016-08-28,38.634
"8366","SEAFOOD",2017-01-01,35.968
"8367","SEAFOOD",2017-04-04,0
"8368","SEAFOOD",2017-08-10,29.553
"8369","SEAFOOD",2016-03-23,41.685
"8370","SEAFOOD",2016-09-30,31
"8371","SEAFOOD",2017-01-28,15
"8372","SEAFOOD",2016-06-06,21.095001
"8373","SEAFOOD",2015-12-22,0
"8374","SEAFOOD",2017-02-27,113.75
"8375","SEAFOOD",2016-07-21,74.273
"8376","SEAFOOD",2016-10-14,34.18
"8377","SEAFOOD",2016-03-04,109.183
"8378","SEAFOOD",2016-02-24,31.649
"8379","SEAFOOD",2017-03-02,67.981
"8380","SEAFOOD",2016-09-16,3
"8381","SEAFOOD",2017-07-20,64.78
"8382","SEAFOOD",2017-07-10,83.93
"8383","SEAFOOD",2016-08-19,19.417
"8384","SEAFOOD",2016-12-11,36.295002
"8385","SEAFOOD",2016-09-22,61.375
"8386","SEAFOOD",2016-11-23,20.612
"8387","SEAFOOD",2016-03-17,3
"8388","SEAFOOD",2016-09-07,81.331
"8389","SEAFOOD",2017-02-20,17.794
"8390","SEAFOOD",2016-11-28,1
"8391","SEAFOOD",2017-06-02,37.775
"8392","SEAFOOD",2015-11-20,9.142
"8393","SEAFOOD",2016-12-13,76.76
"8394","SEAFOOD",2017-04-12,34.075
"8395","SEAFOOD",2017-06-15,14.537001
"8396","SEAFOOD",2016-07-27,37.57
"8397","SEAFOOD",2016-11-02,71.652
"8398","SEAFOOD",2016-11-11,48.378998
"8399","SEAFOOD",2016-07-16,44.284
"8400","SEAFOOD",2016-01-01,73.105
"8401","SEAFOOD",2015-12-28,44.149
"8402","SEAFOOD",2016-10-29,10
"8403","SEAFOOD",2016-10-11,29.596
"8404","SEAFOOD",2017-03-02,164.711
"8405","SEAFOOD",2016-08-04,109.713
"8406","SEAFOOD",2016-01-22,127.240005
"8407","SEAFOOD",2016-01-09,72.65
"8408","SEAFOOD",2016-09-12,31.249
"8409","SEAFOOD",2016-11-23,12.163
"8410","SEAFOOD",2017-05-05,6
"8411","SEAFOOD",2017-04-09,38.388
"8412","SEAFOOD",2016-10-04,33.707
"8413","SEAFOOD",2016-09-18,6
"8414","SEAFOOD",2016-12-12,12.860001
"8415","SEAFOOD",2016-04-29,28.544
"8416","SEAFOOD",2016-06-08,16.117
"8417","SEAFOOD",2016-07-31,67.162
"8418","SEAFOOD",2016-05-02,45.975998
"8419","SEAFOOD",2016-08-18,3
"8420","SEAFOOD",2017-01-26,40.822
"8421","SEAFOOD",2015-10-03,69.971
"8422","SEAFOOD",2016-09-16,120.589005
"8423","SEAFOOD",2015-10-09,3
"8424","SEAFOOD",2016-05-09,13.684999
"8425","SEAFOOD",2016-12-14,21.09
"8426","SEAFOOD",2017-06-23,54.495
"8427","SEAFOOD",2015-11-03,3
"8428","SEAFOOD",2017-08-12,11.378
"8429","SEAFOOD",2016-10-08,152.495
"8430","SEAFOOD",2015-09-24,68.567
"8431","SEAFOOD",2017-04-29,0
"8432","SEAFOOD",2017-03-28,13.84
"8433","SEAFOOD",2016-03-07,26.560001
"8434","SEAFOOD",2016-07-02,48.522
"8435","SEAFOOD",2016-10-17,0
"8436","SEAFOOD",2017-02-19,1
"8437","SEAFOOD",2016-09-11,10.413
"8438","SEAFOOD",2016-05-10,47.134
"8439","SEAFOOD",2017-03-11,56.825
"8440","SEAFOOD",2015-09-25,1
"8441","SEAFOOD",2016-05-23,30.374
"8442","SEAFOOD",2016-01-23,62.427002
"8443","SEAFOOD",2016-12-02,40.472
"8444","SEAFOOD",2017-02-13,27
"8445","SEAFOOD",2016-10-20,3
"8446","SEAFOOD",2017-01-01,11
"8447","SEAFOOD",2017-03-15,25.482
"8448","SEAFOOD",2017-05-13,24.862
"8449","SEAFOOD",2016-06-15,21.491001
"8450","SEAFOOD",2016-09-18,26.684
"8451","SEAFOOD",2017-01-13,17
"8452","SEAFOOD",2016-07-21,2
"8453","SEAFOOD",2017-02-11,0
"8454","SEAFOOD",2015-10-24,16.122
"8455","SEAFOOD",2017-01-07,9.748
"8456","SEAFOOD",2017-01-07,39.781
"8457","SEAFOOD",2017-02-22,19.188
"8458","SEAFOOD",2017-04-09,14.134
"8459","SEAFOOD",2016-05-30,66.978
"8460","SEAFOOD",2016-10-24,32.143
"8461","SEAFOOD",2015-11-02,134.06
"8462","SEAFOOD",2016-01-24,13
"8463","SEAFOOD",2017-02-08,28.876
"8464","SEAFOOD",2016-10-01,39.802002
"8465","SEAFOOD",2016-02-15,6.51
"8466","SEAFOOD",2016-12-01,0
"8467","SEAFOOD",2016-09-26,13.471
"8468","SEAFOOD",2015-12-18,17.374
"8469","SEAFOOD",2016-10-05,37.801
"8470","SEAFOOD",2017-06-23,9.851
"8471","SEAFOOD",2017-04-03,14.35
"8472","SEAFOOD",2015-09-23,32.098
"8473","SEAFOOD",2016-08-04,98.12
"8474","SEAFOOD",2016-07-06,15.741
"8475","SEAFOOD",2016-07-21,40.966
"8476","SEAFOOD",2016-11-04,17.214
"8477","SEAFOOD",2016-04-23,170.608
"8478","SEAFOOD",2016-03-26,60.161
"8479","SEAFOOD",2015-09-16,13.786
"8480","SEAFOOD",2017-07-18,26.513
"8481","SEAFOOD",2015-12-22,12.554
"8482","SEAFOOD",2016-01-30,20.15
"8483","SEAFOOD",2016-12-14,24.963
"8484","SEAFOOD",2017-07-23,16.06
"8485","SEAFOOD",2017-07-28,92.482
"8486","SEAFOOD",2015-12-02,22.43
"8487","SEAFOOD",2017-05-25,169.368
"8488","SEAFOOD",2017-07-16,27.098999
"8489","SEAFOOD",2017-08-14,9.669
"8490","SEAFOOD",2016-09-01,99.068
"8491","SEAFOOD",2016-05-15,32.473
"8492","SEAFOOD",2016-12-14,27.669
"8493","SEAFOOD",2016-09-06,118.351
"8494","SEAFOOD",2016-04-17,24.07
"8495","SEAFOOD",2016-05-11,33.151
"8496","SEAFOOD",2016-01-12,33.751
"8497","SEAFOOD",2016-01-16,64.594
"8498","SEAFOOD",2017-07-04,40.539
"8499","SEAFOOD",2017-06-16,31.906
"8500","SEAFOOD",2017-06-20,36.058
"8501","SEAFOOD",2015-10-02,5
"8502","SEAFOOD",2016-01-16,4
"8503","SEAFOOD",2015-12-07,89.158005
"8504","SEAFOOD",2015-11-28,57.202
"8505","SEAFOOD",2016-11-30,23.498001
"8506","SEAFOOD",2016-09-25,24.472
"8507","SEAFOOD",2016-01-17,31.376999
"8508","SEAFOOD",2016-02-06,14.208
"8509","SEAFOOD",2015-11-22,17.077
"8510","SEAFOOD",2017-07-02,65.819
"8511","SEAFOOD",2017-01-13,137.067
"8512","SEAFOOD",2016-12-23,1
"8513","SEAFOOD",2016-05-26,8
"8514","SEAFOOD",2017-08-02,9.515
"8515","SEAFOOD",2017-03-01,46.207
"8516","SEAFOOD",2016-10-29,30.8
"8517","SEAFOOD",2017-03-04,0
"8518","SEAFOOD",2017-06-28,15.658
"8519","SEAFOOD",2016-05-15,11
"8520","SEAFOOD",2016-01-29,51.142998
"8521","SEAFOOD",2016-08-15,26.316
"8522","SEAFOOD",2017-06-13,0
"8523","SEAFOOD",2017-04-26,0
"8524","SEAFOOD",2017-05-03,82.247
"8525","SEAFOOD",2017-01-23,17.691
"8526","SEAFOOD",2015-12-10,0
"8527","SEAFOOD",2017-05-12,32.873
"8528","SEAFOOD",2016-12-04,26
"8529","SEAFOOD",2016-02-15,50.036
"8530","SEAFOOD",2016-02-16,40.962
"8531","SEAFOOD",2016-06-03,14.731
"8532","SEAFOOD",2016-04-02,172.831
"8533","SEAFOOD",2015-11-06,46.688
"8534","SEAFOOD",2016-10-13,170.757
"8535","SEAFOOD",2016-07-14,75.798
"8536","SEAFOOD",2015-11-22,5
"8537","SEAFOOD",2016-12-06,0
"8538","SEAFOOD",2016-05-02,15.732
"8539","SEAFOOD",2017-08-08,21.437
"8540","SEAFOOD",2015-11-30,14.235001
"8541","SEAFOOD",2016-11-26,12.4279995
"8542","SEAFOOD",2016-10-29,17.571001
"8543","SEAFOOD",2015-10-24,40.221
"8544","SEAFOOD",2016-01-15,139.623
"8545","SEAFOOD",2015-12-12,8.542
"8546","SEAFOOD",2015-11-17,18.482
"8547","SEAFOOD",2015-12-06,87.986
"8548","SEAFOOD",2016-01-28,33.886
"8549","SEAFOOD",2016-08-26,32.929
"8550","SEAFOOD",2017-01-02,46.526
"8551","SEAFOOD",2017-06-07,12.847
"8552","SEAFOOD",2016-12-27,33.088
"8553","SEAFOOD",2017-02-07,39.982002
"8554","SEAFOOD",2017-06-02,21.622
"8555","SEAFOOD",2015-09-23,10
"8556","SEAFOOD",2016-11-03,26.687
"8557","SEAFOOD",2017-07-16,51.277
"8558","SEAFOOD",2017-06-07,23.365
"8559","SEAFOOD",2017-08-13,14.129
"8560","SEAFOOD",2016-05-15,23.864
"8561","SEAFOOD",2017-03-06,2
"8562","SEAFOOD",2017-01-17,31.244
"8563","SEAFOOD",2016-03-23,4
"8564","SEAFOOD",2017-03-04,10.734
"8565","SEAFOOD",2016-07-06,76.249
"8566","SEAFOOD",2016-11-08,21.666
"8567","SEAFOOD",2017-04-29,21.522
"8568","SEAFOOD",2016-01-15,66.885
"8569","SEAFOOD",2016-10-22,6
"8570","SEAFOOD",2015-09-28,16.868
"8571","SEAFOOD",2016-01-28,34.194
"8572","SEAFOOD",2017-04-30,4
"8573","SEAFOOD",2016-04-03,54.344
"8574","SEAFOOD",2017-04-07,54.238
"8575","SEAFOOD",2016-01-27,6.691
"8576","SEAFOOD",2016-04-11,24.005001
"8577","SEAFOOD",2015-11-05,43.452
"8578","SEAFOOD",2016-03-14,21.11
"8579","SEAFOOD",2017-01-22,75.897
"8580","SEAFOOD",2016-06-03,32.486
"8581","SEAFOOD",2016-05-04,32.968998
"8582","SEAFOOD",2015-11-23,31.214
"8583","SEAFOOD",2016-12-25,23.616
"8584","SEAFOOD",2016-09-21,1
"8585","SEAFOOD",2015-10-28,31.814999
"8586","SEAFOOD",2017-07-06,66.97
"8587","SEAFOOD",2015-09-22,0
"8588","SEAFOOD",2015-11-18,19.098999
"8589","SEAFOOD",2016-10-17,44.791
"8590","SEAFOOD",2017-03-26,7
"8591","SEAFOOD",2017-05-04,2
"8592","SEAFOOD",2017-03-25,141.371
"8593","SEAFOOD",2016-12-03,140.418
"8594","SEAFOOD",2016-02-01,51.086
"8595","SEAFOOD",2016-09-02,48.874
"8596","SEAFOOD",2016-08-02,31.898
"8597","SEAFOOD",2016-05-23,11.996
"8598","SEAFOOD",2016-08-11,26.813
"8599","SEAFOOD",2016-04-26,26.682999
"8600","SEAFOOD",2017-07-29,47.38
"8601","SEAFOOD",2017-01-05,9
"8602","SEAFOOD",2015-10-17,21.211
"8603","SEAFOOD",2017-05-26,40.29
"8604","SEAFOOD",2017-01-17,0
"8605","SEAFOOD",2016-01-08,73.944
"8606","SEAFOOD",2016-10-30,41.287
"8607","SEAFOOD",2016-10-21,4.637
"8608","SEAFOOD",2016-01-21,12
"8609","SEAFOOD",2017-01-01,12.728
"8610","SEAFOOD",2017-04-15,59.617
"8611","SEAFOOD",2015-10-28,20.381
"8612","SEAFOOD",2016-09-17,65.728
"8613","SEAFOOD",2016-03-08,36.625
"8614","SEAFOOD",2016-03-12,47.394
"8615","SEAFOOD",2017-08-06,32.321
"8616","SEAFOOD",2016-09-30,43.828
"8617","SEAFOOD",2016-08-18,142.615
"8618","SEAFOOD",2016-06-09,19.044
"8619","SEAFOOD",2016-01-19,17.27
"8620","SEAFOOD",2016-08-29,24.301
"8621","SEAFOOD",2016-05-05,44.614
"8622","SEAFOOD",2016-02-05,18.703
"8623","SEAFOOD",2016-11-02,24.342001
"8624","SEAFOOD",2016-07-31,4
"8625","SEAFOOD",2016-12-27,3
"8626","SEAFOOD",2016-10-31,21.569
"8627","SEAFOOD",2016-02-12,48.23
"8628","SEAFOOD",2015-11-02,29.206001
"8629","SEAFOOD",2017-05-14,43.373
"8630","SEAFOOD",2016-05-05,2
"8631","SEAFOOD",2017-04-04,11.823999
"8632","SEAFOOD",2016-07-07,53.033
"8633","SEAFOOD",2015-11-20,5
"8634","SEAFOOD",2016-04-28,42.744
"8635","SEAFOOD",2016-07-13,47.349
"8636","SEAFOOD",2016-02-08,1
"8637","SEAFOOD",2016-01-21,42.526
"8638","SEAFOOD",2017-07-31,19.316
"8639","SEAFOOD",2016-07-01,132.184
"8640","SEAFOOD",2016-03-01,14.454
"8641","SEAFOOD",2016-10-27,34.267
"8642","SEAFOOD",2015-10-04,7
"8643","SEAFOOD",2015-12-22,42.528
"8644","SEAFOOD",2017-07-06,9.63
"8645","SEAFOOD",2016-02-28,31.438
"8646","SEAFOOD",2017-03-18,66.257
"8647","SEAFOOD",2015-11-05,50.355
"8648","SEAFOOD",2016-10-26,40.365997
"8649","SEAFOOD",2016-11-11,67.467
"8650","SEAFOOD",2016-04-13,68.218
"8651","SEAFOOD",2016-08-25,46.176003
"8652","SEAFOOD",2016-12-27,52.227
"8653","SEAFOOD",2016-12-12,24.363
"8654","SEAFOOD",2015-12-28,25.837
"8655","SEAFOOD",2016-07-25,28.664999
"8656","SEAFOOD",2016-09-29,69.712
"8657","SEAFOOD",2017-03-04,53.491
"8658","SEAFOOD",2016-03-25,41.433
"8659","SEAFOOD",2016-04-08,68.649
"8660","SEAFOOD",2016-08-04,165.782
"8661","SEAFOOD",2016-09-30,8.312
"8662","SEAFOOD",2016-04-28,78.729004
"8663","SEAFOOD",2016-01-20,49.341
"8664","SEAFOOD",2016-03-11,65.982
"8665","SEAFOOD",2017-03-06,12.128
"8666","SEAFOOD",2017-04-11,30.756
"8667","SEAFOOD",2015-10-27,13.761
"8668","SEAFOOD",2015-11-27,75.118
"8669","SEAFOOD",2017-01-04,10
"8670","SEAFOOD",2017-01-05,42.228
"8671","SEAFOOD",2017-07-03,93.994
"8672","SEAFOOD",2016-01-13,11.734
"8673","SEAFOOD",2016-04-13,29.123001
"8674","SEAFOOD",2017-04-22,8.357
"8675","SEAFOOD",2016-05-26,75.894
"8676","SEAFOOD",2015-12-02,6.154
"8677","SEAFOOD",2015-10-28,57.078
"8678","SEAFOOD",2017-08-05,13.866
"8679","SEAFOOD",2017-07-25,29.478
"8680","SEAFOOD",2015-09-20,46.277
"8681","SEAFOOD",2016-03-03,47.999
"8682","SEAFOOD",2015-12-04,135.226
"8683","SEAFOOD",2016-06-11,12.926
"8684","SEAFOOD",2015-11-05,18.35
"8685","SEAFOOD",2016-03-16,99.398
"8686","SEAFOOD",2016-07-20,38.976997
"8687","SEAFOOD",2016-10-24,42.876
"8688","SEAFOOD",2016-08-04,0
"8689","SEAFOOD",2015-10-17,14.936
"8690","SEAFOOD",2017-05-29,52.563
"8691","SEAFOOD",2016-11-17,130.403
"8692","SEAFOOD",2017-04-28,26.573
"8693","SEAFOOD",2015-10-18,15.069
"8694","SEAFOOD",2016-07-26,46.295
"8695","SEAFOOD",2016-01-01,35.494
"8696","SEAFOOD",2016-07-14,12.418
"8697","SEAFOOD",2016-04-27,2.85
"8698","SEAFOOD",2015-11-17,2
"8699","SEAFOOD",2016-05-05,17.069
"8700","SEAFOOD",2017-03-24,30.303999
"8701","SEAFOOD",2017-04-12,28.34
"8702","SEAFOOD",2017-03-25,23
"8703","SEAFOOD",2015-09-18,48.334
"8704","SEAFOOD",2017-07-15,2
"8705","SEAFOOD",2016-03-21,26.585
"8706","SEAFOOD",2017-08-08,9.355
"8707","SEAFOOD",2017-01-29,0
"8708","SEAFOOD",2017-04-15,6.15
"8709","SEAFOOD",2017-02-10,0
"8710","SEAFOOD",2017-02-22,35.295
"8711","SEAFOOD",2017-08-13,1
"8712","SEAFOOD",2016-11-16,1
"8713","SEAFOOD",2016-09-24,5
"8714","SEAFOOD",2015-09-22,57
"8715","SEAFOOD",2016-10-27,153.359
"8716","SEAFOOD",2017-04-28,97.108
"8717","SEAFOOD",2015-11-14,7
"8718","SEAFOOD",2016-10-22,151.989
"8719","SEAFOOD",2017-02-28,1
"8720","SEAFOOD",2017-03-08,27.277
"8721","SEAFOOD",2017-03-07,48.344
"8722","SEAFOOD",2016-05-12,111.713
"8723","SEAFOOD",2016-06-09,0
"8724","SEAFOOD",2017-05-09,68.889
"8725","SEAFOOD",2017-06-26,1
"8726","SEAFOOD",2016-10-11,37.356
"8727","SEAFOOD",2016-02-29,11.2
"8728","SEAFOOD",2017-03-30,68.885
"8729","SEAFOOD",2015-11-06,27.631
"8730","SEAFOOD",2016-02-14,27.004
"8731","SEAFOOD",2016-12-09,8.348
"8732","SEAFOOD",2017-05-30,15.118
"8733","SEAFOOD",2016-06-14,59.586998
"8734","SEAFOOD",2016-11-11,55.487
"8735","SEAFOOD",2015-12-12,26.522999
"8736","SEAFOOD",2017-02-04,16
"8737","SEAFOOD",2016-01-03,37.131
"8738","SEAFOOD",2015-10-15,9.222
"8739","SEAFOOD",2016-10-09,89.334
"8740","SEAFOOD",2016-03-10,116.503
"8741","SEAFOOD",2016-04-08,48.13
"8742","SEAFOOD",2016-02-20,15.845
"8743","SEAFOOD",2017-01-29,15.851
"8744","SEAFOOD",2016-02-23,29.251
"8745","SEAFOOD",2016-03-22,32.568
"8746","SEAFOOD",2016-01-29,27.743
"8747","SEAFOOD",2016-06-06,24.541
"8748","SEAFOOD",2017-01-04,17
"8749","SEAFOOD",2017-03-24,28.752
"8750","SEAFOOD",2016-10-12,21.854
"8751","SEAFOOD",2017-06-25,6.205
"8752","SEAFOOD",2016-11-28,81.652
"8753","SEAFOOD",2016-12-16,50.485
"8754","SEAFOOD",2017-05-28,70.264
"8755","SEAFOOD",2016-01-27,4
"8756","SEAFOOD",2016-11-15,13
"8757","SEAFOOD",2016-02-26,23.314
"8758","SEAFOOD",2015-11-16,25.744
"8759","SEAFOOD",2016-08-20,55.424
"8760","SEAFOOD",2015-12-15,49.4
"8761","SEAFOOD",2016-04-07,29.962
"8762","SEAFOOD",2015-11-11,30.597
"8763","SEAFOOD",2016-04-30,42.575
"8764","SEAFOOD",2017-06-22,9.918
"8765","SEAFOOD",2017-05-11,11.418
"8766","SEAFOOD",2017-07-22,8.826
"8767","SEAFOOD",2017-04-26,15.307
"8768","SEAFOOD",2017-07-15,18.334
"8769","SEAFOOD",2016-07-11,46.332
"8770","SEAFOOD",2016-07-21,15.312
"8771","SEAFOOD",2016-05-17,74.9
"8772","SEAFOOD",2015-10-08,11
"8773","SEAFOOD",2016-10-22,56.427002
"8774","SEAFOOD",2017-01-12,61.658
"8775","SEAFOOD",2017-04-23,11.913
"8776","SEAFOOD",2016-06-29,64.951004
"8777","SEAFOOD",2016-01-02,78.916
"8778","SEAFOOD",2017-07-27,1
"8779","SEAFOOD",2016-12-01,143.38
"8780","SEAFOOD",2015-10-17,178.261
"8781","SEAFOOD",2016-09-20,30.855
"8782","SEAFOOD",2015-10-29,74.769
"8783","SEAFOOD",2016-05-18,22.098
"8784","SEAFOOD",2016-09-25,6
"8785","SEAFOOD",2016-03-16,19.638
"8786","SEAFOOD",2016-01-24,92.895
"8787","SEAFOOD",2016-06-14,42.276
"8788","SEAFOOD",2016-09-21,29.243
"8789","SEAFOOD",2017-06-13,11.034
"8790","SEAFOOD",2016-03-27,8.384
"8791","SEAFOOD",2017-07-16,31.354
"8792","SEAFOOD",2016-11-29,50.493
"8793","SEAFOOD",2016-12-22,43.711998
"8794","SEAFOOD",2016-01-09,141.592
"8795","SEAFOOD",2017-08-02,33.486
"8796","SEAFOOD",2016-06-01,46.322
"8797","SEAFOOD",2017-07-15,12.314
"8798","SEAFOOD",2016-06-18,39.515
"8799","SEAFOOD",2015-10-23,134.096
"8800","SEAFOOD",2016-04-02,52.138
"8801","SEAFOOD",2017-03-11,28
"8802","SEAFOOD",2016-11-21,14.645
"8803","SEAFOOD",2017-01-15,64.19
"8804","SEAFOOD",2017-01-16,25.723
"8805","SEAFOOD",2017-04-22,58.828
"8806","SEAFOOD",2016-11-02,31.7
"8807","SEAFOOD",2015-12-27,18.966
"8808","SEAFOOD",2017-02-08,32.335
"8809","SEAFOOD",2016-03-28,55.135998
"8810","SEAFOOD",2016-05-07,42.864002
"8811","SEAFOOD",2016-12-04,18.48
"8812","SEAFOOD",2017-02-20,36.723
"8813","SEAFOOD",2016-06-28,37.057
"8814","SEAFOOD",2015-11-07,15.741
"8815","SEAFOOD",2015-09-17,29.845001
"8816","SEAFOOD",2016-05-21,41.583
"8817","SEAFOOD",2016-07-07,12.218
"8818","SEAFOOD",2016-07-07,126.833
"8819","SEAFOOD",2016-02-24,38.688
"8820","SEAFOOD",2016-09-09,75.660995
"8821","SEAFOOD",2016-05-31,52.741
"8822","SEAFOOD",2015-10-15,161.327
"8823","SEAFOOD",2015-11-06,29.188
"8824","SEAFOOD",2016-12-17,104.601
"8825","SEAFOOD",2015-12-13,25.177
"8826","SEAFOOD",2016-03-31,91.718
"8827","SEAFOOD",2016-05-30,33.376
"8828","SEAFOOD",2017-05-14,48.275
"8829","SEAFOOD",2016-05-21,71.784
"8830","SEAFOOD",2016-04-29,11.986
"8831","SEAFOOD",2016-04-10,16.732
"8832","SEAFOOD",2017-07-06,54.803
"8833","SEAFOOD",2016-02-05,26.916
"8834","SEAFOOD",2016-12-21,41.913002
"8835","SEAFOOD",2016-06-17,60.424
"8836","SEAFOOD",2015-12-03,31.774
"8837","SEAFOOD",2015-10-29,120.353
"8838","SEAFOOD",2016-02-14,44.001
"8839","SEAFOOD",2016-07-13,7
"8840","SEAFOOD",2017-06-26,46.697
"8841","SEAFOOD",2017-04-19,34.415
"8842","SEAFOOD",2016-03-28,19.021
"8843","SEAFOOD",2016-10-29,5.193
"8844","SEAFOOD",2015-10-25,50.434002
"8845","SEAFOOD",2016-11-06,91.315
"8846","SEAFOOD",2016-09-23,4
"8847","SEAFOOD",2016-09-15,93.917
"8848","SEAFOOD",2017-03-21,43.231
"8849","SEAFOOD",2016-01-11,31.132
"8850","SEAFOOD",2016-01-05,45.365
"8851","SEAFOOD",2016-01-07,42.447998
"8852","SEAFOOD",2016-04-25,65.015
"8853","SEAFOOD",2016-04-15,19.662
"8854","SEAFOOD",2015-10-03,20.498001
"8855","SEAFOOD",2016-02-11,59.986
"8856","SEAFOOD",2017-05-19,1
"8857","SEAFOOD",2016-07-10,32.378998
"8858","SEAFOOD",2017-03-07,12.586
"8859","SEAFOOD",2017-04-17,38.453
"8860","SEAFOOD",2016-06-11,53.25
"8861","SEAFOOD",2017-03-27,50.073
"8862","SEAFOOD",2017-04-16,45.058
"8863","SEAFOOD",2015-11-25,45.627
"8864","SEAFOOD",2017-01-16,0
"8865","SEAFOOD",2015-10-26,26.114
"8866","SEAFOOD",2017-01-26,15
"8867","SEAFOOD",2016-12-14,53.667
"8868","SEAFOOD",2017-03-07,117.44
"8869","SEAFOOD",2017-06-04,58.295
"8870","SEAFOOD",2016-04-24,83.705
"8871","SEAFOOD",2017-01-07,9
"8872","SEAFOOD",2015-11-15,40.714
"8873","SEAFOOD",2016-09-17,12.328
"8874","SEAFOOD",2016-07-16,13.134
"8875","SEAFOOD",2017-02-24,0
"8876","SEAFOOD",2017-03-31,75.026
"8877","SEAFOOD",2016-05-31,23.389
"8878","SEAFOOD",2016-09-05,33.907
"8879","SEAFOOD",2016-01-02,9.193
"8880","SEAFOOD",2017-02-14,26.794
"8881","SEAFOOD",2017-03-11,8
"8882","SEAFOOD",2016-03-06,9.267
"8883","SEAFOOD",2016-07-24,90.576996
"8884","SEAFOOD",2016-11-27,6.674
"8885","SEAFOOD",2016-07-23,2
"8886","SEAFOOD",2016-08-26,44.334
"8887","SEAFOOD",2016-07-14,29.437
"8888","SEAFOOD",2016-11-17,74.255
"8889","SEAFOOD",2017-07-16,24.08
"8890","SEAFOOD",2016-01-21,67.624
"8891","SEAFOOD",2015-09-17,41.829998
"8892","SEAFOOD",2016-02-09,39.377
"8893","SEAFOOD",2016-08-13,2
"8894","SEAFOOD",2016-11-30,12
"8895","SEAFOOD",2017-06-24,0
"8896","SEAFOOD",2016-03-17,139.122
"8897","SEAFOOD",2017-08-07,15.6779995
"8898","SEAFOOD",2017-08-14,16
"8899","SEAFOOD",2016-10-26,16.997
"8900","SEAFOOD",2015-10-02,65.528
"8901","SEAFOOD",2016-01-28,34.976
"8902","SEAFOOD",2016-09-17,57.519
"8903","SEAFOOD",2016-05-16,46.198
"8904","SEAFOOD",2017-01-16,48.072998
"8905","SEAFOOD",2016-11-18,81.887
"8906","SEAFOOD",2016-07-18,59.762
"8907","SEAFOOD",2017-02-17,38.641
"8908","SEAFOOD",2016-06-04,37.288002
"8909","SEAFOOD",2017-04-28,29.929
"8910","SEAFOOD",2017-03-29,48.418
"8911","SEAFOOD",2016-09-17,32.842
"8912","SEAFOOD",2016-09-30,48.683
"8913","SEAFOOD",2015-10-04,41.6
"8914","SEAFOOD",2015-11-13,9
"8915","SEAFOOD",2015-11-11,50.963
"8916","SEAFOOD",2017-04-05,23.941
"8917","SEAFOOD",2016-02-26,55.747
"8918","SEAFOOD",2016-07-10,5.577
"8919","SEAFOOD",2016-11-15,61.495003
"8920","SEAFOOD",2017-07-28,30.902
"8921","SEAFOOD",2015-11-09,46.704
"8922","SEAFOOD",2016-10-03,109.095
"8923","SEAFOOD",2017-03-12,17
"8924","SEAFOOD",2017-06-10,43.762
"8925","SEAFOOD",2016-03-08,49.345
"8926","SEAFOOD",2016-08-15,54.599
"8927","SEAFOOD",2016-03-30,16.9
"8928","SEAFOOD",2016-09-28,50.913
"8929","SEAFOOD",2016-02-22,12.068
"8930","SEAFOOD",2016-02-12,35.3
"8931","SEAFOOD",2015-10-12,76.594
"8932","SEAFOOD",2016-02-09,0
"8933","SEAFOOD",2016-06-14,33.344
"8934","SEAFOOD",2016-12-30,18.34
"8935","SEAFOOD",2017-05-21,88.617004
"8936","SEAFOOD",2016-10-13,15.904
"8937","SEAFOOD",2016-02-09,19.174
"8938","SEAFOOD",2017-01-05,13
"8939","SEAFOOD",2015-11-15,28.837
"8940","SEAFOOD",2016-07-27,21.918999
"8941","SEAFOOD",2017-07-23,33.989
"8942","SEAFOOD",2016-05-28,29.793
"8943","SEAFOOD",2016-11-30,29.286
"8944","SEAFOOD",2016-04-15,27.638
"8945","SEAFOOD",2017-06-02,49.584
"8946","SEAFOOD",2017-05-19,41.711998
"8947","SEAFOOD",2016-07-26,40.759
"8948","SEAFOOD",2015-10-13,56.179
"8949","SEAFOOD",2017-05-21,36.238
"8950","SEAFOOD",2017-04-13,126.463
"8951","SEAFOOD",2016-10-15,15.972
"8952","SEAFOOD",2017-05-20,67.516
"8953","SEAFOOD",2017-08-03,0
"8954","SEAFOOD",2016-10-03,38.131
"8955","SEAFOOD",2016-07-24,44.447998
"8956","SEAFOOD",2016-11-13,80.217
"8957","SEAFOOD",2016-12-11,6.863
"8958","SEAFOOD",2016-01-19,39.847
"8959","SEAFOOD",2017-07-30,5
"8960","SEAFOOD",2017-01-25,49.916
"8961","SEAFOOD",2017-08-06,0
"8962","SEAFOOD",2016-10-21,43.158
"8963","SEAFOOD",2017-05-03,18.426
"8964","SEAFOOD",2017-06-17,44.05
"8965","SEAFOOD",2016-10-21,32.864998
"8966","SEAFOOD",2017-07-05,22.438
"8967","SEAFOOD",2017-04-20,18.628
"8968","SEAFOOD",2016-09-21,27.695
"8969","SEAFOOD",2015-10-11,3
"8970","SEAFOOD",2017-03-29,20.019001
"8971","SEAFOOD",2017-05-11,69.988
"8972","SEAFOOD",2017-05-09,1
"8973","SEAFOOD",2015-10-03,62.753998
"8974","SEAFOOD",2016-09-11,12.49
"8975","SEAFOOD",2017-03-23,1
"8976","SEAFOOD",2017-02-18,7.748
"8977","SEAFOOD",2017-04-13,62.937
"8978","SEAFOOD",2017-03-14,1
"8979","SEAFOOD",2016-01-07,61.169
"8980","SEAFOOD",2016-05-22,42.885002
"8981","SEAFOOD",2017-08-11,20.15
"8982","SEAFOOD",2017-03-17,40.805
"8983","SEAFOOD",2016-03-27,76.861
"8984","SEAFOOD",2017-08-11,42.545002
"8985","SEAFOOD",2016-10-26,24.692
"8986","SEAFOOD",2015-09-22,8.219999
"8987","SEAFOOD",2017-05-18,9.238
"8988","SEAFOOD",2016-08-23,3
"8989","SEAFOOD",2016-01-14,10.643
"8990","SEAFOOD",2016-12-17,18.882
"8991","SEAFOOD",2016-02-14,42.782
"8992","SEAFOOD",2016-12-09,29.593
"8993","SEAFOOD",2015-10-09,68.865
"8994","SEAFOOD",2016-09-19,49.031998
"8995","SEAFOOD",2016-11-23,11.788
"8996","SEAFOOD",2017-01-12,10.905
"8997","SEAFOOD",2017-02-03,35
"8998","SEAFOOD",2016-06-23,50.045998
"8999","SEAFOOD",2017-02-13,24.127
"9000","SEAFOOD",2017-08-10,25.675001
"9001","SEAFOOD",2017-04-01,24.407999
"9002","SEAFOOD",2017-05-24,18.622
"9003","SEAFOOD",2017-05-01,0
"9004","SEAFOOD",2015-10-19,87.179
"9005","SEAFOOD",2016-11-12,25.441
"9006","SEAFOOD",2016-02-03,44.322998
"9007","SEAFOOD",2016-05-04,19.365
"9008","SEAFOOD",2017-06-23,31.667
"9009","SEAFOOD",2016-10-30,59.488003
"9010","SEAFOOD",2016-06-08,27.102001
"9011","SEAFOOD",2016-12-30,19.633999
"9012","SEAFOOD",2017-04-21,31.71
"9013","SEAFOOD",2017-01-16,95.87
"9014","SEAFOOD",2017-03-06,23.352
"9015","SEAFOOD",2015-12-26,0
"9016","SEAFOOD",2015-10-08,79.852
"9017","SEAFOOD",2017-01-04,33.007
"9018","SEAFOOD",2016-08-18,49.298
"9019","SEAFOOD",2016-10-13,80.473
"9020","SEAFOOD",2017-03-18,3
"9021","SEAFOOD",2015-10-08,161.562
"9022","SEAFOOD",2015-10-22,14.639
"9023","SEAFOOD",2017-06-04,26.918
"9024","SEAFOOD",2017-06-30,13.472
"9025","SEAFOOD",2017-02-04,71.394
"9026","SEAFOOD",2016-02-07,6
"9027","SEAFOOD",2017-06-16,42.815
"9028","SEAFOOD",2016-03-28,56.816
"9029","SEAFOOD",2017-04-15,18.463
"9030","SEAFOOD",2016-05-09,57.614998
"9031","SEAFOOD",2016-03-11,30.906
"9032","SEAFOOD",2015-11-24,9.643
"9033","SEAFOOD",2016-07-22,36.529
"9034","SEAFOOD",2016-08-17,27.108
"9035","SEAFOOD",2016-06-10,37.73
"9036","SEAFOOD",2017-01-15,0
"9037","SEAFOOD",2016-01-25,45.253
"9038","SEAFOOD",2016-12-09,39.932
"9039","SEAFOOD",2016-09-24,54.298
"9040","SEAFOOD",2015-09-30,43.833
"9041","SEAFOOD",2016-10-19,38.17
"9042","SEAFOOD",2016-10-06,48.487
"9043","SEAFOOD",2015-12-01,20.491
"9044","SEAFOOD",2015-10-30,42.361
"9045","SEAFOOD",2017-01-22,24.130001
"9046","SEAFOOD",2016-12-17,44.27
"9047","SEAFOOD",2016-08-12,37.832
"9048","SEAFOOD",2016-08-30,56.194
"9049","SEAFOOD",2016-12-05,6
"9050","SEAFOOD",2017-06-25,30.159
"9051","SEAFOOD",2016-12-19,22.671
"9052","SEAFOOD",2017-02-05,92.176
"9053","SEAFOOD",2017-03-28,112.625
"9054","SEAFOOD",2017-01-30,64.006
"9055","SEAFOOD",2017-03-09,3
"9056","SEAFOOD",2016-12-09,43.611
"9057","SEAFOOD",2015-11-21,83.686
"9058","SEAFOOD",2016-08-02,7.104
"9059","SEAFOOD",2017-06-03,62.137
"9060","SEAFOOD",2016-06-22,42.224
"9061","SEAFOOD",2016-02-16,9.38
"9062","SEAFOOD",2016-04-10,16.58
"9063","SEAFOOD",2017-03-02,59.107002
"9064","SEAFOOD",2016-03-31,155.168
"9065","SEAFOOD",2015-09-25,29.712
"9066","SEAFOOD",2017-08-03,65.166
"9067","SEAFOOD",2016-07-04,50.974
"9068","SEAFOOD",2016-11-19,44.789
"9069","SEAFOOD",2017-02-12,31.258
"9070","SEAFOOD",2017-01-17,8.804
"9071","SEAFOOD",2016-01-31,91.442
"9072","SEAFOOD",2016-12-25,8.707
"9073","SEAFOOD",2016-01-27,46.941
"9074","SEAFOOD",2016-01-24,46.846
"9075","SEAFOOD",2016-05-29,31.964
"9076","SEAFOOD",2016-01-11,15.326
"9077","SEAFOOD",2016-09-10,4
"9078","SEAFOOD",2016-06-24,2
"9079","SEAFOOD",2015-10-22,2
"9080","SEAFOOD",2015-12-02,33.473
"9081","SEAFOOD",2016-10-19,17
"9082","SEAFOOD",2017-07-04,59.92
"9083","SEAFOOD",2016-07-15,32.208
"9084","SEAFOOD",2016-04-05,105.517
"9085","SEAFOOD",2016-04-12,79.09
"9086","SEAFOOD",2017-01-26,48.406998
"9087","SEAFOOD",2016-11-28,26.772
"9088","SEAFOOD",2016-04-25,31.021
"9089","SEAFOOD",2015-10-14,84.86
"9090","SEAFOOD",2016-06-20,29.904
"9091","SEAFOOD",2017-07-11,13.575
"9092","SEAFOOD",2015-10-29,88.719
"9093","SEAFOOD",2016-07-07,71.536
"9094","SEAFOOD",2016-05-07,7
"9095","SEAFOOD",2016-04-08,44.118
"9096","SEAFOOD",2017-07-24,20.752
"9097","SEAFOOD",2016-08-09,98.335
"9098","SEAFOOD",2016-03-11,153.387
"9099","SEAFOOD",2016-02-19,3
"9100","SEAFOOD",2016-01-29,119.134
"9101","SEAFOOD",2016-01-24,39.988
"9102","SEAFOOD",2017-01-12,62.822998
"9103","SEAFOOD",2017-07-12,33.093
"9104","SEAFOOD",2016-10-06,55.829
"9105","SEAFOOD",2017-01-06,41.505
"9106","SEAFOOD",2015-10-24,121.957
"9107","SEAFOOD",2016-08-25,69.112
"9108","SEAFOOD",2017-04-15,102.181
"9109","SEAFOOD",2016-07-12,26.068
"9110","SEAFOOD",2016-03-12,51.122
"9111","SEAFOOD",2016-04-21,76.434
"9112","SEAFOOD",2017-05-04,40.361
"9113","SEAFOOD",2017-07-12,17.713
"9114","SEAFOOD",2017-02-15,3
"9115","SEAFOOD",2016-07-30,43.981
"9116","SEAFOOD",2016-06-29,19.57
"9117","SEAFOOD",2015-09-27,26.067001
"9118","SEAFOOD",2016-10-09,4
"9119","SEAFOOD",2016-10-31,24.564
"9120","SEAFOOD",2017-06-12,17.077
"9121","SEAFOOD",2017-08-10,94.312996
"9122","SEAFOOD",2016-12-02,26
"9123","SEAFOOD",2016-04-25,35.164
"9124","SEAFOOD",2016-08-29,80.304
"9125","SEAFOOD",2016-04-28,7.252
"9126","SEAFOOD",2017-05-14,20.356
"9127","SEAFOOD",2015-12-25,16.965
"9128","SEAFOOD",2016-01-03,39.863
"9129","SEAFOOD",2015-11-11,22.74
"9130","SEAFOOD",2016-01-12,30.335
"9131","SEAFOOD",2015-12-05,153.819
"9132","SEAFOOD",2015-10-20,39.032
"9133","SEAFOOD",2017-07-05,16.754
"9134","SEAFOOD",2016-05-19,13.823
"9135","SEAFOOD",2017-04-20,42.085
"9136","SEAFOOD",2016-06-24,54.906
"9137","SEAFOOD",2016-12-08,161.84
"9138","SEAFOOD",2015-09-19,5
"9139","SEAFOOD",2016-09-01,4
"9140","SEAFOOD",2016-12-17,5
"9141","SEAFOOD",2016-01-08,57.585
"9142","SEAFOOD",2017-02-05,18.201
"9143","SEAFOOD",2016-05-09,41.359
"9144","SEAFOOD",2017-06-08,3.8439999
"9145","SEAFOOD",2015-09-19,70.856
"9146","SEAFOOD",2017-03-12,41.265
"9147","SEAFOOD",2015-12-28,14.05
"9148","SEAFOOD",2016-10-08,59.692
"9149","SEAFOOD",2017-07-14,35.845
"9150","SEAFOOD",2016-06-27,23.175999
"9151","SEAFOOD",2017-02-27,43.397
"9152","SEAFOOD",2016-03-15,35.438
"9153","SEAFOOD",2016-07-18,94.227
"9154","SEAFOOD",2017-01-02,30.082
"9155","SEAFOOD",2016-01-11,5.954
"9156","SEAFOOD",2017-05-09,12.103001
"9157","SEAFOOD",2017-08-04,47.973
"9158","SEAFOOD",2015-12-02,24.359
"9159","SEAFOOD",2017-07-28,30.571
"9160","SEAFOOD",2017-01-28,42.43
"9161","SEAFOOD",2016-09-17,119.6
"9162","SEAFOOD",2017-01-27,7.252
"9163","SEAFOOD",2017-03-03,37.089
"9164","SEAFOOD",2015-11-14,22.065
"9165","SEAFOOD",2016-03-18,15.996
"9166","SEAFOOD",2017-07-03,26.466
"9167","SEAFOOD",2016-10-29,116.31
"9168","SEAFOOD",2016-06-21,1
"9169","SEAFOOD",2017-05-08,21.374
"9170","SEAFOOD",2016-11-28,9.852
"9171","SEAFOOD",2017-04-03,16.803
"9172","SEAFOOD",2016-03-04,49.971
"9173","SEAFOOD",2017-08-04,16.598
"9174","SEAFOOD",2016-04-02,59.877
"9175","SEAFOOD",2015-11-28,86.209
"9176","SEAFOOD",2016-02-15,32.101
"9177","SEAFOOD",2016-05-02,23.91
"9178","SEAFOOD",2015-10-26,23.411
"9179","SEAFOOD",2017-03-06,25.156
"9180","SEAFOOD",2016-12-02,65.194
"9181","SEAFOOD",2017-05-23,35.523
"9182","SEAFOOD",2017-05-19,42.901
"9183","SEAFOOD",2017-03-03,6.387
"9184","SEAFOOD",2016-05-13,9.525
"9185","SEAFOOD",2017-08-05,26.063
"9186","SEAFOOD",2017-04-17,30.225
"9187","SEAFOOD",2017-01-06,15.352
"9188","SEAFOOD",2017-05-08,24.952
"9189","SEAFOOD",2017-03-21,43.342
"9190","SEAFOOD",2015-12-14,64.026
"9191","SEAFOOD",2017-03-02,70.241
"9192","SEAFOOD",2016-07-01,52.838
"9193","SEAFOOD",2017-04-11,51.362
"9194","SEAFOOD",2016-07-24,9.750999
"9195","SEAFOOD",2015-11-14,157.54
"9196","SEAFOOD",2015-11-19,104.533
"9197","SEAFOOD",2017-03-13,5.434
"9198","SEAFOOD",2016-05-11,5
"9199","SEAFOOD",2016-06-25,90.801
"9200","SEAFOOD",2017-06-05,35.376
"9201","SEAFOOD",2016-10-12,8.101
"9202","SEAFOOD",2015-12-16,15.089001
"9203","SEAFOOD",2016-02-17,29.427
"9204","SEAFOOD",2016-11-24,117.58
"9205","SEAFOOD",2017-01-31,96.223
"9206","SEAFOOD",2016-06-13,2
"9207","SEAFOOD",2016-05-06,113.606
"9208","SEAFOOD",2017-03-28,5
"9209","SEAFOOD",2017-08-09,39.369
"9210","SEAFOOD",2015-11-02,72.73
"9211","SEAFOOD",2015-10-07,36.866
"9212","SEAFOOD",2016-11-24,56.191
"9213","SEAFOOD",2016-10-09,36.949
"9214","SEAFOOD",2016-04-12,84.535995
"9215","SEAFOOD",2016-10-07,111.118
"9216","SEAFOOD",2015-10-24,76.14
"9217","SEAFOOD",2016-09-14,14.194
"9218","SEAFOOD",2017-03-29,7
"9219","SEAFOOD",2016-05-02,11.343
"9220","SEAFOOD",2016-01-06,43.170002
"9221","SEAFOOD",2016-11-29,3
"9222","SEAFOOD",2015-10-17,62.089
"9223","SEAFOOD",2016-10-05,59.577
"9224","SEAFOOD",2017-01-16,32.065
"9225","SEAFOOD",2016-11-02,0
"9226","SEAFOOD",2017-01-15,33.209
"9227","SEAFOOD",2015-10-19,17.234
"9228","SEAFOOD",2017-05-13,31.736
"9229","SEAFOOD",2017-08-01,53.205
"9230","SEAFOOD",2016-09-19,7.6879997
"9231","SEAFOOD",2017-08-09,32.756
"9232","SEAFOOD",2016-01-06,25.417
"9233","SEAFOOD",2017-04-17,20.934
"9234","SEAFOOD",2016-11-05,1
"9235","SEAFOOD",2017-03-11,11.128
"9236","SEAFOOD",2015-11-24,22.424
"9237","SEAFOOD",2016-12-26,22.449
"9238","SEAFOOD",2015-09-28,54.579002
"9239","SEAFOOD",2015-12-13,29.758999
"9240","SEAFOOD",2017-01-07,18.886
"9241","SEAFOOD",2015-10-10,44.547
"9242","SEAFOOD",2015-12-29,24.804
"9243","SEAFOOD",2016-05-14,88.048004
"9244","SEAFOOD",2016-07-17,21.568
"9245","SEAFOOD",2017-04-17,35.242
"9246","SEAFOOD",2016-05-27,19.054
"9247","SEAFOOD",2016-10-20,4.526
"9248","SEAFOOD",2017-07-18,24.921
"9249","SEAFOOD",2016-06-01,21.586
"9250","SEAFOOD",2016-12-18,25.215
"9251","SEAFOOD",2016-03-22,20.726
"9252","SEAFOOD",2017-04-14,8.834
"9253","SEAFOOD",2016-03-16,35.512
"9254","SEAFOOD",2016-08-30,28.405
"9255","SEAFOOD",2017-04-03,47.911
"9256","SEAFOOD",2016-08-08,42.157
"9257","SEAFOOD",2016-01-21,62.847
"9258","SEAFOOD",2016-07-18,33.671
"9259","SEAFOOD",2016-12-25,36.738
"9260","SEAFOOD",2016-04-09,84.666
"9261","SEAFOOD",2016-07-23,64.542
"9262","SEAFOOD",2017-01-11,18.498
"9263","SEAFOOD",2017-08-03,70.834
"9264","SEAFOOD",2016-03-07,22.524
"9265","SEAFOOD",2017-04-27,128.107
"9266","SEAFOOD",2017-05-15,100.357
"9267","SEAFOOD",2016-08-23,15.062
"9268","SEAFOOD",2015-12-18,30.067
"9269","SEAFOOD",2017-03-13,52.365
"9270","SEAFOOD",2016-08-23,91.611
"9271","SEAFOOD",2015-10-26,39.753
"9272","SEAFOOD",2016-01-14,77.346
"9273","SEAFOOD",2017-03-17,8.652
"9274","SEAFOOD",2016-11-19,31
"9275","SEAFOOD",2016-07-02,33.094
"9276","SEAFOOD",2016-09-19,40.072
"9277","SEAFOOD",2015-12-12,82.207
"9278","SEAFOOD",2015-10-30,13.441999
"9279","SEAFOOD",2017-03-08,34.267
"9280","SEAFOOD",2015-12-13,39.281002
"9281","SEAFOOD",2017-03-14,13.232
"9282","SEAFOOD",2017-01-24,36.02
"9283","SEAFOOD",2015-11-12,37.201
"9284","SEAFOOD",2015-10-07,28.232
"9285","SEAFOOD",2016-12-25,2
"9286","SEAFOOD",2017-01-30,34.699
"9287","SEAFOOD",2016-02-02,29.562
"9288","SEAFOOD",2017-07-06,120.245
"9289","SEAFOOD",2017-05-25,81.521
"9290","SEAFOOD",2016-02-21,42.883
"9291","SEAFOOD",2017-02-22,78.466
"9292","SEAFOOD",2016-11-14,2
"9293","SEAFOOD",2016-05-25,10.625
"9294","SEAFOOD",2017-07-03,40.386
"9295","SEAFOOD",2015-12-01,36.411
"9296","SEAFOOD",2017-04-14,86.067
"9297","SEAFOOD",2016-07-15,34.799
"9298","SEAFOOD",2017-07-27,54.392
"9299","SEAFOOD",2017-07-02,4
"9300","SEAFOOD",2016-01-27,24.822
"9301","SEAFOOD",2017-08-10,1
"9302","SEAFOOD",2017-04-02,35.613
"9303","SEAFOOD",2017-06-02,4.722
"9304","SEAFOOD",2015-09-30,30.882
"9305","SEAFOOD",2017-05-06,43.591
"9306","SEAFOOD",2017-08-02,33.546
"9307","SEAFOOD",2016-11-27,4
"9308","SEAFOOD",2016-05-04,33.547
"9309","SEAFOOD",2017-05-17,23.923
"9310","SEAFOOD",2015-12-04,19.674
"9311","SEAFOOD",2016-08-17,31.098
"9312","SEAFOOD",2016-02-13,78.746
"9313","SEAFOOD",2017-01-23,39.98
"9314","SEAFOOD",2016-01-15,54.314
"9315","SEAFOOD",2016-02-21,10.848
"9316","SEAFOOD",2017-08-11,71.917
"9317","SEAFOOD",2015-09-17,11.113
"9318","SEAFOOD",2016-10-25,22
"9319","SEAFOOD",2016-06-25,67.959
"9320","SEAFOOD",2015-09-27,123.159
"9321","SEAFOOD",2017-02-25,42.085
"9322","SEAFOOD",2017-04-01,45.598
"9323","SEAFOOD",2015-12-28,16.201
"9324","SEAFOOD",2016-01-31,17.418
"9325","SEAFOOD",2015-11-08,55.867
"9326","SEAFOOD",2016-10-04,26.363
"9327","SEAFOOD",2016-12-28,1
"9328","SEAFOOD",2016-10-30,35.838
"9329","SEAFOOD",2017-04-03,26.766
"9330","SEAFOOD",2016-09-25,42.711998
"9331","SEAFOOD",2016-12-19,7
"9332","SEAFOOD",2017-02-19,28.671
"9333","SEAFOOD",2016-02-19,17.251999
"9334","SEAFOOD",2017-01-27,17
"9335","SEAFOOD",2017-02-07,0
"9336","SEAFOOD",2016-09-03,9.4
"9337","SEAFOOD",2017-02-08,83.569
"9338","SEAFOOD",2017-02-23,9
"9339","SEAFOOD",2016-04-03,52.119
"9340","SEAFOOD",2016-03-23,23.61
"9341","SEAFOOD",2016-10-18,10
"9342","SEAFOOD",2016-10-23,5
"9343","SEAFOOD",2017-03-31,55.781
"9344","SEAFOOD",2016-01-24,47.568
"9345","SEAFOOD",2016-12-05,3
"9346","SEAFOOD",2016-05-22,23.093
"9347","SEAFOOD",2016-12-15,44.93
"9348","SEAFOOD",2016-05-17,46.685
"9349","SEAFOOD",2016-07-12,0
"9350","SEAFOOD",2016-12-02,27.927
"9351","SEAFOOD",2016-07-08,49.222
"9352","SEAFOOD",2015-09-25,22.646
"9353","SEAFOOD",2015-09-21,24.956
"9354","SEAFOOD",2016-05-16,11.41
"9355","SEAFOOD",2016-08-24,2
"9356","SEAFOOD",2017-07-16,4
"9357","SEAFOOD",2017-01-08,42.464
"9358","SEAFOOD",2016-06-14,36.531
"9359","SEAFOOD",2016-08-15,17
"9360","SEAFOOD",2015-12-04,20.158
"9361","SEAFOOD",2016-11-22,8.398
"9362","SEAFOOD",2017-05-29,15.73
"9363","SEAFOOD",2016-07-13,17.334
"9364","SEAFOOD",2017-02-23,160.462
"9365","SEAFOOD",2017-04-22,36.578
"9366","SEAFOOD",2016-08-08,3
"9367","SEAFOOD",2017-01-31,40.644
"9368","SEAFOOD",2017-05-31,26.222
"9369","SEAFOOD",2017-02-26,19
"9370","SEAFOOD",2015-12-25,17.764
"9371","SEAFOOD",2017-05-23,30.7
"9372","SEAFOOD",2017-05-26,70.865
"9373","SEAFOOD",2015-10-14,21.952
"9374","SEAFOOD",2016-04-10,3
"9375","SEAFOOD",2015-10-12,26.193
"9376","SEAFOOD",2015-09-26,19.458
"9377","SEAFOOD",2017-06-24,24.196
"9378","SEAFOOD",2016-07-20,34.51
"9379","SEAFOOD",2016-12-16,23.594
"9380","SEAFOOD",2017-05-24,74.006
"9381","SEAFOOD",2016-06-12,58.873
"9382","SEAFOOD",2016-09-03,69.876
"9383","SEAFOOD",2017-06-11,14.974
"9384","SEAFOOD",2016-06-05,8
"9385","SEAFOOD",2015-09-30,15.309999
"9386","SEAFOOD",2017-07-03,48.781
"9387","SEAFOOD",2016-07-22,1
"9388","SEAFOOD",2015-11-27,129.197
"9389","SEAFOOD",2016-11-23,12.3550005
"9390","SEAFOOD",2017-03-22,24.804
"9391","SEAFOOD",2016-04-03,41.812
"9392","SEAFOOD",2017-02-05,12.389999
"9393","SEAFOOD",2015-12-26,12.063
"9394","SEAFOOD",2016-12-07,25.999
"9395","SEAFOOD",2016-08-19,63.001
"9396","SEAFOOD",2017-06-01,185.097
"9397","SEAFOOD",2016-07-31,21.645
"9398","SEAFOOD",2015-11-03,21.201
"9399","SEAFOOD",2017-02-24,24.431
"9400","SEAFOOD",2016-08-18,82.289
"9401","SEAFOOD",2017-06-28,10.250999
"9402","SEAFOOD",2016-09-09,100.579
"9403","SEAFOOD",2017-07-21,40.197
"9404","SEAFOOD",2016-04-26,31.98
"9405","SEAFOOD",2015-10-03,15
"9406","SEAFOOD",2016-09-05,9.868
"9407","SEAFOOD",2016-02-22,17.924
"9408","SEAFOOD",2015-11-19,143.064
"9409","SEAFOOD",2017-03-17,74.039
"9410","SEAFOOD",2016-09-23,58.781998
"9411","SEAFOOD",2017-05-28,51.154
"9412","SEAFOOD",2015-09-21,7
"9413","SEAFOOD",2016-07-03,12.83
"9414","SEAFOOD",2016-06-18,28.147999
"9415","SEAFOOD",2017-05-21,2
"9416","SEAFOOD",2017-04-18,6.594
"9417","SEAFOOD",2016-03-12,51.199997
"9418","SEAFOOD",2015-09-19,13.994
"9419","SEAFOOD",2015-10-23,7.913
"9420","SEAFOOD",2017-06-29,3
"9421","SEAFOOD",2016-08-24,26.927
"9422","SEAFOOD",2015-10-09,24.604
"9423","SEAFOOD",2017-06-24,10.854
"9424","SEAFOOD",2016-09-20,52.582
"9425","SEAFOOD",2016-04-19,30.023
"9426","SEAFOOD",2017-03-01,45.863
"9427","SEAFOOD",2016-05-20,10.798
"9428","SEAFOOD",2015-11-01,22.95
"9429","SEAFOOD",2015-12-07,34.741
"9430","SEAFOOD",2015-10-01,95.340996
"9431","SEAFOOD",2017-08-09,14.259
"9432","SEAFOOD",2016-07-27,23.702
"9433","SEAFOOD",2016-12-14,2
"9434","SEAFOOD",2016-03-21,32.875
"9435","SEAFOOD",2016-08-13,21.727001
"9436","SEAFOOD",2017-07-28,24.553
"9437","SEAFOOD",2017-06-11,23.368
"9438","SEAFOOD",2017-03-03,42.18
"9439","SEAFOOD",2016-01-08,41.921
"9440","SEAFOOD",2015-11-02,62.792
"9441","SEAFOOD",2017-05-02,49.614
"9442","SEAFOOD",2016-11-18,6.56
"9443","SEAFOOD",2015-12-25,0
"9444","SEAFOOD",2015-10-14,32.56
"9445","SEAFOOD",2017-01-27,57.004997
"9446","SEAFOOD",2016-10-24,4.4119997
"9447","SEAFOOD",2015-11-13,50.697
"9448","SEAFOOD",2016-07-16,40.782
"9449","SEAFOOD",2017-03-13,25.576
"9450","SEAFOOD",2015-10-28,41.582
"9451","SEAFOOD",2017-06-29,23.56
"9452","SEAFOOD",2017-01-19,1
"9453","SEAFOOD",2017-07-08,55.517
"9454","SEAFOOD",2016-12-28,26.741001
"9455","SEAFOOD",2016-08-16,105.714
"9456","SEAFOOD",2016-12-12,28.807
"9457","SEAFOOD",2017-02-12,42.806
"9458","SEAFOOD",2016-01-22,72.923996
"9459","SEAFOOD",2016-07-16,3
"9460","SEAFOOD",2016-04-13,33.799
"9461","SEAFOOD",2016-06-19,66.979004
"9462","SEAFOOD",2016-05-31,36.954
"9463","SEAFOOD",2015-09-16,3
"9464","SEAFOOD",2017-02-21,43.91
"9465","SEAFOOD",2016-04-10,25.136
"9466","SEAFOOD",2017-05-30,17.480999
"9467","SEAFOOD",2015-11-29,39.357
"9468","SEAFOOD",2016-09-19,85.944
"9469","SEAFOOD",2017-05-02,119.131996
"9470","SEAFOOD",2015-10-22,13.784
"9471","SEAFOOD",2017-02-12,11
"9472","SEAFOOD",2016-06-08,15.329
"9473","SEAFOOD",2017-01-18,10.762
"9474","SEAFOOD",2017-01-13,9
"9475","SEAFOOD",2017-04-19,23.203
"9476","SEAFOOD",2016-07-10,74.722
"9477","SEAFOOD",2015-10-02,189.649
"9478","SEAFOOD",2017-04-25,40.652
"9479","SEAFOOD",2016-08-01,4
"9480","SEAFOOD",2016-01-18,26.867
"9481","SEAFOOD",2016-09-24,47.862
"9482","SEAFOOD",2016-02-12,41.789
"9483","SEAFOOD",2016-06-02,72.507
"9484","SEAFOOD",2016-10-25,12.209
"9485","SEAFOOD",2017-06-17,27.076
"9486","SEAFOOD",2016-03-10,42.491
"9487","SEAFOOD",2016-08-26,39.812
"9488","SEAFOOD",2016-12-05,36.142
"9489","SEAFOOD",2016-11-03,33.336
"9490","SEAFOOD",2017-05-30,37.394
"9491","SEAFOOD",2015-11-17,49.283
"9492","SEAFOOD",2015-10-16,70.337
"9493","SEAFOOD",2017-07-02,21.947
"9494","SEAFOOD",2016-01-06,2
"9495","SEAFOOD",2016-09-09,33.829
"9496","SEAFOOD",2015-11-19,20.043
"9497","SEAFOOD",2017-02-24,52.564
"9498","SEAFOOD",2017-01-30,17.671
"9499","SEAFOOD",2016-01-15,46.008
"9500","SEAFOOD",2016-10-03,38.371002
"9501","SEAFOOD",2016-11-09,8.6779995
"9502","SEAFOOD",2016-09-03,73.288
"9503","SEAFOOD",2016-05-18,75.333
"9504","SEAFOOD",2016-02-02,43.361
"9505","SEAFOOD",2016-11-10,11.75
"9506","SEAFOOD",2016-03-23,35.527
"9507","SEAFOOD",2016-05-11,20.655
"9508","SEAFOOD",2016-12-11,33.222
"9509","SEAFOOD",2017-07-29,19.909
"9510","SEAFOOD",2016-02-23,30.868
"9511","SEAFOOD",2017-06-01,11
"9512","SEAFOOD",2017-05-10,40.636
"9513","SEAFOOD",2016-02-03,39.495
"9514","SEAFOOD",2016-06-21,73.65
"9515","SEAFOOD",2017-05-31,5.916
"9516","SEAFOOD",2016-07-12,50.509003
"9517","SEAFOOD",2016-09-29,147.33301
"9518","SEAFOOD",2017-04-24,33.118
"9519","SEAFOOD",2017-02-06,8.264
"9520","SEAFOOD",2016-08-27,67.698
"9521","SEAFOOD",2015-11-22,30.24
